compound,SMILES,box,pose,dG
"1,2,4-Trimethylbenzene",Cc1ccc(C)c(C)c1,0,0,-1.793
"1,2,4-Trimethylbenzene",Cc1ccc(C)c(C)c1,0,1,-1.785
"1,2,4-Trimethylbenzene",Cc1ccc(C)c(C)c1,0,2,-1.777
"1,2,4-Trimethylbenzene",Cc1ccc(C)c(C)c1,0,3,-1.763
"1,2,4-Trimethylbenzene",Cc1ccc(C)c(C)c1,0,4,-1.702
"1,2,4-Trimethylbenzene",Cc1ccc(C)c(C)c1,0,5,-1.678
"1,2,4-Trimethylbenzene",Cc1ccc(C)c(C)c1,0,6,-1.666
"1,2,4-Trimethylbenzene",Cc1ccc(C)c(C)c1,0,7,-1.603
"1,2,4-Trimethylbenzene",Cc1ccc(C)c(C)c1,1,8,-5.44
"1,2,4-Trimethylbenzene",Cc1ccc(C)c(C)c1,1,9,-4.422
"1,2,4-Trimethylbenzene",Cc1ccc(C)c(C)c1,1,10,-3.997
"1,2,4-Trimethylbenzene",Cc1ccc(C)c(C)c1,1,11,-3.961
"1,2,4-Trimethylbenzene",Cc1ccc(C)c(C)c1,1,12,-3.844
"1,2,4-Trimethylbenzene",Cc1ccc(C)c(C)c1,1,13,-3.838
"1,2,4-Trimethylbenzene",Cc1ccc(C)c(C)c1,1,14,-3.794
"1,2,4-Trimethylbenzene",Cc1ccc(C)c(C)c1,1,15,-3.793
"1,2,4-Trimethylbenzene",Cc1ccc(C)c(C)c1,1,16,-3.772
"1,2,4-Trimethylbenzene",Cc1ccc(C)c(C)c1,2,17,-4.65
"1,2,4-Trimethylbenzene",Cc1ccc(C)c(C)c1,2,18,-4.468
"1,2,4-Trimethylbenzene",Cc1ccc(C)c(C)c1,2,19,-4.385
"1,2,4-Trimethylbenzene",Cc1ccc(C)c(C)c1,2,20,-4.363
"1,2,4-Trimethylbenzene",Cc1ccc(C)c(C)c1,2,21,-4.199
"1,2,4-Trimethylbenzene",Cc1ccc(C)c(C)c1,2,22,-4.179
"1,2,4-Trimethylbenzene",Cc1ccc(C)c(C)c1,2,23,-4.089
"1,2,4-Trimethylbenzene",Cc1ccc(C)c(C)c1,2,24,-3.785
"1,2,4-Trimethylbenzene",Cc1ccc(C)c(C)c1,3,25,-5.905
"1,2,4-Trimethylbenzene",Cc1ccc(C)c(C)c1,3,26,-5.856
"1,2,4-Trimethylbenzene",Cc1ccc(C)c(C)c1,3,27,-5.827
"1,2,4-Trimethylbenzene",Cc1ccc(C)c(C)c1,3,28,-5.419
"1,2,4-Trimethylbenzene",Cc1ccc(C)c(C)c1,3,29,-5.284
"1,2,4-Trimethylbenzene",Cc1ccc(C)c(C)c1,3,30,-5.122
"1,2,4-Trimethylbenzene",Cc1ccc(C)c(C)c1,3,31,-5.113
"1,2,4-Trimethylbenzene",Cc1ccc(C)c(C)c1,3,32,-5.044
"1,2,4-Trimethylbenzene",Cc1ccc(C)c(C)c1,4,33,-5.366
"1,2,4-Trimethylbenzene",Cc1ccc(C)c(C)c1,4,34,-5.327
"1,2,4-Trimethylbenzene",Cc1ccc(C)c(C)c1,4,35,-5.241
"1,2,4-Trimethylbenzene",Cc1ccc(C)c(C)c1,4,36,-5.182
"1,2,4-Trimethylbenzene",Cc1ccc(C)c(C)c1,4,37,-5.169
"1,2,4-Trimethylbenzene",Cc1ccc(C)c(C)c1,4,38,-5.074
"1,2,4-Trimethylbenzene",Cc1ccc(C)c(C)c1,4,39,-4.912
"1,2,4-Trimethylbenzene",Cc1ccc(C)c(C)c1,4,40,-4.834
"1,2,4-Trimethylbenzene",Cc1ccc(C)c(C)c1,5,41,-6.203
"1,2,4-Trimethylbenzene",Cc1ccc(C)c(C)c1,5,42,-5.877
"1,2,4-Trimethylbenzene",Cc1ccc(C)c(C)c1,5,43,-5.799
"1,2,4-Trimethylbenzene",Cc1ccc(C)c(C)c1,5,44,-5.759
"1,2,4-Trimethylbenzene",Cc1ccc(C)c(C)c1,5,45,-5.269
"1,2,4-Trimethylbenzene",Cc1ccc(C)c(C)c1,5,46,-4.241
"1,2,4-Trimethylbenzene",Cc1ccc(C)c(C)c1,5,47,-4.121
"1,2,4-Trimethylbenzene",Cc1ccc(C)c(C)c1,6,48,-1.939
"1,2,4-Trimethylbenzene",Cc1ccc(C)c(C)c1,6,49,-1.835
"1,2,4-Trimethylbenzene",Cc1ccc(C)c(C)c1,6,50,-1.77
"1,2,4-Trimethylbenzene",Cc1ccc(C)c(C)c1,6,51,-1.763
"1,2,4-Trimethylbenzene",Cc1ccc(C)c(C)c1,6,52,-1.671
"1,2,4-Trimethylbenzene",Cc1ccc(C)c(C)c1,6,53,-1.647
"1,2,4-Trimethylbenzene",Cc1ccc(C)c(C)c1,6,54,-1.572
"1,2,4-Trimethylbenzene",Cc1ccc(C)c(C)c1,7,55,-3.359
"1,2,4-Trimethylbenzene",Cc1ccc(C)c(C)c1,7,56,-3.306
"1,2,4-Trimethylbenzene",Cc1ccc(C)c(C)c1,7,57,-3.101
"1,2,4-Trimethylbenzene",Cc1ccc(C)c(C)c1,7,58,-2.96
"1,2,4-Trimethylbenzene",Cc1ccc(C)c(C)c1,7,59,-2.895
"1,2,4-Trimethylbenzene",Cc1ccc(C)c(C)c1,7,60,-2.869
"1,2,4-Trimethylbenzene",Cc1ccc(C)c(C)c1,7,61,-2.787
"1,2,4-Trimethylbenzene",Cc1ccc(C)c(C)c1,7,62,-2.78
"1,2,4-Trimethylbenzene",Cc1ccc(C)c(C)c1,7,63,-2.744
"1,2,4-Trimethylbenzene",Cc1ccc(C)c(C)c1,8,64,-4.66
"1,2,4-Trimethylbenzene",Cc1ccc(C)c(C)c1,8,65,-4.648
"1,2,4-Trimethylbenzene",Cc1ccc(C)c(C)c1,8,66,-4.133
"1,2,4-Trimethylbenzene",Cc1ccc(C)c(C)c1,8,67,-4.066
"1,2,4-Trimethylbenzene",Cc1ccc(C)c(C)c1,8,68,-3.722
"1,2,4-Trimethylbenzene",Cc1ccc(C)c(C)c1,8,69,-3.496
"1,2,4-Trimethylbenzene",Cc1ccc(C)c(C)c1,8,70,-3.428
"1,2-Dichlorobenzene",Clc1ccccc1Cl,0,0,-1.636
"1,2-Dichlorobenzene",Clc1ccccc1Cl,0,1,-1.601
"1,2-Dichlorobenzene",Clc1ccccc1Cl,0,2,-1.593
"1,2-Dichlorobenzene",Clc1ccccc1Cl,0,3,-1.573
"1,2-Dichlorobenzene",Clc1ccccc1Cl,0,4,-1.563
"1,2-Dichlorobenzene",Clc1ccccc1Cl,0,5,-1.541
"1,2-Dichlorobenzene",Clc1ccccc1Cl,0,6,-1.527
"1,2-Dichlorobenzene",Clc1ccccc1Cl,0,7,-1.487
"1,2-Dichlorobenzene",Clc1ccccc1Cl,1,8,-4.412
"1,2-Dichlorobenzene",Clc1ccccc1Cl,1,9,-4.388
"1,2-Dichlorobenzene",Clc1ccccc1Cl,1,10,-3.924
"1,2-Dichlorobenzene",Clc1ccccc1Cl,1,11,-3.839
"1,2-Dichlorobenzene",Clc1ccccc1Cl,1,12,-3.806
"1,2-Dichlorobenzene",Clc1ccccc1Cl,1,13,-3.735
"1,2-Dichlorobenzene",Clc1ccccc1Cl,1,14,-3.473
"1,2-Dichlorobenzene",Clc1ccccc1Cl,1,15,-3.443
"1,2-Dichlorobenzene",Clc1ccccc1Cl,1,16,-3.443
"1,2-Dichlorobenzene",Clc1ccccc1Cl,2,17,-3.891
"1,2-Dichlorobenzene",Clc1ccccc1Cl,2,18,-3.816
"1,2-Dichlorobenzene",Clc1ccccc1Cl,2,19,-3.711
"1,2-Dichlorobenzene",Clc1ccccc1Cl,2,20,-3.689
"1,2-Dichlorobenzene",Clc1ccccc1Cl,2,21,-3.661
"1,2-Dichlorobenzene",Clc1ccccc1Cl,2,22,-3.479
"1,2-Dichlorobenzene",Clc1ccccc1Cl,2,23,-3.423
"1,2-Dichlorobenzene",Clc1ccccc1Cl,2,24,-3.397
"1,2-Dichlorobenzene",Clc1ccccc1Cl,2,25,-3.38
"1,2-Dichlorobenzene",Clc1ccccc1Cl,3,26,-5.006
"1,2-Dichlorobenzene",Clc1ccccc1Cl,3,27,-4.957
"1,2-Dichlorobenzene",Clc1ccccc1Cl,3,28,-4.861
"1,2-Dichlorobenzene",Clc1ccccc1Cl,3,29,-4.842
"1,2-Dichlorobenzene",Clc1ccccc1Cl,3,30,-4.833
"1,2-Dichlorobenzene",Clc1ccccc1Cl,3,31,-4.694
"1,2-Dichlorobenzene",Clc1ccccc1Cl,4,32,-4.498
"1,2-Dichlorobenzene",Clc1ccccc1Cl,4,33,-4.466
"1,2-Dichlorobenzene",Clc1ccccc1Cl,4,34,-4.383
"1,2-Dichlorobenzene",Clc1ccccc1Cl,4,35,-4.278
"1,2-Dichlorobenzene",Clc1ccccc1Cl,4,36,-4.226
"1,2-Dichlorobenzene",Clc1ccccc1Cl,4,37,-4.218
"1,2-Dichlorobenzene",Clc1ccccc1Cl,4,38,-4.217
"1,2-Dichlorobenzene",Clc1ccccc1Cl,4,39,-4.202
"1,2-Dichlorobenzene",Clc1ccccc1Cl,4,40,-4.193
"1,2-Dichlorobenzene",Clc1ccccc1Cl,5,41,-5.141
"1,2-Dichlorobenzene",Clc1ccccc1Cl,5,42,-5.139
"1,2-Dichlorobenzene",Clc1ccccc1Cl,5,43,-5.115
"1,2-Dichlorobenzene",Clc1ccccc1Cl,5,44,-5.076
"1,2-Dichlorobenzene",Clc1ccccc1Cl,5,45,-5.075
"1,2-Dichlorobenzene",Clc1ccccc1Cl,5,46,-5.05
"1,2-Dichlorobenzene",Clc1ccccc1Cl,5,47,-4.861
"1,2-Dichlorobenzene",Clc1ccccc1Cl,5,48,-4.854
"1,2-Dichlorobenzene",Clc1ccccc1Cl,5,49,-4.561
"1,2-Dichlorobenzene",Clc1ccccc1Cl,6,50,-1.865
"1,2-Dichlorobenzene",Clc1ccccc1Cl,6,51,-1.579
"1,2-Dichlorobenzene",Clc1ccccc1Cl,6,52,-1.565
"1,2-Dichlorobenzene",Clc1ccccc1Cl,6,53,-1.545
"1,2-Dichlorobenzene",Clc1ccccc1Cl,6,54,-1.522
"1,2-Dichlorobenzene",Clc1ccccc1Cl,6,55,-1.515
"1,2-Dichlorobenzene",Clc1ccccc1Cl,6,56,-1.486
"1,2-Dichlorobenzene",Clc1ccccc1Cl,6,57,-1.479
"1,2-Dichlorobenzene",Clc1ccccc1Cl,6,58,-1.465
"1,2-Dichlorobenzene",Clc1ccccc1Cl,7,59,-3.053
"1,2-Dichlorobenzene",Clc1ccccc1Cl,7,60,-2.947
"1,2-Dichlorobenzene",Clc1ccccc1Cl,7,61,-2.905
"1,2-Dichlorobenzene",Clc1ccccc1Cl,7,62,-2.852
"1,2-Dichlorobenzene",Clc1ccccc1Cl,7,63,-2.803
"1,2-Dichlorobenzene",Clc1ccccc1Cl,7,64,-2.794
"1,2-Dichlorobenzene",Clc1ccccc1Cl,7,65,-2.652
"1,2-Dichlorobenzene",Clc1ccccc1Cl,7,66,-2.569
"1,2-Dichlorobenzene",Clc1ccccc1Cl,8,67,-4.239
"1,2-Dichlorobenzene",Clc1ccccc1Cl,8,68,-3.934
"1,2-Dichlorobenzene",Clc1ccccc1Cl,8,69,-3.932
"1,2-Dichlorobenzene",Clc1ccccc1Cl,8,70,-3.923
"1,2-Dichlorobenzene",Clc1ccccc1Cl,8,71,-3.894
"1,2-Dichlorobenzene",Clc1ccccc1Cl,8,72,-3.739
"1,2-Dichlorobenzene",Clc1ccccc1Cl,8,73,-3.69
1-Hexanol,CCCCCCO,0,0,-1.672
1-Hexanol,CCCCCCO,0,1,-1.647
1-Hexanol,CCCCCCO,0,2,-1.562
1-Hexanol,CCCCCCO,1,3,-3.776
1-Hexanol,CCCCCCO,1,4,-3.773
1-Hexanol,CCCCCCO,1,5,-3.674
1-Hexanol,CCCCCCO,1,6,-3.297
1-Hexanol,CCCCCCO,1,7,-3.258
1-Hexanol,CCCCCCO,1,8,-3.215
1-Hexanol,CCCCCCO,1,9,-2.995
1-Hexanol,CCCCCCO,1,10,-2.854
1-Hexanol,CCCCCCO,2,11,-2.995
1-Hexanol,CCCCCCO,2,12,-2.959
1-Hexanol,CCCCCCO,2,13,-2.873
1-Hexanol,CCCCCCO,2,14,-2.866
1-Hexanol,CCCCCCO,2,15,-2.79
1-Hexanol,CCCCCCO,2,16,-2.775
1-Hexanol,CCCCCCO,2,17,-2.769
1-Hexanol,CCCCCCO,2,18,-2.704
1-Hexanol,CCCCCCO,3,19,-4.232
1-Hexanol,CCCCCCO,3,20,-3.947
1-Hexanol,CCCCCCO,3,21,-3.946
1-Hexanol,CCCCCCO,3,22,-3.896
1-Hexanol,CCCCCCO,3,23,-3.727
1-Hexanol,CCCCCCO,3,24,-3.369
1-Hexanol,CCCCCCO,3,25,-3.354
1-Hexanol,CCCCCCO,3,26,-3.317
1-Hexanol,CCCCCCO,4,27,-3.947
1-Hexanol,CCCCCCO,4,28,-3.797
1-Hexanol,CCCCCCO,4,29,-3.683
1-Hexanol,CCCCCCO,4,30,-3.669
1-Hexanol,CCCCCCO,4,31,-3.584
1-Hexanol,CCCCCCO,4,32,-3.584
1-Hexanol,CCCCCCO,4,33,-3.479
1-Hexanol,CCCCCCO,4,34,-3.468
1-Hexanol,CCCCCCO,5,35,-4.129
1-Hexanol,CCCCCCO,5,36,-3.979
1-Hexanol,CCCCCCO,5,37,-3.91
1-Hexanol,CCCCCCO,5,38,-3.802
1-Hexanol,CCCCCCO,5,39,-3.712
1-Hexanol,CCCCCCO,5,40,-3.645
1-Hexanol,CCCCCCO,6,41,-1.275
1-Hexanol,CCCCCCO,6,42,-1.209
1-Hexanol,CCCCCCO,6,43,-1.173
1-Hexanol,CCCCCCO,6,44,-1.158
1-Hexanol,CCCCCCO,6,45,-1.154
1-Hexanol,CCCCCCO,6,46,-1.111
1-Hexanol,CCCCCCO,6,47,-1.109
1-Hexanol,CCCCCCO,6,48,-1.094
1-Hexanol,CCCCCCO,6,49,-1.048
1-Hexanol,CCCCCCO,7,50,-2.466
1-Hexanol,CCCCCCO,7,51,-2.288
1-Hexanol,CCCCCCO,7,52,-2.251
1-Hexanol,CCCCCCO,7,53,-2.246
1-Hexanol,CCCCCCO,7,54,-2.178
1-Hexanol,CCCCCCO,7,55,-2.159
1-Hexanol,CCCCCCO,7,56,-2.134
1-Hexanol,CCCCCCO,8,57,-3.161
1-Hexanol,CCCCCCO,8,58,-3.096
1-Hexanol,CCCCCCO,8,59,-3.083
1-Hexanol,CCCCCCO,8,60,-2.895
1-Hexanol,CCCCCCO,8,61,-2.813
1-Hexanol,CCCCCCO,8,62,-2.784
Benzene,c1ccccc1,0,0,-1.398
Benzene,c1ccccc1,0,1,-1.364
Benzene,c1ccccc1,0,2,-1.363
Benzene,c1ccccc1,0,3,-1.28
Benzene,c1ccccc1,1,4,-3.716
Benzene,c1ccccc1,1,5,-3.654
Benzene,c1ccccc1,1,6,-3.65
Benzene,c1ccccc1,1,7,-3.644
Benzene,c1ccccc1,1,8,-3.51
Benzene,c1ccccc1,1,9,-3.474
Benzene,c1ccccc1,1,10,-3.35
Benzene,c1ccccc1,1,11,-3.288
Benzene,c1ccccc1,2,12,-3.428
Benzene,c1ccccc1,2,13,-3.406
Benzene,c1ccccc1,3,14,-4.805
Benzene,c1ccccc1,3,15,-4.778
Benzene,c1ccccc1,3,16,-4.601
Benzene,c1ccccc1,4,17,-4.378
Benzene,c1ccccc1,4,18,-3.94
Benzene,c1ccccc1,4,19,-3.799
Benzene,c1ccccc1,4,20,-3.749
Benzene,c1ccccc1,5,21,-4.201
Benzene,c1ccccc1,5,22,-4.196
Benzene,c1ccccc1,5,23,-4.196
Benzene,c1ccccc1,5,24,-4.175
Benzene,c1ccccc1,5,25,-3.984
Benzene,c1ccccc1,6,26,-1.801
Benzene,c1ccccc1,6,27,-1.649
Benzene,c1ccccc1,6,28,-1.55
Benzene,c1ccccc1,6,29,-1.526
Benzene,c1ccccc1,6,30,-1.461
Benzene,c1ccccc1,6,31,-1.405
Benzene,c1ccccc1,6,32,-1.399
Benzene,c1ccccc1,7,33,-2.804
Benzene,c1ccccc1,7,34,-2.794
Benzene,c1ccccc1,7,35,-2.531
Benzene,c1ccccc1,7,36,-2.518
Benzene,c1ccccc1,7,37,-2.295
Benzene,c1ccccc1,8,38,-4.899
Benzene,c1ccccc1,8,39,-3.673
Benzene,c1ccccc1,8,40,-3.603
Carbon tetrachloride,ClC(Cl)(Cl)Cl,0,0,-1.217
Carbon tetrachloride,ClC(Cl)(Cl)Cl,0,1,-1.214
Carbon tetrachloride,ClC(Cl)(Cl)Cl,0,2,-1.207
Carbon tetrachloride,ClC(Cl)(Cl)Cl,0,3,-1.117
Carbon tetrachloride,ClC(Cl)(Cl)Cl,0,4,-1.116
Carbon tetrachloride,ClC(Cl)(Cl)Cl,0,5,-1.114
Carbon tetrachloride,ClC(Cl)(Cl)Cl,0,6,-1.111
Carbon tetrachloride,ClC(Cl)(Cl)Cl,0,7,-1.109
Carbon tetrachloride,ClC(Cl)(Cl)Cl,0,8,-1.093
Carbon tetrachloride,ClC(Cl)(Cl)Cl,1,9,-2.813
Carbon tetrachloride,ClC(Cl)(Cl)Cl,1,10,-2.654
Carbon tetrachloride,ClC(Cl)(Cl)Cl,1,11,-2.623
Carbon tetrachloride,ClC(Cl)(Cl)Cl,1,12,-2.558
Carbon tetrachloride,ClC(Cl)(Cl)Cl,1,13,-2.524
Carbon tetrachloride,ClC(Cl)(Cl)Cl,1,14,-2.483
Carbon tetrachloride,ClC(Cl)(Cl)Cl,1,15,-2.177
Carbon tetrachloride,ClC(Cl)(Cl)Cl,1,16,-2.17
Carbon tetrachloride,ClC(Cl)(Cl)Cl,1,17,-2.167
Carbon tetrachloride,ClC(Cl)(Cl)Cl,2,18,-2.39
Carbon tetrachloride,ClC(Cl)(Cl)Cl,2,19,-2.381
Carbon tetrachloride,ClC(Cl)(Cl)Cl,2,20,-2.378
Carbon tetrachloride,ClC(Cl)(Cl)Cl,2,21,-2.373
Carbon tetrachloride,ClC(Cl)(Cl)Cl,2,22,-2.362
Carbon tetrachloride,ClC(Cl)(Cl)Cl,2,23,-2.34
Carbon tetrachloride,ClC(Cl)(Cl)Cl,2,24,-2.311
Carbon tetrachloride,ClC(Cl)(Cl)Cl,2,25,-2.302
Carbon tetrachloride,ClC(Cl)(Cl)Cl,3,26,-3.387
Carbon tetrachloride,ClC(Cl)(Cl)Cl,3,27,-3.321
Carbon tetrachloride,ClC(Cl)(Cl)Cl,3,28,-3.321
Carbon tetrachloride,ClC(Cl)(Cl)Cl,3,29,-3.32
Carbon tetrachloride,ClC(Cl)(Cl)Cl,3,30,-3.286
Carbon tetrachloride,ClC(Cl)(Cl)Cl,3,31,-3.246
Carbon tetrachloride,ClC(Cl)(Cl)Cl,3,32,-3.221
Carbon tetrachloride,ClC(Cl)(Cl)Cl,3,33,-3.19
Carbon tetrachloride,ClC(Cl)(Cl)Cl,3,34,-3.134
Carbon tetrachloride,ClC(Cl)(Cl)Cl,4,35,-3.284
Carbon tetrachloride,ClC(Cl)(Cl)Cl,4,36,-3.282
Carbon tetrachloride,ClC(Cl)(Cl)Cl,4,37,-3.279
Carbon tetrachloride,ClC(Cl)(Cl)Cl,4,38,-3.271
Carbon tetrachloride,ClC(Cl)(Cl)Cl,4,39,-3.267
Carbon tetrachloride,ClC(Cl)(Cl)Cl,4,40,-3.267
Carbon tetrachloride,ClC(Cl)(Cl)Cl,4,41,-3.259
Carbon tetrachloride,ClC(Cl)(Cl)Cl,4,42,-3.256
Carbon tetrachloride,ClC(Cl)(Cl)Cl,4,43,-3.249
Carbon tetrachloride,ClC(Cl)(Cl)Cl,5,44,-3.31
Carbon tetrachloride,ClC(Cl)(Cl)Cl,5,45,-3.305
Carbon tetrachloride,ClC(Cl)(Cl)Cl,5,46,-3.296
Carbon tetrachloride,ClC(Cl)(Cl)Cl,5,47,-3.277
Carbon tetrachloride,ClC(Cl)(Cl)Cl,5,48,-3.266
Carbon tetrachloride,ClC(Cl)(Cl)Cl,5,49,-3.069
Carbon tetrachloride,ClC(Cl)(Cl)Cl,5,50,-3.058
Carbon tetrachloride,ClC(Cl)(Cl)Cl,5,51,-3.026
Carbon tetrachloride,ClC(Cl)(Cl)Cl,5,52,-3.019
Carbon tetrachloride,ClC(Cl)(Cl)Cl,6,53,-1.286
Carbon tetrachloride,ClC(Cl)(Cl)Cl,6,54,-1.179
Carbon tetrachloride,ClC(Cl)(Cl)Cl,6,55,-1.171
Carbon tetrachloride,ClC(Cl)(Cl)Cl,6,56,-1.113
Carbon tetrachloride,ClC(Cl)(Cl)Cl,6,57,-1.093
Carbon tetrachloride,ClC(Cl)(Cl)Cl,6,58,-0.948
Carbon tetrachloride,ClC(Cl)(Cl)Cl,7,59,-2.156
Carbon tetrachloride,ClC(Cl)(Cl)Cl,7,60,-2.078
Carbon tetrachloride,ClC(Cl)(Cl)Cl,7,61,-2.059
Carbon tetrachloride,ClC(Cl)(Cl)Cl,7,62,-2.057
Carbon tetrachloride,ClC(Cl)(Cl)Cl,7,63,-2.018
Carbon tetrachloride,ClC(Cl)(Cl)Cl,7,64,-2.012
Carbon tetrachloride,ClC(Cl)(Cl)Cl,7,65,-2.003
Carbon tetrachloride,ClC(Cl)(Cl)Cl,7,66,-1.994
Carbon tetrachloride,ClC(Cl)(Cl)Cl,7,67,-1.976
Carbon tetrachloride,ClC(Cl)(Cl)Cl,8,68,-2.872
Carbon tetrachloride,ClC(Cl)(Cl)Cl,8,69,-2.87
Carbon tetrachloride,ClC(Cl)(Cl)Cl,8,70,-2.858
Carbon tetrachloride,ClC(Cl)(Cl)Cl,8,71,-2.854
Carbon tetrachloride,ClC(Cl)(Cl)Cl,8,72,-2.848
Carbon tetrachloride,ClC(Cl)(Cl)Cl,8,73,-2.847
Carbon tetrachloride,ClC(Cl)(Cl)Cl,8,74,-2.845
Carbon tetrachloride,ClC(Cl)(Cl)Cl,8,75,-2.842
Carbon tetrachloride,ClC(Cl)(Cl)Cl,8,76,-2.828
Halothane,FC(F)(F)C(Cl)Br,0,0,-1.679
Halothane,FC(F)(F)C(Cl)Br,0,1,-1.504
Halothane,FC(F)(F)C(Cl)Br,0,2,-1.443
Halothane,FC(F)(F)C(Cl)Br,0,3,-1.43
Halothane,FC(F)(F)C(Cl)Br,0,4,-1.342
Halothane,FC(F)(F)C(Cl)Br,0,5,-1.338
Halothane,FC(F)(F)C(Cl)Br,0,6,-1.307
Halothane,FC(F)(F)C(Cl)Br,1,7,-3.957
Halothane,FC(F)(F)C(Cl)Br,1,8,-3.857
Halothane,FC(F)(F)C(Cl)Br,1,9,-3.814
Halothane,FC(F)(F)C(Cl)Br,1,10,-3.77
Halothane,FC(F)(F)C(Cl)Br,1,11,-3.591
Halothane,FC(F)(F)C(Cl)Br,1,12,-3.54
Halothane,FC(F)(F)C(Cl)Br,1,13,-3.532
Halothane,FC(F)(F)C(Cl)Br,1,14,-3.474
Halothane,FC(F)(F)C(Cl)Br,1,15,-3.457
Halothane,FC(F)(F)C(Cl)Br,2,16,-3.222
Halothane,FC(F)(F)C(Cl)Br,2,17,-2.98
Halothane,FC(F)(F)C(Cl)Br,2,18,-2.976
Halothane,FC(F)(F)C(Cl)Br,2,19,-2.974
Halothane,FC(F)(F)C(Cl)Br,2,20,-2.906
Halothane,FC(F)(F)C(Cl)Br,2,21,-2.883
Halothane,FC(F)(F)C(Cl)Br,2,22,-2.875
Halothane,FC(F)(F)C(Cl)Br,2,23,-2.85
Halothane,FC(F)(F)C(Cl)Br,3,24,-4.344
Halothane,FC(F)(F)C(Cl)Br,3,25,-4.297
Halothane,FC(F)(F)C(Cl)Br,3,26,-4.121
Halothane,FC(F)(F)C(Cl)Br,3,27,-4.091
Halothane,FC(F)(F)C(Cl)Br,3,28,-4.021
Halothane,FC(F)(F)C(Cl)Br,3,29,-3.933
Halothane,FC(F)(F)C(Cl)Br,4,30,-3.954
Halothane,FC(F)(F)C(Cl)Br,4,31,-3.947
Halothane,FC(F)(F)C(Cl)Br,4,32,-3.769
Halothane,FC(F)(F)C(Cl)Br,4,33,-3.768
Halothane,FC(F)(F)C(Cl)Br,4,34,-3.727
Halothane,FC(F)(F)C(Cl)Br,4,35,-3.652
Halothane,FC(F)(F)C(Cl)Br,4,36,-3.589
Halothane,FC(F)(F)C(Cl)Br,5,37,-4.272
Halothane,FC(F)(F)C(Cl)Br,5,38,-4.219
Halothane,FC(F)(F)C(Cl)Br,5,39,-4.082
Halothane,FC(F)(F)C(Cl)Br,5,40,-4.058
Halothane,FC(F)(F)C(Cl)Br,5,41,-4.022
Halothane,FC(F)(F)C(Cl)Br,5,42,-3.961
Halothane,FC(F)(F)C(Cl)Br,5,43,-3.923
Halothane,FC(F)(F)C(Cl)Br,6,44,-1.466
Halothane,FC(F)(F)C(Cl)Br,6,45,-1.37
Halothane,FC(F)(F)C(Cl)Br,6,46,-1.35
Halothane,FC(F)(F)C(Cl)Br,6,47,-1.338
Halothane,FC(F)(F)C(Cl)Br,6,48,-1.325
Halothane,FC(F)(F)C(Cl)Br,6,49,-1.235
Halothane,FC(F)(F)C(Cl)Br,6,50,-1.164
Halothane,FC(F)(F)C(Cl)Br,7,51,-2.603
Halothane,FC(F)(F)C(Cl)Br,7,52,-2.601
Halothane,FC(F)(F)C(Cl)Br,7,53,-2.555
Halothane,FC(F)(F)C(Cl)Br,7,54,-2.428
Halothane,FC(F)(F)C(Cl)Br,7,55,-2.388
Halothane,FC(F)(F)C(Cl)Br,7,56,-2.343
Halothane,FC(F)(F)C(Cl)Br,7,57,-2.322
Halothane,FC(F)(F)C(Cl)Br,7,58,-2.276
Halothane,FC(F)(F)C(Cl)Br,8,59,-3.837
Halothane,FC(F)(F)C(Cl)Br,8,60,-3.56
Halothane,FC(F)(F)C(Cl)Br,8,61,-3.226
Halothane,FC(F)(F)C(Cl)Br,8,62,-3.183
Halothane,FC(F)(F)C(Cl)Br,8,63,-3.165
Halothane,FC(F)(F)C(Cl)Br,8,64,-3.046
Enflurane,FC(F)OC(F)(F)C(F)Cl,0,0,-2.133
Enflurane,FC(F)OC(F)(F)C(F)Cl,0,1,-2.032
Enflurane,FC(F)OC(F)(F)C(F)Cl,0,2,-2.024
Enflurane,FC(F)OC(F)(F)C(F)Cl,0,3,-2.003
Enflurane,FC(F)OC(F)(F)C(F)Cl,0,4,-1.985
Enflurane,FC(F)OC(F)(F)C(F)Cl,0,5,-1.913
Enflurane,FC(F)OC(F)(F)C(F)Cl,0,6,-1.817
Enflurane,FC(F)OC(F)(F)C(F)Cl,1,7,-5.085
Enflurane,FC(F)OC(F)(F)C(F)Cl,1,8,-4.492
Enflurane,FC(F)OC(F)(F)C(F)Cl,1,9,-4.464
Enflurane,FC(F)OC(F)(F)C(F)Cl,1,10,-4.414
Enflurane,FC(F)OC(F)(F)C(F)Cl,1,11,-4.001
Enflurane,FC(F)OC(F)(F)C(F)Cl,1,12,-3.907
Enflurane,FC(F)OC(F)(F)C(F)Cl,1,13,-3.819
Enflurane,FC(F)OC(F)(F)C(F)Cl,1,14,-3.813
Enflurane,FC(F)OC(F)(F)C(F)Cl,2,15,-4.06
Enflurane,FC(F)OC(F)(F)C(F)Cl,2,16,-3.592
Enflurane,FC(F)OC(F)(F)C(F)Cl,2,17,-3.567
Enflurane,FC(F)OC(F)(F)C(F)Cl,2,18,-3.51
Enflurane,FC(F)OC(F)(F)C(F)Cl,2,19,-3.468
Enflurane,FC(F)OC(F)(F)C(F)Cl,2,20,-3.42
Enflurane,FC(F)OC(F)(F)C(F)Cl,2,21,-3.374
Enflurane,FC(F)OC(F)(F)C(F)Cl,2,22,-3.347
Enflurane,FC(F)OC(F)(F)C(F)Cl,3,23,-5.208
Enflurane,FC(F)OC(F)(F)C(F)Cl,3,24,-5.029
Enflurane,FC(F)OC(F)(F)C(F)Cl,3,25,-4.919
Enflurane,FC(F)OC(F)(F)C(F)Cl,3,26,-4.839
Enflurane,FC(F)OC(F)(F)C(F)Cl,3,27,-4.755
Enflurane,FC(F)OC(F)(F)C(F)Cl,3,28,-4.753
Enflurane,FC(F)OC(F)(F)C(F)Cl,4,29,-5.196
Enflurane,FC(F)OC(F)(F)C(F)Cl,4,30,-4.821
Enflurane,FC(F)OC(F)(F)C(F)Cl,4,31,-4.792
Enflurane,FC(F)OC(F)(F)C(F)Cl,4,32,-4.79
Enflurane,FC(F)OC(F)(F)C(F)Cl,4,33,-4.713
Enflurane,FC(F)OC(F)(F)C(F)Cl,4,34,-4.707
Enflurane,FC(F)OC(F)(F)C(F)Cl,4,35,-4.565
Enflurane,FC(F)OC(F)(F)C(F)Cl,4,36,-4.54
Enflurane,FC(F)OC(F)(F)C(F)Cl,4,37,-4.497
Enflurane,FC(F)OC(F)(F)C(F)Cl,5,38,-5.155
Enflurane,FC(F)OC(F)(F)C(F)Cl,5,39,-4.952
Enflurane,FC(F)OC(F)(F)C(F)Cl,5,40,-4.911
Enflurane,FC(F)OC(F)(F)C(F)Cl,5,41,-4.781
Enflurane,FC(F)OC(F)(F)C(F)Cl,5,42,-4.649
Enflurane,FC(F)OC(F)(F)C(F)Cl,6,43,-1.613
Enflurane,FC(F)OC(F)(F)C(F)Cl,6,44,-1.553
Enflurane,FC(F)OC(F)(F)C(F)Cl,6,45,-1.533
Enflurane,FC(F)OC(F)(F)C(F)Cl,6,46,-1.437
Enflurane,FC(F)OC(F)(F)C(F)Cl,6,47,-1.402
Enflurane,FC(F)OC(F)(F)C(F)Cl,6,48,-1.36
Enflurane,FC(F)OC(F)(F)C(F)Cl,6,49,-1.314
Enflurane,FC(F)OC(F)(F)C(F)Cl,6,50,-1.294
Enflurane,FC(F)OC(F)(F)C(F)Cl,6,51,-1.245
Enflurane,FC(F)OC(F)(F)C(F)Cl,7,52,-2.763
Enflurane,FC(F)OC(F)(F)C(F)Cl,7,53,-2.761
Enflurane,FC(F)OC(F)(F)C(F)Cl,7,54,-2.758
Enflurane,FC(F)OC(F)(F)C(F)Cl,7,55,-2.719
Enflurane,FC(F)OC(F)(F)C(F)Cl,7,56,-2.711
Enflurane,FC(F)OC(F)(F)C(F)Cl,7,57,-2.65
Enflurane,FC(F)OC(F)(F)C(F)Cl,7,58,-2.639
Enflurane,FC(F)OC(F)(F)C(F)Cl,7,59,-2.638
Enflurane,FC(F)OC(F)(F)C(F)Cl,7,60,-2.616
Enflurane,FC(F)OC(F)(F)C(F)Cl,8,61,-4.133
Enflurane,FC(F)OC(F)(F)C(F)Cl,8,62,-4.07
Enflurane,FC(F)OC(F)(F)C(F)Cl,8,63,-3.882
Enflurane,FC(F)OC(F)(F)C(F)Cl,8,64,-3.85
Enflurane,FC(F)OC(F)(F)C(F)Cl,8,65,-3.83
Enflurane,FC(F)OC(F)(F)C(F)Cl,8,66,-3.721
Enflurane,FC(F)OC(F)(F)C(F)Cl,8,67,-3.674
Enflurane,FC(F)OC(F)(F)C(F)Cl,8,68,-3.651
Isoflurane,FC(F)OC(Cl)C(F)(F)F,0,0,-2.04
Isoflurane,FC(F)OC(Cl)C(F)(F)F,0,1,-1.814
Isoflurane,FC(F)OC(Cl)C(F)(F)F,0,2,-1.761
Isoflurane,FC(F)OC(Cl)C(F)(F)F,0,3,-1.753
Isoflurane,FC(F)OC(Cl)C(F)(F)F,0,4,-1.738
Isoflurane,FC(F)OC(Cl)C(F)(F)F,1,5,-4.851
Isoflurane,FC(F)OC(Cl)C(F)(F)F,1,6,-4.606
Isoflurane,FC(F)OC(Cl)C(F)(F)F,1,7,-4.579
Isoflurane,FC(F)OC(Cl)C(F)(F)F,1,8,-4.486
Isoflurane,FC(F)OC(Cl)C(F)(F)F,1,9,-4.473
Isoflurane,FC(F)OC(Cl)C(F)(F)F,1,10,-4.453
Isoflurane,FC(F)OC(Cl)C(F)(F)F,1,11,-4.16
Isoflurane,FC(F)OC(Cl)C(F)(F)F,1,12,-4.131
Isoflurane,FC(F)OC(Cl)C(F)(F)F,1,13,-4.13
Isoflurane,FC(F)OC(Cl)C(F)(F)F,2,14,-3.799
Isoflurane,FC(F)OC(Cl)C(F)(F)F,2,15,-3.776
Isoflurane,FC(F)OC(Cl)C(F)(F)F,2,16,-3.704
Isoflurane,FC(F)OC(Cl)C(F)(F)F,2,17,-3.658
Isoflurane,FC(F)OC(Cl)C(F)(F)F,2,18,-3.632
Isoflurane,FC(F)OC(Cl)C(F)(F)F,2,19,-3.625
Isoflurane,FC(F)OC(Cl)C(F)(F)F,2,20,-3.61
Isoflurane,FC(F)OC(Cl)C(F)(F)F,2,21,-3.589
Isoflurane,FC(F)OC(Cl)C(F)(F)F,2,22,-3.497
Isoflurane,FC(F)OC(Cl)C(F)(F)F,3,23,-5.382
Isoflurane,FC(F)OC(Cl)C(F)(F)F,3,24,-4.988
Isoflurane,FC(F)OC(Cl)C(F)(F)F,3,25,-4.85
Isoflurane,FC(F)OC(Cl)C(F)(F)F,3,26,-4.788
Isoflurane,FC(F)OC(Cl)C(F)(F)F,3,27,-4.775
Isoflurane,FC(F)OC(Cl)C(F)(F)F,3,28,-4.759
Isoflurane,FC(F)OC(Cl)C(F)(F)F,3,29,-4.688
Isoflurane,FC(F)OC(Cl)C(F)(F)F,4,30,-4.842
Isoflurane,FC(F)OC(Cl)C(F)(F)F,4,31,-4.79
Isoflurane,FC(F)OC(Cl)C(F)(F)F,4,32,-4.721
Isoflurane,FC(F)OC(Cl)C(F)(F)F,4,33,-4.617
Isoflurane,FC(F)OC(Cl)C(F)(F)F,4,34,-4.6
Isoflurane,FC(F)OC(Cl)C(F)(F)F,4,35,-4.525
Isoflurane,FC(F)OC(Cl)C(F)(F)F,4,36,-4.467
Isoflurane,FC(F)OC(Cl)C(F)(F)F,4,37,-4.467
Isoflurane,FC(F)OC(Cl)C(F)(F)F,4,38,-4.417
Isoflurane,FC(F)OC(Cl)C(F)(F)F,5,39,-5.093
Isoflurane,FC(F)OC(Cl)C(F)(F)F,5,40,-5.092
Isoflurane,FC(F)OC(Cl)C(F)(F)F,5,41,-5.033
Isoflurane,FC(F)OC(Cl)C(F)(F)F,5,42,-4.861
Isoflurane,FC(F)OC(Cl)C(F)(F)F,5,43,-4.858
Isoflurane,FC(F)OC(Cl)C(F)(F)F,5,44,-4.585
Isoflurane,FC(F)OC(Cl)C(F)(F)F,5,45,-4.548
Isoflurane,FC(F)OC(Cl)C(F)(F)F,6,46,-1.491
Isoflurane,FC(F)OC(Cl)C(F)(F)F,6,47,-1.359
Isoflurane,FC(F)OC(Cl)C(F)(F)F,6,48,-1.333
Isoflurane,FC(F)OC(Cl)C(F)(F)F,6,49,-1.307
Isoflurane,FC(F)OC(Cl)C(F)(F)F,6,50,-1.268
Isoflurane,FC(F)OC(Cl)C(F)(F)F,6,51,-1.199
Isoflurane,FC(F)OC(Cl)C(F)(F)F,6,52,-1.185
Isoflurane,FC(F)OC(Cl)C(F)(F)F,6,53,-1.171
Isoflurane,FC(F)OC(Cl)C(F)(F)F,6,54,-1.115
Isoflurane,FC(F)OC(Cl)C(F)(F)F,7,55,-2.633
Isoflurane,FC(F)OC(Cl)C(F)(F)F,7,56,-2.609
Isoflurane,FC(F)OC(Cl)C(F)(F)F,7,57,-2.525
Isoflurane,FC(F)OC(Cl)C(F)(F)F,7,58,-2.447
Isoflurane,FC(F)OC(Cl)C(F)(F)F,7,59,-2.44
Isoflurane,FC(F)OC(Cl)C(F)(F)F,7,60,-2.353
Isoflurane,FC(F)OC(Cl)C(F)(F)F,7,61,-2.338
Isoflurane,FC(F)OC(Cl)C(F)(F)F,7,62,-2.312
Isoflurane,FC(F)OC(Cl)C(F)(F)F,8,63,-4.129
Isoflurane,FC(F)OC(Cl)C(F)(F)F,8,64,-3.969
Isoflurane,FC(F)OC(Cl)C(F)(F)F,8,65,-3.958
Isoflurane,FC(F)OC(Cl)C(F)(F)F,8,66,-3.922
Isoflurane,FC(F)OC(Cl)C(F)(F)F,8,67,-3.724
Chlorobenzene,Clc1ccccc1,0,0,-1.507
Chlorobenzene,Clc1ccccc1,0,1,-1.473
Chlorobenzene,Clc1ccccc1,0,2,-1.466
Chlorobenzene,Clc1ccccc1,0,3,-1.414
Chlorobenzene,Clc1ccccc1,0,4,-1.4
Chlorobenzene,Clc1ccccc1,0,5,-1.398
Chlorobenzene,Clc1ccccc1,1,6,-4.319
Chlorobenzene,Clc1ccccc1,1,7,-4.055
Chlorobenzene,Clc1ccccc1,1,8,-3.894
Chlorobenzene,Clc1ccccc1,1,9,-3.74
Chlorobenzene,Clc1ccccc1,1,10,-3.648
Chlorobenzene,Clc1ccccc1,1,11,-3.262
Chlorobenzene,Clc1ccccc1,1,12,-3.117
Chlorobenzene,Clc1ccccc1,1,13,-3.049
Chlorobenzene,Clc1ccccc1,2,14,-3.668
Chlorobenzene,Clc1ccccc1,2,15,-3.56
Chlorobenzene,Clc1ccccc1,2,16,-3.318
Chlorobenzene,Clc1ccccc1,2,17,-3.184
Chlorobenzene,Clc1ccccc1,2,18,-3.169
Chlorobenzene,Clc1ccccc1,2,19,-3.139
Chlorobenzene,Clc1ccccc1,2,20,-3.057
Chlorobenzene,Clc1ccccc1,3,21,-5.101
Chlorobenzene,Clc1ccccc1,3,22,-4.815
Chlorobenzene,Clc1ccccc1,3,23,-4.509
Chlorobenzene,Clc1ccccc1,3,24,-4.352
Chlorobenzene,Clc1ccccc1,3,25,-4.002
Chlorobenzene,Clc1ccccc1,4,26,-4.307
Chlorobenzene,Clc1ccccc1,4,27,-4.126
Chlorobenzene,Clc1ccccc1,4,28,-4.105
Chlorobenzene,Clc1ccccc1,4,29,-3.948
Chlorobenzene,Clc1ccccc1,4,30,-3.894
Chlorobenzene,Clc1ccccc1,4,31,-3.85
Chlorobenzene,Clc1ccccc1,4,32,-3.848
Chlorobenzene,Clc1ccccc1,4,33,-3.833
Chlorobenzene,Clc1ccccc1,5,34,-4.777
Chlorobenzene,Clc1ccccc1,5,35,-4.71
Chlorobenzene,Clc1ccccc1,5,36,-4.627
Chlorobenzene,Clc1ccccc1,5,37,-4.55
Chlorobenzene,Clc1ccccc1,5,38,-4.489
Chlorobenzene,Clc1ccccc1,5,39,-4.472
Chlorobenzene,Clc1ccccc1,6,40,-1.843
Chlorobenzene,Clc1ccccc1,6,41,-1.802
Chlorobenzene,Clc1ccccc1,6,42,-1.572
Chlorobenzene,Clc1ccccc1,6,43,-1.548
Chlorobenzene,Clc1ccccc1,6,44,-1.524
Chlorobenzene,Clc1ccccc1,6,45,-1.357
Chlorobenzene,Clc1ccccc1,6,46,-1.333
Chlorobenzene,Clc1ccccc1,7,47,-2.967
Chlorobenzene,Clc1ccccc1,7,48,-2.782
Chlorobenzene,Clc1ccccc1,7,49,-2.652
Chlorobenzene,Clc1ccccc1,7,50,-2.633
Chlorobenzene,Clc1ccccc1,7,51,-2.622
Chlorobenzene,Clc1ccccc1,7,52,-2.597
Chlorobenzene,Clc1ccccc1,7,53,-2.306
Chlorobenzene,Clc1ccccc1,8,54,-5.04
Chlorobenzene,Clc1ccccc1,8,55,-4.023
Chlorobenzene,Clc1ccccc1,8,56,-3.896
Chlorobenzene,Clc1ccccc1,8,57,-3.758
Chlorobenzene,Clc1ccccc1,8,58,-3.303
Cycloheptane,C1CCCCCC1,0,0,-0.77
Cycloheptane,C1CCCCCC1,0,1,-0.725
Cycloheptane,C1CCCCCC1,0,2,-0.72
Cycloheptane,C1CCCCCC1,0,3,-0.711
Cycloheptane,C1CCCCCC1,0,4,-0.7
Cycloheptane,C1CCCCCC1,0,5,-0.676
Cycloheptane,C1CCCCCC1,0,6,-0.667
Cycloheptane,C1CCCCCC1,0,7,-0.654
Cycloheptane,C1CCCCCC1,0,8,-0.65
Cycloheptane,C1CCCCCC1,1,9,-2.69
Cycloheptane,C1CCCCCC1,1,10,-2.476
Cycloheptane,C1CCCCCC1,1,11,-1.918
Cycloheptane,C1CCCCCC1,1,12,-1.857
Cycloheptane,C1CCCCCC1,1,13,-1.746
Cycloheptane,C1CCCCCC1,1,14,-1.725
Cycloheptane,C1CCCCCC1,1,15,-1.679
Cycloheptane,C1CCCCCC1,1,16,-1.665
Cycloheptane,C1CCCCCC1,1,17,-1.661
Cycloheptane,C1CCCCCC1,2,18,-1.968
Cycloheptane,C1CCCCCC1,2,19,-1.922
Cycloheptane,C1CCCCCC1,2,20,-1.848
Cycloheptane,C1CCCCCC1,2,21,-1.843
Cycloheptane,C1CCCCCC1,2,22,-1.831
Cycloheptane,C1CCCCCC1,2,23,-1.791
Cycloheptane,C1CCCCCC1,2,24,-1.746
Cycloheptane,C1CCCCCC1,2,25,-1.731
Cycloheptane,C1CCCCCC1,2,26,-1.72
Cycloheptane,C1CCCCCC1,3,27,-3.229
Cycloheptane,C1CCCCCC1,3,28,-3.004
Cycloheptane,C1CCCCCC1,3,29,-2.901
Cycloheptane,C1CCCCCC1,3,30,-2.86
Cycloheptane,C1CCCCCC1,3,31,-2.581
Cycloheptane,C1CCCCCC1,4,32,-2.578
Cycloheptane,C1CCCCCC1,4,33,-2.55
Cycloheptane,C1CCCCCC1,4,34,-2.538
Cycloheptane,C1CCCCCC1,4,35,-2.521
Cycloheptane,C1CCCCCC1,4,36,-2.509
Cycloheptane,C1CCCCCC1,4,37,-2.498
Cycloheptane,C1CCCCCC1,4,38,-2.468
Cycloheptane,C1CCCCCC1,4,39,-2.446
Cycloheptane,C1CCCCCC1,5,40,-2.841
Cycloheptane,C1CCCCCC1,5,41,-2.827
Cycloheptane,C1CCCCCC1,5,42,-2.824
Cycloheptane,C1CCCCCC1,5,43,-2.794
Cycloheptane,C1CCCCCC1,5,44,-2.654
Cycloheptane,C1CCCCCC1,5,45,-2.561
Cycloheptane,C1CCCCCC1,5,46,-2.347
Cycloheptane,C1CCCCCC1,5,47,-2.332
Cycloheptane,C1CCCCCC1,6,48,-1.046
Cycloheptane,C1CCCCCC1,6,49,-0.892
Cycloheptane,C1CCCCCC1,6,50,-0.814
Cycloheptane,C1CCCCCC1,6,51,-0.707
Cycloheptane,C1CCCCCC1,6,52,-0.706
Cycloheptane,C1CCCCCC1,6,53,-0.647
Cycloheptane,C1CCCCCC1,6,54,-0.598
Cycloheptane,C1CCCCCC1,6,55,-0.579
Cycloheptane,C1CCCCCC1,7,56,-1.247
Cycloheptane,C1CCCCCC1,7,57,-1.222
Cycloheptane,C1CCCCCC1,7,58,-1.193
Cycloheptane,C1CCCCCC1,7,59,-1.18
Cycloheptane,C1CCCCCC1,7,60,-1.146
Cycloheptane,C1CCCCCC1,7,61,-1.121
Cycloheptane,C1CCCCCC1,7,62,-1.092
Cycloheptane,C1CCCCCC1,7,63,-1.065
Cycloheptane,C1CCCCCC1,7,64,-1.057
Cycloheptane,C1CCCCCC1,8,65,-2.108
Cycloheptane,C1CCCCCC1,8,66,-2.078
Cycloheptane,C1CCCCCC1,8,67,-1.986
Cycloheptane,C1CCCCCC1,8,68,-1.837
Cycloheptane,C1CCCCCC1,8,69,-1.81
Cycloheptane,C1CCCCCC1,8,70,-1.659
Cycloheptane,C1CCCCCC1,8,71,-1.649
Cyclohexane,C1CCCCC1,0,0,-1.388
Cyclohexane,C1CCCCC1,0,1,-1.355
Cyclohexane,C1CCCCC1,0,2,-1.349
Cyclohexane,C1CCCCC1,0,3,-1.327
Cyclohexane,C1CCCCC1,0,4,-1.326
Cyclohexane,C1CCCCC1,0,5,-1.299
Cyclohexane,C1CCCCC1,0,6,-1.248
Cyclohexane,C1CCCCC1,1,7,-3.874
Cyclohexane,C1CCCCC1,1,8,-3.873
Cyclohexane,C1CCCCC1,1,9,-3.868
Cyclohexane,C1CCCCC1,1,10,-3.856
Cyclohexane,C1CCCCC1,1,11,-3.766
Cyclohexane,C1CCCCC1,1,12,-3.744
Cyclohexane,C1CCCCC1,1,13,-3.673
Cyclohexane,C1CCCCC1,1,14,-3.604
Cyclohexane,C1CCCCC1,2,15,-3.333
Cyclohexane,C1CCCCC1,2,16,-3.302
Cyclohexane,C1CCCCC1,2,17,-3.261
Cyclohexane,C1CCCCC1,2,18,-3.258
Cyclohexane,C1CCCCC1,2,19,-2.929
Cyclohexane,C1CCCCC1,2,20,-2.905
Cyclohexane,C1CCCCC1,2,21,-2.844
Cyclohexane,C1CCCCC1,3,22,-4.797
Cyclohexane,C1CCCCC1,3,23,-4.768
Cyclohexane,C1CCCCC1,3,24,-4.753
Cyclohexane,C1CCCCC1,3,25,-4.637
Cyclohexane,C1CCCCC1,4,26,-4.191
Cyclohexane,C1CCCCC1,4,27,-4.148
Cyclohexane,C1CCCCC1,4,28,-4.142
Cyclohexane,C1CCCCC1,4,29,-4.076
Cyclohexane,C1CCCCC1,4,30,-3.673
Cyclohexane,C1CCCCC1,4,31,-3.647
Cyclohexane,C1CCCCC1,4,32,-3.551
Cyclohexane,C1CCCCC1,4,33,-3.49
Cyclohexane,C1CCCCC1,5,34,-4.339
Cyclohexane,C1CCCCC1,5,35,-4.325
Cyclohexane,C1CCCCC1,5,36,-4.205
Cyclohexane,C1CCCCC1,5,37,-4.116
Cyclohexane,C1CCCCC1,5,38,-4.062
Cyclohexane,C1CCCCC1,6,39,-1.609
Cyclohexane,C1CCCCC1,6,40,-1.573
Cyclohexane,C1CCCCC1,6,41,-1.55
Cyclohexane,C1CCCCC1,6,42,-1.277
Cyclohexane,C1CCCCC1,6,43,-1.262
Cyclohexane,C1CCCCC1,6,44,-1.242
Cyclohexane,C1CCCCC1,6,45,-1.187
Cyclohexane,C1CCCCC1,7,46,-3.082
Cyclohexane,C1CCCCC1,7,47,-3.038
Cyclohexane,C1CCCCC1,7,48,-3.032
Cyclohexane,C1CCCCC1,7,49,-2.445
Cyclohexane,C1CCCCC1,7,50,-2.439
Cyclohexane,C1CCCCC1,7,51,-2.431
Cyclohexane,C1CCCCC1,8,52,-4.559
Cyclohexane,C1CCCCC1,8,53,-4.537
Cyclohexane,C1CCCCC1,8,54,-3.475
Cyclohexane,C1CCCCC1,8,55,-3.461
Cyclohexane,C1CCCCC1,8,56,-3.445
Cyclohexane,C1CCCCC1,8,57,-3.436
Ethylbenzene,CCc1ccccc1,0,0,-1.684
Ethylbenzene,CCc1ccccc1,0,1,-1.627
Ethylbenzene,CCc1ccccc1,0,2,-1.568
Ethylbenzene,CCc1ccccc1,0,3,-1.518
Ethylbenzene,CCc1ccccc1,0,4,-1.473
Ethylbenzene,CCc1ccccc1,1,5,-4.804
Ethylbenzene,CCc1ccccc1,1,6,-4.566
Ethylbenzene,CCc1ccccc1,1,7,-4.562
Ethylbenzene,CCc1ccccc1,1,8,-4.247
Ethylbenzene,CCc1ccccc1,1,9,-4.203
Ethylbenzene,CCc1ccccc1,1,10,-3.613
Ethylbenzene,CCc1ccccc1,1,11,-3.517
Ethylbenzene,CCc1ccccc1,1,12,-3.492
Ethylbenzene,CCc1ccccc1,2,13,-3.98
Ethylbenzene,CCc1ccccc1,2,14,-3.88
Ethylbenzene,CCc1ccccc1,2,15,-3.515
Ethylbenzene,CCc1ccccc1,2,16,-3.43
Ethylbenzene,CCc1ccccc1,3,17,-5.571
Ethylbenzene,CCc1ccccc1,3,18,-5.21
Ethylbenzene,CCc1ccccc1,3,19,-5.148
Ethylbenzene,CCc1ccccc1,3,20,-4.805
Ethylbenzene,CCc1ccccc1,3,21,-4.589
Ethylbenzene,CCc1ccccc1,4,22,-4.78
Ethylbenzene,CCc1ccccc1,4,23,-4.43
Ethylbenzene,CCc1ccccc1,4,24,-4.427
Ethylbenzene,CCc1ccccc1,4,25,-4.419
Ethylbenzene,CCc1ccccc1,4,26,-4.341
Ethylbenzene,CCc1ccccc1,4,27,-4.309
Ethylbenzene,CCc1ccccc1,5,28,-5.383
Ethylbenzene,CCc1ccccc1,5,29,-5.371
Ethylbenzene,CCc1ccccc1,5,30,-5.238
Ethylbenzene,CCc1ccccc1,5,31,-5.092
Ethylbenzene,CCc1ccccc1,5,32,-4.63
Ethylbenzene,CCc1ccccc1,5,33,-4.43
Ethylbenzene,CCc1ccccc1,6,34,-1.969
Ethylbenzene,CCc1ccccc1,6,35,-1.773
Ethylbenzene,CCc1ccccc1,6,36,-1.719
Ethylbenzene,CCc1ccccc1,6,37,-1.716
Ethylbenzene,CCc1ccccc1,6,38,-1.667
Ethylbenzene,CCc1ccccc1,6,39,-1.645
Ethylbenzene,CCc1ccccc1,6,40,-1.596
Ethylbenzene,CCc1ccccc1,6,41,-1.545
Ethylbenzene,CCc1ccccc1,7,42,-3.165
Ethylbenzene,CCc1ccccc1,7,43,-3.125
Ethylbenzene,CCc1ccccc1,7,44,-2.897
Ethylbenzene,CCc1ccccc1,7,45,-2.685
Ethylbenzene,CCc1ccccc1,7,46,-2.675
Ethylbenzene,CCc1ccccc1,7,47,-2.628
Ethylbenzene,CCc1ccccc1,7,48,-2.626
Ethylbenzene,CCc1ccccc1,7,49,-2.592
Ethylbenzene,CCc1ccccc1,8,50,-4.116
Ethylbenzene,CCc1ccccc1,8,51,-4.081
Ethylbenzene,CCc1ccccc1,8,52,-3.983
Ethylbenzene,CCc1ccccc1,8,53,-3.901
Ethylbenzene,CCc1ccccc1,8,54,-3.666
Heptane,CCCCCCC,0,0,-1.25
Heptane,CCCCCCC,0,1,-1.208
Heptane,CCCCCCC,0,2,-1.192
Heptane,CCCCCCC,0,3,-1.187
Heptane,CCCCCCC,0,4,-1.144
Heptane,CCCCCCC,0,5,-1.11
Heptane,CCCCCCC,1,6,-3.969
Heptane,CCCCCCC,1,7,-3.814
Heptane,CCCCCCC,1,8,-3.786
Heptane,CCCCCCC,1,9,-3.36
Heptane,CCCCCCC,1,10,-3.338
Heptane,CCCCCCC,1,11,-3.068
Heptane,CCCCCCC,1,12,-2.936
Heptane,CCCCCCC,1,13,-2.872
Heptane,CCCCCCC,1,14,-2.802
Heptane,CCCCCCC,2,15,-2.914
Heptane,CCCCCCC,2,16,-2.898
Heptane,CCCCCCC,2,17,-2.883
Heptane,CCCCCCC,2,18,-2.883
Heptane,CCCCCCC,2,19,-2.877
Heptane,CCCCCCC,3,20,-4.411
Heptane,CCCCCCC,3,21,-4.365
Heptane,CCCCCCC,3,22,-4.202
Heptane,CCCCCCC,3,23,-4.032
Heptane,CCCCCCC,3,24,-4.0
Heptane,CCCCCCC,4,25,-3.741
Heptane,CCCCCCC,4,26,-3.718
Heptane,CCCCCCC,4,27,-3.493
Heptane,CCCCCCC,4,28,-3.467
Heptane,CCCCCCC,4,29,-3.455
Heptane,CCCCCCC,4,30,-3.42
Heptane,CCCCCCC,4,31,-3.399
Heptane,CCCCCCC,5,32,-4.022
Heptane,CCCCCCC,5,33,-4.007
Heptane,CCCCCCC,5,34,-3.976
Heptane,CCCCCCC,5,35,-3.966
Heptane,CCCCCCC,5,36,-3.684
Heptane,CCCCCCC,5,37,-3.641
Heptane,CCCCCCC,5,38,-3.634
Heptane,CCCCCCC,5,39,-3.093
Heptane,CCCCCCC,6,40,-1.535
Heptane,CCCCCCC,6,41,-1.381
Heptane,CCCCCCC,6,42,-1.336
Heptane,CCCCCCC,6,43,-1.294
Heptane,CCCCCCC,6,44,-1.208
Heptane,CCCCCCC,6,45,-1.15
Heptane,CCCCCCC,6,46,-1.145
Heptane,CCCCCCC,6,47,-0.934
Heptane,CCCCCCC,7,48,-2.612
Heptane,CCCCCCC,7,49,-2.475
Heptane,CCCCCCC,7,50,-2.419
Heptane,CCCCCCC,7,51,-2.302
Heptane,CCCCCCC,7,52,-2.282
Heptane,CCCCCCC,7,53,-2.261
Heptane,CCCCCCC,7,54,-2.21
Heptane,CCCCCCC,7,55,-2.134
Heptane,CCCCCCC,7,56,-2.131
Heptane,CCCCCCC,8,57,-3.285
Heptane,CCCCCCC,8,58,-3.242
Heptane,CCCCCCC,8,59,-3.175
Heptane,CCCCCCC,8,60,-3.095
Heptane,CCCCCCC,8,61,-3.036
Hexafluorobenzene,Fc1c(F)c(F)c(F)c(F)c1F,0,0,-1.922
Hexafluorobenzene,Fc1c(F)c(F)c(F)c(F)c1F,0,1,-1.901
Hexafluorobenzene,Fc1c(F)c(F)c(F)c(F)c1F,0,2,-1.886
Hexafluorobenzene,Fc1c(F)c(F)c(F)c(F)c1F,0,3,-1.84
Hexafluorobenzene,Fc1c(F)c(F)c(F)c(F)c1F,0,4,-1.785
Hexafluorobenzene,Fc1c(F)c(F)c(F)c(F)c1F,0,5,-1.781
Hexafluorobenzene,Fc1c(F)c(F)c(F)c(F)c1F,0,6,-1.777
Hexafluorobenzene,Fc1c(F)c(F)c(F)c(F)c1F,0,7,-1.771
Hexafluorobenzene,Fc1c(F)c(F)c(F)c(F)c1F,0,8,-1.768
Hexafluorobenzene,Fc1c(F)c(F)c(F)c(F)c1F,1,9,-5.451
Hexafluorobenzene,Fc1c(F)c(F)c(F)c(F)c1F,1,10,-5.435
Hexafluorobenzene,Fc1c(F)c(F)c(F)c(F)c1F,1,11,-5.414
Hexafluorobenzene,Fc1c(F)c(F)c(F)c(F)c1F,1,12,-5.368
Hexafluorobenzene,Fc1c(F)c(F)c(F)c(F)c1F,1,13,-5.322
Hexafluorobenzene,Fc1c(F)c(F)c(F)c(F)c1F,1,14,-4.302
Hexafluorobenzene,Fc1c(F)c(F)c(F)c(F)c1F,1,15,-4.291
Hexafluorobenzene,Fc1c(F)c(F)c(F)c(F)c1F,1,16,-4.263
Hexafluorobenzene,Fc1c(F)c(F)c(F)c(F)c1F,1,17,-4.191
Hexafluorobenzene,Fc1c(F)c(F)c(F)c(F)c1F,2,18,-4.271
Hexafluorobenzene,Fc1c(F)c(F)c(F)c(F)c1F,2,19,-4.242
Hexafluorobenzene,Fc1c(F)c(F)c(F)c(F)c1F,2,20,-4.204
Hexafluorobenzene,Fc1c(F)c(F)c(F)c(F)c1F,2,21,-4.153
Hexafluorobenzene,Fc1c(F)c(F)c(F)c(F)c1F,2,22,-4.127
Hexafluorobenzene,Fc1c(F)c(F)c(F)c(F)c1F,2,23,-4.095
Hexafluorobenzene,Fc1c(F)c(F)c(F)c(F)c1F,2,24,-4.062
Hexafluorobenzene,Fc1c(F)c(F)c(F)c(F)c1F,3,25,-6.405
Hexafluorobenzene,Fc1c(F)c(F)c(F)c(F)c1F,3,26,-6.389
Hexafluorobenzene,Fc1c(F)c(F)c(F)c(F)c1F,3,27,-6.385
Hexafluorobenzene,Fc1c(F)c(F)c(F)c(F)c1F,3,28,-6.376
Hexafluorobenzene,Fc1c(F)c(F)c(F)c(F)c1F,3,29,-6.374
Hexafluorobenzene,Fc1c(F)c(F)c(F)c(F)c1F,3,30,-6.372
Hexafluorobenzene,Fc1c(F)c(F)c(F)c(F)c1F,3,31,-6.351
Hexafluorobenzene,Fc1c(F)c(F)c(F)c(F)c1F,3,32,-6.33
Hexafluorobenzene,Fc1c(F)c(F)c(F)c(F)c1F,3,33,-6.171
Hexafluorobenzene,Fc1c(F)c(F)c(F)c(F)c1F,4,34,-5.832
Hexafluorobenzene,Fc1c(F)c(F)c(F)c(F)c1F,4,35,-5.772
Hexafluorobenzene,Fc1c(F)c(F)c(F)c(F)c1F,4,36,-5.765
Hexafluorobenzene,Fc1c(F)c(F)c(F)c(F)c1F,4,37,-5.731
Hexafluorobenzene,Fc1c(F)c(F)c(F)c(F)c1F,4,38,-5.703
Hexafluorobenzene,Fc1c(F)c(F)c(F)c(F)c1F,4,39,-5.702
Hexafluorobenzene,Fc1c(F)c(F)c(F)c(F)c1F,4,40,-5.693
Hexafluorobenzene,Fc1c(F)c(F)c(F)c(F)c1F,4,41,-5.593
Hexafluorobenzene,Fc1c(F)c(F)c(F)c(F)c1F,5,42,-6.005
Hexafluorobenzene,Fc1c(F)c(F)c(F)c(F)c1F,5,43,-5.999
Hexafluorobenzene,Fc1c(F)c(F)c(F)c(F)c1F,5,44,-5.976
Hexafluorobenzene,Fc1c(F)c(F)c(F)c(F)c1F,5,45,-5.972
Hexafluorobenzene,Fc1c(F)c(F)c(F)c(F)c1F,5,46,-5.944
Hexafluorobenzene,Fc1c(F)c(F)c(F)c(F)c1F,5,47,-5.923
Hexafluorobenzene,Fc1c(F)c(F)c(F)c(F)c1F,5,48,-5.919
Hexafluorobenzene,Fc1c(F)c(F)c(F)c(F)c1F,5,49,-5.918
Hexafluorobenzene,Fc1c(F)c(F)c(F)c(F)c1F,5,50,-5.914
Hexafluorobenzene,Fc1c(F)c(F)c(F)c(F)c1F,6,51,-1.981
Hexafluorobenzene,Fc1c(F)c(F)c(F)c(F)c1F,6,52,-1.918
Hexafluorobenzene,Fc1c(F)c(F)c(F)c(F)c1F,6,53,-1.89
Hexafluorobenzene,Fc1c(F)c(F)c(F)c(F)c1F,6,54,-1.824
Hexafluorobenzene,Fc1c(F)c(F)c(F)c(F)c1F,6,55,-1.796
Hexafluorobenzene,Fc1c(F)c(F)c(F)c(F)c1F,6,56,-1.74
Hexafluorobenzene,Fc1c(F)c(F)c(F)c(F)c1F,6,57,-1.696
Hexafluorobenzene,Fc1c(F)c(F)c(F)c(F)c1F,6,58,-1.693
Hexafluorobenzene,Fc1c(F)c(F)c(F)c(F)c1F,6,59,-1.687
Hexafluorobenzene,Fc1c(F)c(F)c(F)c(F)c1F,7,60,-3.387
Hexafluorobenzene,Fc1c(F)c(F)c(F)c(F)c1F,7,61,-3.272
Hexafluorobenzene,Fc1c(F)c(F)c(F)c(F)c1F,7,62,-3.009
Hexafluorobenzene,Fc1c(F)c(F)c(F)c(F)c1F,7,63,-2.954
Hexafluorobenzene,Fc1c(F)c(F)c(F)c(F)c1F,7,64,-2.934
Hexafluorobenzene,Fc1c(F)c(F)c(F)c(F)c1F,7,65,-2.93
Hexafluorobenzene,Fc1c(F)c(F)c(F)c(F)c1F,7,66,-2.919
Hexafluorobenzene,Fc1c(F)c(F)c(F)c(F)c1F,7,67,-2.913
Hexafluorobenzene,Fc1c(F)c(F)c(F)c(F)c1F,7,68,-2.851
Hexafluorobenzene,Fc1c(F)c(F)c(F)c(F)c1F,8,69,-5.132
Hexafluorobenzene,Fc1c(F)c(F)c(F)c(F)c1F,8,70,-5.057
Hexafluorobenzene,Fc1c(F)c(F)c(F)c(F)c1F,8,71,-5.049
Hexafluorobenzene,Fc1c(F)c(F)c(F)c(F)c1F,8,72,-5.045
Hexafluorobenzene,Fc1c(F)c(F)c(F)c(F)c1F,8,73,-5.029
Hexafluorobenzene,Fc1c(F)c(F)c(F)c(F)c1F,8,74,-4.994
Hexafluorobenzene,Fc1c(F)c(F)c(F)c(F)c1F,8,75,-4.943
Hexafluorobenzene,Fc1c(F)c(F)c(F)c(F)c1F,8,76,-4.939
Hexafluorobenzene,Fc1c(F)c(F)c(F)c(F)c1F,8,77,-4.866
Hexane,CCCCCC,0,0,-1.269
Hexane,CCCCCC,0,1,-1.198
Hexane,CCCCCC,0,2,-1.135
Hexane,CCCCCC,0,3,-1.135
Hexane,CCCCCC,0,4,-1.126
Hexane,CCCCCC,1,5,-3.609
Hexane,CCCCCC,1,6,-3.57
Hexane,CCCCCC,1,7,-3.351
Hexane,CCCCCC,1,8,-3.298
Hexane,CCCCCC,1,9,-3.297
Hexane,CCCCCC,1,10,-3.273
Hexane,CCCCCC,1,11,-3.039
Hexane,CCCCCC,1,12,-2.535
Hexane,CCCCCC,2,13,-2.779
Hexane,CCCCCC,2,14,-2.766
Hexane,CCCCCC,2,15,-2.758
Hexane,CCCCCC,2,16,-2.757
Hexane,CCCCCC,2,17,-2.739
Hexane,CCCCCC,2,18,-2.659
Hexane,CCCCCC,2,19,-2.614
Hexane,CCCCCC,3,20,-4.091
Hexane,CCCCCC,3,21,-3.942
Hexane,CCCCCC,3,22,-3.904
Hexane,CCCCCC,3,23,-3.888
Hexane,CCCCCC,3,24,-3.836
Hexane,CCCCCC,4,25,-3.511
Hexane,CCCCCC,4,26,-3.461
Hexane,CCCCCC,4,27,-3.433
Hexane,CCCCCC,4,28,-3.379
Hexane,CCCCCC,4,29,-3.314
Hexane,CCCCCC,4,30,-3.304
Hexane,CCCCCC,4,31,-3.26
Hexane,CCCCCC,5,32,-3.978
Hexane,CCCCCC,5,33,-3.823
Hexane,CCCCCC,5,34,-3.56
Hexane,CCCCCC,5,35,-3.553
Hexane,CCCCCC,5,36,-3.434
Hexane,CCCCCC,6,37,-1.31
Hexane,CCCCCC,6,38,-1.054
Hexane,CCCCCC,6,39,-1.021
Hexane,CCCCCC,6,40,-1.008
Hexane,CCCCCC,6,41,-0.972
Hexane,CCCCCC,6,42,-0.97
Hexane,CCCCCC,6,43,-0.951
Hexane,CCCCCC,6,44,-0.932
Hexane,CCCCCC,6,45,-0.88
Hexane,CCCCCC,7,46,-2.697
Hexane,CCCCCC,7,47,-2.253
Hexane,CCCCCC,7,48,-2.252
Hexane,CCCCCC,7,49,-2.23
Hexane,CCCCCC,7,50,-2.178
Hexane,CCCCCC,7,51,-2.094
Hexane,CCCCCC,7,52,-2.083
Hexane,CCCCCC,7,53,-2.082
Hexane,CCCCCC,7,54,-2.062
Hexane,CCCCCC,8,55,-3.454
Hexane,CCCCCC,8,56,-3.395
Hexane,CCCCCC,8,57,-3.025
Hexane,CCCCCC,8,58,-3.003
Hexane,CCCCCC,8,59,-2.945
Hexane,CCCCCC,8,60,-2.904
Hexane,CCCCCC,8,61,-2.897
Hexane,CCCCCC,8,62,-2.769
Methoxyflurane,COC(F)(F)C(Cl)Cl,0,0,-1.914
Methoxyflurane,COC(F)(F)C(Cl)Cl,0,1,-1.829
Methoxyflurane,COC(F)(F)C(Cl)Cl,0,2,-1.733
Methoxyflurane,COC(F)(F)C(Cl)Cl,0,3,-1.623
Methoxyflurane,COC(F)(F)C(Cl)Cl,0,4,-1.55
Methoxyflurane,COC(F)(F)C(Cl)Cl,0,5,-1.482
Methoxyflurane,COC(F)(F)C(Cl)Cl,1,6,-4.16
Methoxyflurane,COC(F)(F)C(Cl)Cl,1,7,-4.115
Methoxyflurane,COC(F)(F)C(Cl)Cl,1,8,-4.072
Methoxyflurane,COC(F)(F)C(Cl)Cl,1,9,-4.018
Methoxyflurane,COC(F)(F)C(Cl)Cl,1,10,-3.91
Methoxyflurane,COC(F)(F)C(Cl)Cl,1,11,-3.886
Methoxyflurane,COC(F)(F)C(Cl)Cl,1,12,-3.829
Methoxyflurane,COC(F)(F)C(Cl)Cl,1,13,-3.251
Methoxyflurane,COC(F)(F)C(Cl)Cl,2,14,-3.529
Methoxyflurane,COC(F)(F)C(Cl)Cl,2,15,-3.347
Methoxyflurane,COC(F)(F)C(Cl)Cl,2,16,-3.115
Methoxyflurane,COC(F)(F)C(Cl)Cl,2,17,-3.08
Methoxyflurane,COC(F)(F)C(Cl)Cl,2,18,-3.049
Methoxyflurane,COC(F)(F)C(Cl)Cl,2,19,-2.998
Methoxyflurane,COC(F)(F)C(Cl)Cl,2,20,-2.989
Methoxyflurane,COC(F)(F)C(Cl)Cl,2,21,-2.977
Methoxyflurane,COC(F)(F)C(Cl)Cl,2,22,-2.972
Methoxyflurane,COC(F)(F)C(Cl)Cl,3,23,-4.395
Methoxyflurane,COC(F)(F)C(Cl)Cl,3,24,-4.168
Methoxyflurane,COC(F)(F)C(Cl)Cl,3,25,-4.157
Methoxyflurane,COC(F)(F)C(Cl)Cl,3,26,-4.02
Methoxyflurane,COC(F)(F)C(Cl)Cl,3,27,-3.988
Methoxyflurane,COC(F)(F)C(Cl)Cl,3,28,-3.887
Methoxyflurane,COC(F)(F)C(Cl)Cl,4,29,-4.403
Methoxyflurane,COC(F)(F)C(Cl)Cl,4,30,-4.378
Methoxyflurane,COC(F)(F)C(Cl)Cl,4,31,-4.303
Methoxyflurane,COC(F)(F)C(Cl)Cl,4,32,-4.15
Methoxyflurane,COC(F)(F)C(Cl)Cl,4,33,-4.082
Methoxyflurane,COC(F)(F)C(Cl)Cl,4,34,-4.0
Methoxyflurane,COC(F)(F)C(Cl)Cl,4,35,-3.9
Methoxyflurane,COC(F)(F)C(Cl)Cl,4,36,-3.831
Methoxyflurane,COC(F)(F)C(Cl)Cl,4,37,-3.765
Methoxyflurane,COC(F)(F)C(Cl)Cl,5,38,-4.255
Methoxyflurane,COC(F)(F)C(Cl)Cl,5,39,-4.147
Methoxyflurane,COC(F)(F)C(Cl)Cl,5,40,-4.126
Methoxyflurane,COC(F)(F)C(Cl)Cl,5,41,-4.022
Methoxyflurane,COC(F)(F)C(Cl)Cl,5,42,-4.02
Methoxyflurane,COC(F)(F)C(Cl)Cl,5,43,-4.014
Methoxyflurane,COC(F)(F)C(Cl)Cl,5,44,-4.005
Methoxyflurane,COC(F)(F)C(Cl)Cl,6,45,-1.623
Methoxyflurane,COC(F)(F)C(Cl)Cl,6,46,-1.388
Methoxyflurane,COC(F)(F)C(Cl)Cl,6,47,-1.311
Methoxyflurane,COC(F)(F)C(Cl)Cl,6,48,-1.269
Methoxyflurane,COC(F)(F)C(Cl)Cl,6,49,-1.235
Methoxyflurane,COC(F)(F)C(Cl)Cl,6,50,-1.18
Methoxyflurane,COC(F)(F)C(Cl)Cl,6,51,-1.164
Methoxyflurane,COC(F)(F)C(Cl)Cl,6,52,-1.124
Methoxyflurane,COC(F)(F)C(Cl)Cl,7,53,-2.856
Methoxyflurane,COC(F)(F)C(Cl)Cl,7,54,-2.44
Methoxyflurane,COC(F)(F)C(Cl)Cl,7,55,-2.376
Methoxyflurane,COC(F)(F)C(Cl)Cl,7,56,-2.346
Methoxyflurane,COC(F)(F)C(Cl)Cl,7,57,-2.33
Methoxyflurane,COC(F)(F)C(Cl)Cl,7,58,-2.299
Methoxyflurane,COC(F)(F)C(Cl)Cl,7,59,-2.277
Methoxyflurane,COC(F)(F)C(Cl)Cl,7,60,-2.276
Methoxyflurane,COC(F)(F)C(Cl)Cl,8,61,-3.765
Methoxyflurane,COC(F)(F)C(Cl)Cl,8,62,-3.319
Methoxyflurane,COC(F)(F)C(Cl)Cl,8,63,-3.129
Methoxyflurane,COC(F)(F)C(Cl)Cl,8,64,-3.126
Methoxyflurane,COC(F)(F)C(Cl)Cl,8,65,-3.109
Methoxyflurane,COC(F)(F)C(Cl)Cl,8,66,-3.078
Methylpentafluorobenzene,Cc1c(F)c(F)c(F)c(F)c1F,0,0,-2.031
Methylpentafluorobenzene,Cc1c(F)c(F)c(F)c(F)c1F,0,1,-2.031
Methylpentafluorobenzene,Cc1c(F)c(F)c(F)c(F)c1F,0,2,-2.005
Methylpentafluorobenzene,Cc1c(F)c(F)c(F)c(F)c1F,0,3,-1.961
Methylpentafluorobenzene,Cc1c(F)c(F)c(F)c(F)c1F,0,4,-1.949
Methylpentafluorobenzene,Cc1c(F)c(F)c(F)c(F)c1F,0,5,-1.934
Methylpentafluorobenzene,Cc1c(F)c(F)c(F)c(F)c1F,0,6,-1.916
Methylpentafluorobenzene,Cc1c(F)c(F)c(F)c(F)c1F,0,7,-1.831
Methylpentafluorobenzene,Cc1c(F)c(F)c(F)c(F)c1F,1,8,-5.07
Methylpentafluorobenzene,Cc1c(F)c(F)c(F)c(F)c1F,1,9,-4.382
Methylpentafluorobenzene,Cc1c(F)c(F)c(F)c(F)c1F,1,10,-4.376
Methylpentafluorobenzene,Cc1c(F)c(F)c(F)c(F)c1F,1,11,-4.356
Methylpentafluorobenzene,Cc1c(F)c(F)c(F)c(F)c1F,1,12,-4.328
Methylpentafluorobenzene,Cc1c(F)c(F)c(F)c(F)c1F,1,13,-4.288
Methylpentafluorobenzene,Cc1c(F)c(F)c(F)c(F)c1F,1,14,-4.256
Methylpentafluorobenzene,Cc1c(F)c(F)c(F)c(F)c1F,2,15,-4.459
Methylpentafluorobenzene,Cc1c(F)c(F)c(F)c(F)c1F,2,16,-4.37
Methylpentafluorobenzene,Cc1c(F)c(F)c(F)c(F)c1F,2,17,-4.348
Methylpentafluorobenzene,Cc1c(F)c(F)c(F)c(F)c1F,2,18,-4.341
Methylpentafluorobenzene,Cc1c(F)c(F)c(F)c(F)c1F,2,19,-4.207
Methylpentafluorobenzene,Cc1c(F)c(F)c(F)c(F)c1F,2,20,-4.178
Methylpentafluorobenzene,Cc1c(F)c(F)c(F)c(F)c1F,2,21,-4.149
Methylpentafluorobenzene,Cc1c(F)c(F)c(F)c(F)c1F,2,22,-4.11
Methylpentafluorobenzene,Cc1c(F)c(F)c(F)c(F)c1F,2,23,-4.052
Methylpentafluorobenzene,Cc1c(F)c(F)c(F)c(F)c1F,3,24,-6.277
Methylpentafluorobenzene,Cc1c(F)c(F)c(F)c(F)c1F,3,25,-6.241
Methylpentafluorobenzene,Cc1c(F)c(F)c(F)c(F)c1F,3,26,-6.208
Methylpentafluorobenzene,Cc1c(F)c(F)c(F)c(F)c1F,3,27,-6.206
Methylpentafluorobenzene,Cc1c(F)c(F)c(F)c(F)c1F,3,28,-6.193
Methylpentafluorobenzene,Cc1c(F)c(F)c(F)c(F)c1F,3,29,-6.148
Methylpentafluorobenzene,Cc1c(F)c(F)c(F)c(F)c1F,3,30,-6.112
Methylpentafluorobenzene,Cc1c(F)c(F)c(F)c(F)c1F,4,31,-5.86
Methylpentafluorobenzene,Cc1c(F)c(F)c(F)c(F)c1F,4,32,-5.84
Methylpentafluorobenzene,Cc1c(F)c(F)c(F)c(F)c1F,4,33,-5.832
Methylpentafluorobenzene,Cc1c(F)c(F)c(F)c(F)c1F,4,34,-5.826
Methylpentafluorobenzene,Cc1c(F)c(F)c(F)c(F)c1F,4,35,-5.76
Methylpentafluorobenzene,Cc1c(F)c(F)c(F)c(F)c1F,4,36,-5.699
Methylpentafluorobenzene,Cc1c(F)c(F)c(F)c(F)c1F,4,37,-5.68
Methylpentafluorobenzene,Cc1c(F)c(F)c(F)c(F)c1F,4,38,-5.647
Methylpentafluorobenzene,Cc1c(F)c(F)c(F)c(F)c1F,5,39,-6.29
Methylpentafluorobenzene,Cc1c(F)c(F)c(F)c(F)c1F,5,40,-6.272
Methylpentafluorobenzene,Cc1c(F)c(F)c(F)c(F)c1F,5,41,-6.246
Methylpentafluorobenzene,Cc1c(F)c(F)c(F)c(F)c1F,5,42,-6.172
Methylpentafluorobenzene,Cc1c(F)c(F)c(F)c(F)c1F,5,43,-5.922
Methylpentafluorobenzene,Cc1c(F)c(F)c(F)c(F)c1F,5,44,-5.664
Methylpentafluorobenzene,Cc1c(F)c(F)c(F)c(F)c1F,5,45,-5.617
Methylpentafluorobenzene,Cc1c(F)c(F)c(F)c(F)c1F,6,46,-1.872
Methylpentafluorobenzene,Cc1c(F)c(F)c(F)c(F)c1F,6,47,-1.856
Methylpentafluorobenzene,Cc1c(F)c(F)c(F)c(F)c1F,6,48,-1.855
Methylpentafluorobenzene,Cc1c(F)c(F)c(F)c(F)c1F,6,49,-1.715
Methylpentafluorobenzene,Cc1c(F)c(F)c(F)c(F)c1F,6,50,-1.714
Methylpentafluorobenzene,Cc1c(F)c(F)c(F)c(F)c1F,6,51,-1.703
Methylpentafluorobenzene,Cc1c(F)c(F)c(F)c(F)c1F,6,52,-1.68
Methylpentafluorobenzene,Cc1c(F)c(F)c(F)c(F)c1F,6,53,-1.655
Methylpentafluorobenzene,Cc1c(F)c(F)c(F)c(F)c1F,7,54,-3.308
Methylpentafluorobenzene,Cc1c(F)c(F)c(F)c(F)c1F,7,55,-3.116
Methylpentafluorobenzene,Cc1c(F)c(F)c(F)c(F)c1F,7,56,-3.103
Methylpentafluorobenzene,Cc1c(F)c(F)c(F)c(F)c1F,7,57,-3.086
Methylpentafluorobenzene,Cc1c(F)c(F)c(F)c(F)c1F,7,58,-2.977
Methylpentafluorobenzene,Cc1c(F)c(F)c(F)c(F)c1F,7,59,-2.973
Methylpentafluorobenzene,Cc1c(F)c(F)c(F)c(F)c1F,7,60,-2.967
Methylpentafluorobenzene,Cc1c(F)c(F)c(F)c(F)c1F,7,61,-2.928
Methylpentafluorobenzene,Cc1c(F)c(F)c(F)c(F)c1F,7,62,-2.919
Methylpentafluorobenzene,Cc1c(F)c(F)c(F)c(F)c1F,8,63,-5.032
Methylpentafluorobenzene,Cc1c(F)c(F)c(F)c(F)c1F,8,64,-5.013
Methylpentafluorobenzene,Cc1c(F)c(F)c(F)c(F)c1F,8,65,-4.994
Methylpentafluorobenzene,Cc1c(F)c(F)c(F)c(F)c1F,8,66,-4.955
Methylpentafluorobenzene,Cc1c(F)c(F)c(F)c(F)c1F,8,67,-4.876
Methylpentafluorobenzene,Cc1c(F)c(F)c(F)c(F)c1F,8,68,-4.875
Methylpentafluorobenzene,Cc1c(F)c(F)c(F)c(F)c1F,8,69,-4.818
Methylpentafluorobenzene,Cc1c(F)c(F)c(F)c(F)c1F,8,70,-4.71
Nonane,CCCCCCCCC,0,0,-1.211
Nonane,CCCCCCCCC,0,1,-1.201
Nonane,CCCCCCCCC,0,2,-1.184
Nonane,CCCCCCCCC,0,3,-1.153
Nonane,CCCCCCCCC,0,4,-1.15
Nonane,CCCCCCCCC,0,5,-1.141
Nonane,CCCCCCCCC,0,6,-1.129
Nonane,CCCCCCCCC,0,7,-1.094
Nonane,CCCCCCCCC,0,8,-1.084
Nonane,CCCCCCCCC,1,9,-4.115
Nonane,CCCCCCCCC,1,10,-3.635
Nonane,CCCCCCCCC,1,11,-3.304
Nonane,CCCCCCCCC,1,12,-3.208
Nonane,CCCCCCCCC,1,13,-3.2
Nonane,CCCCCCCCC,1,14,-3.147
Nonane,CCCCCCCCC,1,15,-3.135
Nonane,CCCCCCCCC,1,16,-3.121
Nonane,CCCCCCCCC,2,17,-3.245
Nonane,CCCCCCCCC,2,18,-3.134
Nonane,CCCCCCCCC,2,19,-3.131
Nonane,CCCCCCCCC,2,20,-3.125
Nonane,CCCCCCCCC,2,21,-3.069
Nonane,CCCCCCCCC,2,22,-3.033
Nonane,CCCCCCCCC,2,23,-3.021
Nonane,CCCCCCCCC,3,24,-4.541
Nonane,CCCCCCCCC,3,25,-4.512
Nonane,CCCCCCCCC,3,26,-4.442
Nonane,CCCCCCCCC,3,27,-4.343
Nonane,CCCCCCCCC,3,28,-4.26
Nonane,CCCCCCCCC,3,29,-4.167
Nonane,CCCCCCCCC,4,30,-4.121
Nonane,CCCCCCCCC,4,31,-4.079
Nonane,CCCCCCCCC,4,32,-4.077
Nonane,CCCCCCCCC,4,33,-3.998
Nonane,CCCCCCCCC,4,34,-3.994
Nonane,CCCCCCCCC,4,35,-3.988
Nonane,CCCCCCCCC,4,36,-3.951
Nonane,CCCCCCCCC,4,37,-3.912
Nonane,CCCCCCCCC,4,38,-3.846
Nonane,CCCCCCCCC,5,39,-4.908
Nonane,CCCCCCCCC,5,40,-4.82
Nonane,CCCCCCCCC,5,41,-4.704
Nonane,CCCCCCCCC,5,42,-3.978
Nonane,CCCCCCCCC,5,43,-3.659
Nonane,CCCCCCCCC,5,44,-3.642
Nonane,CCCCCCCCC,5,45,-3.558
Nonane,CCCCCCCCC,5,46,-3.447
Nonane,CCCCCCCCC,6,47,-1.346
Nonane,CCCCCCCCC,6,48,-1.194
Nonane,CCCCCCCCC,6,49,-1.165
Nonane,CCCCCCCCC,6,50,-1.056
Nonane,CCCCCCCCC,6,51,-0.973
Nonane,CCCCCCCCC,6,52,-0.948
Nonane,CCCCCCCCC,6,53,-0.935
Nonane,CCCCCCCCC,6,54,-0.849
Nonane,CCCCCCCCC,6,55,-0.842
Nonane,CCCCCCCCC,7,56,-2.53
Nonane,CCCCCCCCC,7,57,-2.461
Nonane,CCCCCCCCC,7,58,-2.429
Nonane,CCCCCCCCC,7,59,-2.4
Nonane,CCCCCCCCC,7,60,-2.341
Nonane,CCCCCCCCC,7,61,-2.34
Nonane,CCCCCCCCC,7,62,-2.336
Nonane,CCCCCCCCC,7,63,-2.336
Nonane,CCCCCCCCC,8,64,-4.045
Nonane,CCCCCCCCC,8,65,-3.683
Nonane,CCCCCCCCC,8,66,-3.672
Nonane,CCCCCCCCC,8,67,-3.659
Nonane,CCCCCCCCC,8,68,-3.63
Nonane,CCCCCCCCC,8,69,-3.523
Nonane,CCCCCCCCC,8,70,-3.522
Propylbenzene,CCCc1ccccc1,0,0,-1.7
Propylbenzene,CCCc1ccccc1,0,1,-1.643
Propylbenzene,CCCc1ccccc1,0,2,-1.604
Propylbenzene,CCCc1ccccc1,0,3,-1.58
Propylbenzene,CCCc1ccccc1,0,4,-1.541
Propylbenzene,CCCc1ccccc1,0,5,-1.515
Propylbenzene,CCCc1ccccc1,1,6,-5.06
Propylbenzene,CCCc1ccccc1,1,7,-4.619
Propylbenzene,CCCc1ccccc1,1,8,-4.502
Propylbenzene,CCCc1ccccc1,1,9,-4.112
Propylbenzene,CCCc1ccccc1,1,10,-3.765
Propylbenzene,CCCc1ccccc1,1,11,-3.673
Propylbenzene,CCCc1ccccc1,1,12,-3.613
Propylbenzene,CCCc1ccccc1,1,13,-3.602
Propylbenzene,CCCc1ccccc1,1,14,-3.595
Propylbenzene,CCCc1ccccc1,2,15,-4.031
Propylbenzene,CCCc1ccccc1,2,16,-4.019
Propylbenzene,CCCc1ccccc1,2,17,-3.949
Propylbenzene,CCCc1ccccc1,2,18,-3.945
Propylbenzene,CCCc1ccccc1,2,19,-3.709
Propylbenzene,CCCc1ccccc1,2,20,-3.643
Propylbenzene,CCCc1ccccc1,3,21,-5.646
Propylbenzene,CCCc1ccccc1,3,22,-5.545
Propylbenzene,CCCc1ccccc1,3,23,-5.116
Propylbenzene,CCCc1ccccc1,3,24,-5.051
Propylbenzene,CCCc1ccccc1,3,25,-5.047
Propylbenzene,CCCc1ccccc1,3,26,-4.948
Propylbenzene,CCCc1ccccc1,4,27,-4.923
Propylbenzene,CCCc1ccccc1,4,28,-4.817
Propylbenzene,CCCc1ccccc1,4,29,-4.729
Propylbenzene,CCCc1ccccc1,4,30,-4.621
Propylbenzene,CCCc1ccccc1,4,31,-4.593
Propylbenzene,CCCc1ccccc1,4,32,-4.582
Propylbenzene,CCCc1ccccc1,5,33,-5.738
Propylbenzene,CCCc1ccccc1,5,34,-5.527
Propylbenzene,CCCc1ccccc1,5,35,-5.319
Propylbenzene,CCCc1ccccc1,5,36,-5.205
Propylbenzene,CCCc1ccccc1,5,37,-3.946
Propylbenzene,CCCc1ccccc1,5,38,-3.824
Propylbenzene,CCCc1ccccc1,5,39,-3.767
Propylbenzene,CCCc1ccccc1,6,40,-1.754
Propylbenzene,CCCc1ccccc1,6,41,-1.738
Propylbenzene,CCCc1ccccc1,6,42,-1.712
Propylbenzene,CCCc1ccccc1,6,43,-1.679
Propylbenzene,CCCc1ccccc1,6,44,-1.53
Propylbenzene,CCCc1ccccc1,6,45,-1.484
Propylbenzene,CCCc1ccccc1,6,46,-1.468
Propylbenzene,CCCc1ccccc1,6,47,-1.389
Propylbenzene,CCCc1ccccc1,7,48,-2.994
Propylbenzene,CCCc1ccccc1,7,49,-2.987
Propylbenzene,CCCc1ccccc1,7,50,-2.966
Propylbenzene,CCCc1ccccc1,7,51,-2.848
Propylbenzene,CCCc1ccccc1,7,52,-2.763
Propylbenzene,CCCc1ccccc1,7,53,-2.716
Propylbenzene,CCCc1ccccc1,7,54,-2.661
Propylbenzene,CCCc1ccccc1,8,55,-4.13
Propylbenzene,CCCc1ccccc1,8,56,-4.102
Propylbenzene,CCCc1ccccc1,8,57,-4.058
Propylbenzene,CCCc1ccccc1,8,58,-3.973
Propylbenzene,CCCc1ccccc1,8,59,-3.604
Tetrachloroethene,ClC(Cl)=C(Cl)Cl,0,0,-1.39
Tetrachloroethene,ClC(Cl)=C(Cl)Cl,0,1,-1.346
Tetrachloroethene,ClC(Cl)=C(Cl)Cl,0,2,-1.29
Tetrachloroethene,ClC(Cl)=C(Cl)Cl,0,3,-1.287
Tetrachloroethene,ClC(Cl)=C(Cl)Cl,0,4,-1.266
Tetrachloroethene,ClC(Cl)=C(Cl)Cl,0,5,-1.219
Tetrachloroethene,ClC(Cl)=C(Cl)Cl,0,6,-1.207
Tetrachloroethene,ClC(Cl)=C(Cl)Cl,0,7,-1.181
Tetrachloroethene,ClC(Cl)=C(Cl)Cl,0,8,-1.16
Tetrachloroethene,ClC(Cl)=C(Cl)Cl,1,9,-3.447
Tetrachloroethene,ClC(Cl)=C(Cl)Cl,1,10,-3.416
Tetrachloroethene,ClC(Cl)=C(Cl)Cl,1,11,-3.254
Tetrachloroethene,ClC(Cl)=C(Cl)Cl,1,12,-3.17
Tetrachloroethene,ClC(Cl)=C(Cl)Cl,1,13,-3.167
Tetrachloroethene,ClC(Cl)=C(Cl)Cl,1,14,-3.123
Tetrachloroethene,ClC(Cl)=C(Cl)Cl,1,15,-3.114
Tetrachloroethene,ClC(Cl)=C(Cl)Cl,1,16,-3.105
Tetrachloroethene,ClC(Cl)=C(Cl)Cl,1,17,-2.673
Tetrachloroethene,ClC(Cl)=C(Cl)Cl,2,18,-2.847
Tetrachloroethene,ClC(Cl)=C(Cl)Cl,2,19,-2.815
Tetrachloroethene,ClC(Cl)=C(Cl)Cl,2,20,-2.751
Tetrachloroethene,ClC(Cl)=C(Cl)Cl,2,21,-2.689
Tetrachloroethene,ClC(Cl)=C(Cl)Cl,2,22,-2.679
Tetrachloroethene,ClC(Cl)=C(Cl)Cl,2,23,-2.676
Tetrachloroethene,ClC(Cl)=C(Cl)Cl,2,24,-2.661
Tetrachloroethene,ClC(Cl)=C(Cl)Cl,2,25,-2.661
Tetrachloroethene,ClC(Cl)=C(Cl)Cl,2,26,-2.656
Tetrachloroethene,ClC(Cl)=C(Cl)Cl,3,27,-4.003
Tetrachloroethene,ClC(Cl)=C(Cl)Cl,3,28,-3.996
Tetrachloroethene,ClC(Cl)=C(Cl)Cl,3,29,-3.991
Tetrachloroethene,ClC(Cl)=C(Cl)Cl,3,30,-3.957
Tetrachloroethene,ClC(Cl)=C(Cl)Cl,3,31,-3.746
Tetrachloroethene,ClC(Cl)=C(Cl)Cl,3,32,-3.667
Tetrachloroethene,ClC(Cl)=C(Cl)Cl,3,33,-3.661
Tetrachloroethene,ClC(Cl)=C(Cl)Cl,4,34,-3.66
Tetrachloroethene,ClC(Cl)=C(Cl)Cl,4,35,-3.583
Tetrachloroethene,ClC(Cl)=C(Cl)Cl,4,36,-3.532
Tetrachloroethene,ClC(Cl)=C(Cl)Cl,4,37,-3.502
Tetrachloroethene,ClC(Cl)=C(Cl)Cl,4,38,-3.475
Tetrachloroethene,ClC(Cl)=C(Cl)Cl,4,39,-3.224
Tetrachloroethene,ClC(Cl)=C(Cl)Cl,4,40,-3.171
Tetrachloroethene,ClC(Cl)=C(Cl)Cl,4,41,-3.153
Tetrachloroethene,ClC(Cl)=C(Cl)Cl,4,42,-3.089
Tetrachloroethene,ClC(Cl)=C(Cl)Cl,5,43,-3.78
Tetrachloroethene,ClC(Cl)=C(Cl)Cl,5,44,-3.742
Tetrachloroethene,ClC(Cl)=C(Cl)Cl,5,45,-3.741
Tetrachloroethene,ClC(Cl)=C(Cl)Cl,5,46,-3.719
Tetrachloroethene,ClC(Cl)=C(Cl)Cl,5,47,-3.697
Tetrachloroethene,ClC(Cl)=C(Cl)Cl,5,48,-3.696
Tetrachloroethene,ClC(Cl)=C(Cl)Cl,5,49,-3.691
Tetrachloroethene,ClC(Cl)=C(Cl)Cl,5,50,-3.682
Tetrachloroethene,ClC(Cl)=C(Cl)Cl,5,51,-3.67
Tetrachloroethene,ClC(Cl)=C(Cl)Cl,6,52,-1.155
Tetrachloroethene,ClC(Cl)=C(Cl)Cl,6,53,-1.15
Tetrachloroethene,ClC(Cl)=C(Cl)Cl,6,54,-1.13
Tetrachloroethene,ClC(Cl)=C(Cl)Cl,6,55,-1.117
Tetrachloroethene,ClC(Cl)=C(Cl)Cl,6,56,-1.117
Tetrachloroethene,ClC(Cl)=C(Cl)Cl,6,57,-1.072
Tetrachloroethene,ClC(Cl)=C(Cl)Cl,6,58,-1.064
Tetrachloroethene,ClC(Cl)=C(Cl)Cl,6,59,-1.056
Tetrachloroethene,ClC(Cl)=C(Cl)Cl,6,60,-1.029
Tetrachloroethene,ClC(Cl)=C(Cl)Cl,7,61,-2.221
Tetrachloroethene,ClC(Cl)=C(Cl)Cl,7,62,-2.193
Tetrachloroethene,ClC(Cl)=C(Cl)Cl,7,63,-2.18
Tetrachloroethene,ClC(Cl)=C(Cl)Cl,7,64,-2.158
Tetrachloroethene,ClC(Cl)=C(Cl)Cl,7,65,-2.124
Tetrachloroethene,ClC(Cl)=C(Cl)Cl,7,66,-2.116
Tetrachloroethene,ClC(Cl)=C(Cl)Cl,7,67,-2.103
Tetrachloroethene,ClC(Cl)=C(Cl)Cl,7,68,-2.083
Tetrachloroethene,ClC(Cl)=C(Cl)Cl,7,69,-2.072
Tetrachloroethene,ClC(Cl)=C(Cl)Cl,8,70,-3.112
Tetrachloroethene,ClC(Cl)=C(Cl)Cl,8,71,-3.035
Tetrachloroethene,ClC(Cl)=C(Cl)Cl,8,72,-3.013
Tetrachloroethene,ClC(Cl)=C(Cl)Cl,8,73,-2.968
Tetrachloroethene,ClC(Cl)=C(Cl)Cl,8,74,-2.968
Tetrachloroethene,ClC(Cl)=C(Cl)Cl,8,75,-2.861
Tetrachloroethene,ClC(Cl)=C(Cl)Cl,8,76,-2.798
Tetrachloroethene,ClC(Cl)=C(Cl)Cl,8,77,-2.685
Tetrachloroethene,ClC(Cl)=C(Cl)Cl,8,78,-2.632
Toluene,Cc1ccccc1,0,0,-1.58
Toluene,Cc1ccccc1,0,1,-1.523
Toluene,Cc1ccccc1,0,2,-1.519
Toluene,Cc1ccccc1,0,3,-1.486
Toluene,Cc1ccccc1,0,4,-1.368
Toluene,Cc1ccccc1,0,5,-1.324
Toluene,Cc1ccccc1,1,6,-4.49
Toluene,Cc1ccccc1,1,7,-4.478
Toluene,Cc1ccccc1,1,8,-4.22
Toluene,Cc1ccccc1,1,9,-4.067
Toluene,Cc1ccccc1,1,10,-3.819
Toluene,Cc1ccccc1,1,11,-3.74
Toluene,Cc1ccccc1,1,12,-3.59
Toluene,Cc1ccccc1,1,13,-3.24
Toluene,Cc1ccccc1,2,14,-3.831
Toluene,Cc1ccccc1,2,15,-3.83
Toluene,Cc1ccccc1,2,16,-3.493
Toluene,Cc1ccccc1,2,17,-3.433
Toluene,Cc1ccccc1,2,18,-3.382
Toluene,Cc1ccccc1,3,19,-5.305
Toluene,Cc1ccccc1,3,20,-5.135
Toluene,Cc1ccccc1,3,21,-4.835
Toluene,Cc1ccccc1,4,22,-4.857
Toluene,Cc1ccccc1,4,23,-4.266
Toluene,Cc1ccccc1,4,24,-4.189
Toluene,Cc1ccccc1,4,25,-4.166
Toluene,Cc1ccccc1,4,26,-4.165
Toluene,Cc1ccccc1,4,27,-4.093
Toluene,Cc1ccccc1,4,28,-4.039
Toluene,Cc1ccccc1,5,29,-5.026
Toluene,Cc1ccccc1,5,30,-5.019
Toluene,Cc1ccccc1,5,31,-4.883
Toluene,Cc1ccccc1,5,32,-4.805
Toluene,Cc1ccccc1,5,33,-4.614
Toluene,Cc1ccccc1,6,34,-1.865
Toluene,Cc1ccccc1,6,35,-1.794
Toluene,Cc1ccccc1,6,36,-1.79
Toluene,Cc1ccccc1,6,37,-1.74
Toluene,Cc1ccccc1,6,38,-1.732
Toluene,Cc1ccccc1,6,39,-1.671
Toluene,Cc1ccccc1,6,40,-1.508
Toluene,Cc1ccccc1,6,41,-1.5
Toluene,Cc1ccccc1,6,42,-1.349
Toluene,Cc1ccccc1,7,43,-3.126
Toluene,Cc1ccccc1,7,44,-2.96
Toluene,Cc1ccccc1,7,45,-2.843
Toluene,Cc1ccccc1,7,46,-2.795
Toluene,Cc1ccccc1,7,47,-2.706
Toluene,Cc1ccccc1,7,48,-2.657
Toluene,Cc1ccccc1,7,49,-2.565
Toluene,Cc1ccccc1,8,50,-4.148
Toluene,Cc1ccccc1,8,51,-3.905
Toluene,Cc1ccccc1,8,52,-3.765
Toluene,Cc1ccccc1,8,53,-3.659
Trichloroethene,ClC=C(Cl)Cl,0,0,-1.326
Trichloroethene,ClC=C(Cl)Cl,0,1,-1.283
Trichloroethene,ClC=C(Cl)Cl,0,2,-1.2
Trichloroethene,ClC=C(Cl)Cl,0,3,-1.172
Trichloroethene,ClC=C(Cl)Cl,0,4,-1.159
Trichloroethene,ClC=C(Cl)Cl,0,5,-1.125
Trichloroethene,ClC=C(Cl)Cl,0,6,-1.088
Trichloroethene,ClC=C(Cl)Cl,0,7,-1.081
Trichloroethene,ClC=C(Cl)Cl,0,8,-1.046
Trichloroethene,ClC=C(Cl)Cl,1,9,-2.975
Trichloroethene,ClC=C(Cl)Cl,1,10,-2.958
Trichloroethene,ClC=C(Cl)Cl,1,11,-2.955
Trichloroethene,ClC=C(Cl)Cl,1,12,-2.825
Trichloroethene,ClC=C(Cl)Cl,1,13,-2.778
Trichloroethene,ClC=C(Cl)Cl,1,14,-2.711
Trichloroethene,ClC=C(Cl)Cl,1,15,-2.675
Trichloroethene,ClC=C(Cl)Cl,1,16,-2.575
Trichloroethene,ClC=C(Cl)Cl,2,17,-2.509
Trichloroethene,ClC=C(Cl)Cl,2,18,-2.455
Trichloroethene,ClC=C(Cl)Cl,2,19,-2.375
Trichloroethene,ClC=C(Cl)Cl,2,20,-2.375
Trichloroethene,ClC=C(Cl)Cl,2,21,-2.366
Trichloroethene,ClC=C(Cl)Cl,2,22,-2.354
Trichloroethene,ClC=C(Cl)Cl,2,23,-2.325
Trichloroethene,ClC=C(Cl)Cl,2,24,-2.178
Trichloroethene,ClC=C(Cl)Cl,3,25,-3.536
Trichloroethene,ClC=C(Cl)Cl,3,26,-3.435
Trichloroethene,ClC=C(Cl)Cl,3,27,-3.28
Trichloroethene,ClC=C(Cl)Cl,3,28,-3.265
Trichloroethene,ClC=C(Cl)Cl,4,29,-2.987
Trichloroethene,ClC=C(Cl)Cl,4,30,-2.976
Trichloroethene,ClC=C(Cl)Cl,4,31,-2.973
Trichloroethene,ClC=C(Cl)Cl,4,32,-2.936
Trichloroethene,ClC=C(Cl)Cl,4,33,-2.932
Trichloroethene,ClC=C(Cl)Cl,4,34,-2.874
Trichloroethene,ClC=C(Cl)Cl,4,35,-2.84
Trichloroethene,ClC=C(Cl)Cl,4,36,-2.826
Trichloroethene,ClC=C(Cl)Cl,4,37,-2.787
Trichloroethene,ClC=C(Cl)Cl,5,38,-3.284
Trichloroethene,ClC=C(Cl)Cl,5,39,-3.244
Trichloroethene,ClC=C(Cl)Cl,5,40,-3.172
Trichloroethene,ClC=C(Cl)Cl,5,41,-3.13
Trichloroethene,ClC=C(Cl)Cl,5,42,-3.089
Trichloroethene,ClC=C(Cl)Cl,5,43,-3.055
Trichloroethene,ClC=C(Cl)Cl,5,44,-3.035
Trichloroethene,ClC=C(Cl)Cl,5,45,-3.025
Trichloroethene,ClC=C(Cl)Cl,6,46,-1.283
Trichloroethene,ClC=C(Cl)Cl,6,47,-1.195
Trichloroethene,ClC=C(Cl)Cl,6,48,-1.156
Trichloroethene,ClC=C(Cl)Cl,6,49,-1.107
Trichloroethene,ClC=C(Cl)Cl,6,50,-1.099
Trichloroethene,ClC=C(Cl)Cl,6,51,-1.009
Trichloroethene,ClC=C(Cl)Cl,6,52,-0.969
Trichloroethene,ClC=C(Cl)Cl,6,53,-0.966
Trichloroethene,ClC=C(Cl)Cl,7,54,-2.087
Trichloroethene,ClC=C(Cl)Cl,7,55,-2.043
Trichloroethene,ClC=C(Cl)Cl,7,56,-2.023
Trichloroethene,ClC=C(Cl)Cl,7,57,-1.971
Trichloroethene,ClC=C(Cl)Cl,7,58,-1.969
Trichloroethene,ClC=C(Cl)Cl,7,59,-1.962
Trichloroethene,ClC=C(Cl)Cl,7,60,-1.905
Trichloroethene,ClC=C(Cl)Cl,7,61,-1.873
Trichloroethene,ClC=C(Cl)Cl,7,62,-1.838
Trichloroethene,ClC=C(Cl)Cl,8,63,-3.312
Trichloroethene,ClC=C(Cl)Cl,8,64,-2.873
Trichloroethene,ClC=C(Cl)Cl,8,65,-2.791
Trichloroethene,ClC=C(Cl)Cl,8,66,-2.727
Trichloroethene,ClC=C(Cl)Cl,8,67,-2.606
Trichloroethene,ClC=C(Cl)Cl,8,68,-2.545
Trichloroethene,ClC=C(Cl)Cl,8,69,-2.456
Trichloroethene,ClC=C(Cl)Cl,8,70,-2.425
Trichloroethene,ClC=C(Cl)Cl,8,71,-2.366
1-heptanol,CCCCCCCO,0,0,-1.774
1-heptanol,CCCCCCCO,0,1,-1.614
1-heptanol,CCCCCCCO,0,2,-1.521
1-heptanol,CCCCCCCO,0,3,-1.502
1-heptanol,CCCCCCCO,0,4,-1.496
1-heptanol,CCCCCCCO,0,5,-1.463
1-heptanol,CCCCCCCO,1,6,-4.202
1-heptanol,CCCCCCCO,1,7,-3.835
1-heptanol,CCCCCCCO,1,8,-3.667
1-heptanol,CCCCCCCO,1,9,-3.662
1-heptanol,CCCCCCCO,1,10,-3.385
1-heptanol,CCCCCCCO,1,11,-3.342
1-heptanol,CCCCCCCO,1,12,-3.302
1-heptanol,CCCCCCCO,1,13,-3.193
1-heptanol,CCCCCCCO,1,14,-3.096
1-heptanol,CCCCCCCO,2,15,-3.35
1-heptanol,CCCCCCCO,2,16,-3.133
1-heptanol,CCCCCCCO,2,17,-3.063
1-heptanol,CCCCCCCO,2,18,-3.001
1-heptanol,CCCCCCCO,2,19,-2.994
1-heptanol,CCCCCCCO,2,20,-2.981
1-heptanol,CCCCCCCO,2,21,-2.969
1-heptanol,CCCCCCCO,2,22,-2.939
1-heptanol,CCCCCCCO,3,23,-4.286
1-heptanol,CCCCCCCO,3,24,-4.1
1-heptanol,CCCCCCCO,3,25,-4.028
1-heptanol,CCCCCCCO,3,26,-3.948
1-heptanol,CCCCCCCO,3,27,-3.816
1-heptanol,CCCCCCCO,3,28,-3.752
1-heptanol,CCCCCCCO,3,29,-3.611
1-heptanol,CCCCCCCO,4,30,-4.149
1-heptanol,CCCCCCCO,4,31,-3.891
1-heptanol,CCCCCCCO,4,32,-3.86
1-heptanol,CCCCCCCO,4,33,-3.734
1-heptanol,CCCCCCCO,4,34,-3.673
1-heptanol,CCCCCCCO,4,35,-3.669
1-heptanol,CCCCCCCO,4,36,-3.653
1-heptanol,CCCCCCCO,4,37,-3.638
1-heptanol,CCCCCCCO,5,38,-4.452
1-heptanol,CCCCCCCO,5,39,-4.339
1-heptanol,CCCCCCCO,5,40,-3.845
1-heptanol,CCCCCCCO,5,41,-3.655
1-heptanol,CCCCCCCO,5,42,-3.568
1-heptanol,CCCCCCCO,5,43,-3.521
1-heptanol,CCCCCCCO,6,44,-1.34
1-heptanol,CCCCCCCO,6,45,-1.306
1-heptanol,CCCCCCCO,6,46,-1.3
1-heptanol,CCCCCCCO,6,47,-1.265
1-heptanol,CCCCCCCO,6,48,-1.241
1-heptanol,CCCCCCCO,6,49,-1.171
1-heptanol,CCCCCCCO,6,50,-1.06
1-heptanol,CCCCCCCO,6,51,-1.015
1-heptanol,CCCCCCCO,6,52,-1.013
1-heptanol,CCCCCCCO,7,53,-2.517
1-heptanol,CCCCCCCO,7,54,-2.483
1-heptanol,CCCCCCCO,7,55,-2.37
1-heptanol,CCCCCCCO,7,56,-2.309
1-heptanol,CCCCCCCO,7,57,-2.246
1-heptanol,CCCCCCCO,7,58,-2.192
1-heptanol,CCCCCCCO,7,59,-2.14
1-heptanol,CCCCCCCO,7,60,-2.125
1-heptanol,CCCCCCCO,8,61,-3.451
1-heptanol,CCCCCCCO,8,62,-3.419
1-heptanol,CCCCCCCO,8,63,-3.295
1-heptanol,CCCCCCCO,8,64,-3.265
1-heptanol,CCCCCCCO,8,65,-3.168
1-heptanol,CCCCCCCO,8,66,-3.166
di-n-butyl ether,CCCCOCCCC,0,0,-1.36
di-n-butyl ether,CCCCOCCCC,0,1,-1.338
di-n-butyl ether,CCCCOCCCC,0,2,-1.326
di-n-butyl ether,CCCCOCCCC,0,3,-1.317
di-n-butyl ether,CCCCOCCCC,0,4,-1.302
di-n-butyl ether,CCCCOCCCC,0,5,-1.297
di-n-butyl ether,CCCCOCCCC,0,6,-1.291
di-n-butyl ether,CCCCOCCCC,0,7,-1.258
di-n-butyl ether,CCCCOCCCC,1,8,-4.232
di-n-butyl ether,CCCCOCCCC,1,9,-4.072
di-n-butyl ether,CCCCOCCCC,1,10,-3.863
di-n-butyl ether,CCCCOCCCC,1,11,-3.817
di-n-butyl ether,CCCCOCCCC,1,12,-3.01
di-n-butyl ether,CCCCOCCCC,1,13,-2.997
di-n-butyl ether,CCCCOCCCC,1,14,-2.952
di-n-butyl ether,CCCCOCCCC,2,15,-3.028
di-n-butyl ether,CCCCOCCCC,2,16,-3.015
di-n-butyl ether,CCCCOCCCC,2,17,-2.961
di-n-butyl ether,CCCCOCCCC,2,18,-2.942
di-n-butyl ether,CCCCOCCCC,2,19,-2.918
di-n-butyl ether,CCCCOCCCC,2,20,-2.917
di-n-butyl ether,CCCCOCCCC,2,21,-2.903
di-n-butyl ether,CCCCOCCCC,3,22,-4.213
di-n-butyl ether,CCCCOCCCC,3,23,-3.963
di-n-butyl ether,CCCCOCCCC,3,24,-3.889
di-n-butyl ether,CCCCOCCCC,3,25,-3.876
di-n-butyl ether,CCCCOCCCC,3,26,-3.616
di-n-butyl ether,CCCCOCCCC,4,27,-3.887
di-n-butyl ether,CCCCOCCCC,4,28,-3.809
di-n-butyl ether,CCCCOCCCC,4,29,-3.623
di-n-butyl ether,CCCCOCCCC,4,30,-3.62
di-n-butyl ether,CCCCOCCCC,4,31,-3.603
di-n-butyl ether,CCCCOCCCC,4,32,-3.523
di-n-butyl ether,CCCCOCCCC,4,33,-3.519
di-n-butyl ether,CCCCOCCCC,4,34,-3.499
di-n-butyl ether,CCCCOCCCC,5,35,-4.201
di-n-butyl ether,CCCCOCCCC,5,36,-4.189
di-n-butyl ether,CCCCOCCCC,5,37,-3.845
di-n-butyl ether,CCCCOCCCC,5,38,-3.807
di-n-butyl ether,CCCCOCCCC,5,39,-3.761
di-n-butyl ether,CCCCOCCCC,5,40,-3.492
di-n-butyl ether,CCCCOCCCC,5,41,-3.43
di-n-butyl ether,CCCCOCCCC,6,42,-1.376
di-n-butyl ether,CCCCOCCCC,6,43,-1.195
di-n-butyl ether,CCCCOCCCC,6,44,-1.023
di-n-butyl ether,CCCCOCCCC,6,45,-1.0
di-n-butyl ether,CCCCOCCCC,6,46,-0.999
di-n-butyl ether,CCCCOCCCC,6,47,-0.903
di-n-butyl ether,CCCCOCCCC,6,48,-0.858
di-n-butyl ether,CCCCOCCCC,6,49,-0.841
di-n-butyl ether,CCCCOCCCC,7,50,-2.239
di-n-butyl ether,CCCCOCCCC,7,51,-2.144
di-n-butyl ether,CCCCOCCCC,7,52,-2.113
di-n-butyl ether,CCCCOCCCC,7,53,-2.02
di-n-butyl ether,CCCCOCCCC,7,54,-2.018
di-n-butyl ether,CCCCOCCCC,7,55,-1.972
di-n-butyl ether,CCCCOCCCC,7,56,-1.954
di-n-butyl ether,CCCCOCCCC,7,57,-1.952
di-n-butyl ether,CCCCOCCCC,8,58,-3.136
di-n-butyl ether,CCCCOCCCC,8,59,-3.009
di-n-butyl ether,CCCCOCCCC,8,60,-2.952
di-n-butyl ether,CCCCOCCCC,8,61,-2.895
di-n-butyl ether,CCCCOCCCC,8,62,-2.869
di-n-butyl ether,CCCCOCCCC,8,63,-2.85
di-n-butyl ether,CCCCOCCCC,8,64,-2.761
di-n-butyl ether,CCCCOCCCC,8,65,-2.748
di-n-butyl ether,CCCCOCCCC,8,66,-2.717
Cyclooctane,C1CCCCCCC1,0,0,-0.804
Cyclooctane,C1CCCCCCC1,0,1,-0.77
Cyclooctane,C1CCCCCCC1,0,2,-0.723
Cyclooctane,C1CCCCCCC1,0,3,-0.707
Cyclooctane,C1CCCCCCC1,0,4,-0.654
Cyclooctane,C1CCCCCCC1,0,5,-0.594
Cyclooctane,C1CCCCCCC1,0,6,-0.594
Cyclooctane,C1CCCCCCC1,0,7,-0.574
Cyclooctane,C1CCCCCCC1,0,8,-0.562
Cyclooctane,C1CCCCCCC1,1,9,-2.024
Cyclooctane,C1CCCCCCC1,1,10,-1.779
Cyclooctane,C1CCCCCCC1,1,11,-1.74
Cyclooctane,C1CCCCCCC1,1,12,-1.664
Cyclooctane,C1CCCCCCC1,1,13,-1.594
Cyclooctane,C1CCCCCCC1,1,14,-1.59
Cyclooctane,C1CCCCCCC1,1,15,-1.584
Cyclooctane,C1CCCCCCC1,1,16,-1.549
Cyclooctane,C1CCCCCCC1,2,17,-2.052
Cyclooctane,C1CCCCCCC1,2,18,-1.917
Cyclooctane,C1CCCCCCC1,2,19,-1.841
Cyclooctane,C1CCCCCCC1,2,20,-1.84
Cyclooctane,C1CCCCCCC1,2,21,-1.768
Cyclooctane,C1CCCCCCC1,2,22,-1.733
Cyclooctane,C1CCCCCCC1,2,23,-1.721
Cyclooctane,C1CCCCCCC1,3,24,-3.374
Cyclooctane,C1CCCCCCC1,3,25,-3.224
Cyclooctane,C1CCCCCCC1,3,26,-3.079
Cyclooctane,C1CCCCCCC1,3,27,-2.466
Cyclooctane,C1CCCCCCC1,3,28,-2.422
Cyclooctane,C1CCCCCCC1,3,29,-2.166
Cyclooctane,C1CCCCCCC1,3,30,-2.156
Cyclooctane,C1CCCCCCC1,3,31,-2.151
Cyclooctane,C1CCCCCCC1,4,32,-2.691
Cyclooctane,C1CCCCCCC1,4,33,-2.686
Cyclooctane,C1CCCCCCC1,4,34,-2.666
Cyclooctane,C1CCCCCCC1,4,35,-2.634
Cyclooctane,C1CCCCCCC1,4,36,-2.577
Cyclooctane,C1CCCCCCC1,4,37,-2.541
Cyclooctane,C1CCCCCCC1,4,38,-2.536
Cyclooctane,C1CCCCCCC1,5,39,-3.187
Cyclooctane,C1CCCCCCC1,5,40,-3.167
Cyclooctane,C1CCCCCCC1,5,41,-2.878
Cyclooctane,C1CCCCCCC1,5,42,-2.843
Cyclooctane,C1CCCCCCC1,5,43,-2.722
Cyclooctane,C1CCCCCCC1,5,44,-2.559
Cyclooctane,C1CCCCCCC1,5,45,-2.172
Cyclooctane,C1CCCCCCC1,6,46,-1.068
Cyclooctane,C1CCCCCCC1,6,47,-0.634
Cyclooctane,C1CCCCCCC1,6,48,-0.612
Cyclooctane,C1CCCCCCC1,6,49,-0.531
Cyclooctane,C1CCCCCCC1,6,50,-0.49
Cyclooctane,C1CCCCCCC1,6,51,-0.442
Cyclooctane,C1CCCCCCC1,6,52,-0.442
Cyclooctane,C1CCCCCCC1,6,53,-0.418
Cyclooctane,C1CCCCCCC1,6,54,-0.396
Cyclooctane,C1CCCCCCC1,7,55,-1.484
Cyclooctane,C1CCCCCCC1,7,56,-1.365
Cyclooctane,C1CCCCCCC1,7,57,-1.339
Cyclooctane,C1CCCCCCC1,7,58,-1.312
Cyclooctane,C1CCCCCCC1,7,59,-1.299
Cyclooctane,C1CCCCCCC1,7,60,-1.272
Cyclooctane,C1CCCCCCC1,7,61,-1.267
Cyclooctane,C1CCCCCCC1,7,62,-1.243
Cyclooctane,C1CCCCCCC1,7,63,-1.224
Cyclooctane,C1CCCCCCC1,8,64,-2.272
Cyclooctane,C1CCCCCCC1,8,65,-2.19
Cyclooctane,C1CCCCCCC1,8,66,-2.035
Cyclooctane,C1CCCCCCC1,8,67,-1.812
Cyclooctane,C1CCCCCCC1,8,68,-1.766
Cyclooctane,C1CCCCCCC1,8,69,-1.757
Cyclooctane,C1CCCCCCC1,8,70,-1.713
Octan-1-ol,CCCCCCCCO,0,0,-1.774
Octan-1-ol,CCCCCCCCO,0,1,-1.685
Octan-1-ol,CCCCCCCCO,0,2,-1.677
Octan-1-ol,CCCCCCCCO,0,3,-1.674
Octan-1-ol,CCCCCCCCO,0,4,-1.666
Octan-1-ol,CCCCCCCCO,0,5,-1.642
Octan-1-ol,CCCCCCCCO,1,6,-4.216
Octan-1-ol,CCCCCCCCO,1,7,-4.215
Octan-1-ol,CCCCCCCCO,1,8,-4.121
Octan-1-ol,CCCCCCCCO,1,9,-3.707
Octan-1-ol,CCCCCCCCO,1,10,-3.628
Octan-1-ol,CCCCCCCCO,1,11,-3.438
Octan-1-ol,CCCCCCCCO,1,12,-3.305
Octan-1-ol,CCCCCCCCO,1,13,-3.272
Octan-1-ol,CCCCCCCCO,1,14,-3.11
Octan-1-ol,CCCCCCCCO,2,15,-3.385
Octan-1-ol,CCCCCCCCO,2,16,-3.229
Octan-1-ol,CCCCCCCCO,2,17,-3.101
Octan-1-ol,CCCCCCCCO,2,18,-3.076
Octan-1-ol,CCCCCCCCO,2,19,-3.03
Octan-1-ol,CCCCCCCCO,2,20,-3.004
Octan-1-ol,CCCCCCCCO,2,21,-2.972
Octan-1-ol,CCCCCCCCO,3,22,-4.536
Octan-1-ol,CCCCCCCCO,3,23,-4.35
Octan-1-ol,CCCCCCCCO,3,24,-4.267
Octan-1-ol,CCCCCCCCO,3,25,-4.107
Octan-1-ol,CCCCCCCCO,3,26,-4.103
Octan-1-ol,CCCCCCCCO,3,27,-3.963
Octan-1-ol,CCCCCCCCO,3,28,-3.883
Octan-1-ol,CCCCCCCCO,4,29,-4.165
Octan-1-ol,CCCCCCCCO,4,30,-4.06
Octan-1-ol,CCCCCCCCO,4,31,-3.991
Octan-1-ol,CCCCCCCCO,4,32,-3.861
Octan-1-ol,CCCCCCCCO,4,33,-3.845
Octan-1-ol,CCCCCCCCO,4,34,-3.834
Octan-1-ol,CCCCCCCCO,4,35,-3.803
Octan-1-ol,CCCCCCCCO,4,36,-3.775
Octan-1-ol,CCCCCCCCO,4,37,-3.768
Octan-1-ol,CCCCCCCCO,5,38,-4.604
Octan-1-ol,CCCCCCCCO,5,39,-4.522
Octan-1-ol,CCCCCCCCO,5,40,-4.282
Octan-1-ol,CCCCCCCCO,5,41,-4.051
Octan-1-ol,CCCCCCCCO,5,42,-4.028
Octan-1-ol,CCCCCCCCO,5,43,-3.836
Octan-1-ol,CCCCCCCCO,5,44,-3.681
Octan-1-ol,CCCCCCCCO,6,45,-1.355
Octan-1-ol,CCCCCCCCO,6,46,-1.223
Octan-1-ol,CCCCCCCCO,6,47,-1.194
Octan-1-ol,CCCCCCCCO,6,48,-1.184
Octan-1-ol,CCCCCCCCO,6,49,-1.082
Octan-1-ol,CCCCCCCCO,6,50,-1.065
Octan-1-ol,CCCCCCCCO,6,51,-0.981
Octan-1-ol,CCCCCCCCO,6,52,-0.978
Octan-1-ol,CCCCCCCCO,6,53,-0.967
Octan-1-ol,CCCCCCCCO,7,54,-2.363
Octan-1-ol,CCCCCCCCO,7,55,-2.344
Octan-1-ol,CCCCCCCCO,7,56,-2.274
Octan-1-ol,CCCCCCCCO,7,57,-2.231
Octan-1-ol,CCCCCCCCO,7,58,-2.182
Octan-1-ol,CCCCCCCCO,7,59,-2.148
Octan-1-ol,CCCCCCCCO,7,60,-2.14
Octan-1-ol,CCCCCCCCO,7,61,-2.115
Octan-1-ol,CCCCCCCCO,7,62,-2.103
Octan-1-ol,CCCCCCCCO,8,63,-3.22
Octan-1-ol,CCCCCCCCO,8,64,-3.203
Octan-1-ol,CCCCCCCCO,8,65,-3.142
Octan-1-ol,CCCCCCCCO,8,66,-3.133
Octan-1-ol,CCCCCCCCO,8,67,-3.11
Octan-1-ol,CCCCCCCCO,8,68,-3.089
Octan-1-ol,CCCCCCCCO,8,69,-3.044
Nonan-1-ol,CCCCCCCCCO,0,0,-1.644
Nonan-1-ol,CCCCCCCCCO,0,1,-1.6
Nonan-1-ol,CCCCCCCCCO,0,2,-1.595
Nonan-1-ol,CCCCCCCCCO,0,3,-1.531
Nonan-1-ol,CCCCCCCCCO,0,4,-1.531
Nonan-1-ol,CCCCCCCCCO,0,5,-1.482
Nonan-1-ol,CCCCCCCCCO,0,6,-1.475
Nonan-1-ol,CCCCCCCCCO,0,7,-1.415
Nonan-1-ol,CCCCCCCCCO,1,8,-4.516
Nonan-1-ol,CCCCCCCCCO,1,9,-4.442
Nonan-1-ol,CCCCCCCCCO,1,10,-4.019
Nonan-1-ol,CCCCCCCCCO,1,11,-3.772
Nonan-1-ol,CCCCCCCCCO,1,12,-3.618
Nonan-1-ol,CCCCCCCCCO,1,13,-3.511
Nonan-1-ol,CCCCCCCCCO,1,14,-3.364
Nonan-1-ol,CCCCCCCCCO,1,15,-3.354
Nonan-1-ol,CCCCCCCCCO,1,16,-3.305
Nonan-1-ol,CCCCCCCCCO,2,17,-3.5
Nonan-1-ol,CCCCCCCCCO,2,18,-3.463
Nonan-1-ol,CCCCCCCCCO,2,19,-3.438
Nonan-1-ol,CCCCCCCCCO,2,20,-3.425
Nonan-1-ol,CCCCCCCCCO,2,21,-3.362
Nonan-1-ol,CCCCCCCCCO,2,22,-3.35
Nonan-1-ol,CCCCCCCCCO,2,23,-3.254
Nonan-1-ol,CCCCCCCCCO,3,24,-4.793
Nonan-1-ol,CCCCCCCCCO,3,25,-4.761
Nonan-1-ol,CCCCCCCCCO,3,26,-4.727
Nonan-1-ol,CCCCCCCCCO,3,27,-4.692
Nonan-1-ol,CCCCCCCCCO,3,28,-4.633
Nonan-1-ol,CCCCCCCCCO,3,29,-4.51
Nonan-1-ol,CCCCCCCCCO,3,30,-4.44
Nonan-1-ol,CCCCCCCCCO,3,31,-4.234
Nonan-1-ol,CCCCCCCCCO,3,32,-4.121
Nonan-1-ol,CCCCCCCCCO,4,33,-4.416
Nonan-1-ol,CCCCCCCCCO,4,34,-4.321
Nonan-1-ol,CCCCCCCCCO,4,35,-4.283
Nonan-1-ol,CCCCCCCCCO,4,36,-4.183
Nonan-1-ol,CCCCCCCCCO,4,37,-4.172
Nonan-1-ol,CCCCCCCCCO,4,38,-4.16
Nonan-1-ol,CCCCCCCCCO,4,39,-4.119
Nonan-1-ol,CCCCCCCCCO,4,40,-4.041
Nonan-1-ol,CCCCCCCCCO,4,41,-3.984
Nonan-1-ol,CCCCCCCCCO,5,42,-5.063
Nonan-1-ol,CCCCCCCCCO,5,43,-4.803
Nonan-1-ol,CCCCCCCCCO,5,44,-4.584
Nonan-1-ol,CCCCCCCCCO,5,45,-4.396
Nonan-1-ol,CCCCCCCCCO,5,46,-3.793
Nonan-1-ol,CCCCCCCCCO,5,47,-3.791
Nonan-1-ol,CCCCCCCCCO,5,48,-3.703
Nonan-1-ol,CCCCCCCCCO,6,49,-1.369
Nonan-1-ol,CCCCCCCCCO,6,50,-1.234
Nonan-1-ol,CCCCCCCCCO,6,51,-1.225
Nonan-1-ol,CCCCCCCCCO,6,52,-1.194
Nonan-1-ol,CCCCCCCCCO,6,53,-1.121
Nonan-1-ol,CCCCCCCCCO,6,54,-1.121
Nonan-1-ol,CCCCCCCCCO,6,55,-1.097
Nonan-1-ol,CCCCCCCCCO,6,56,-1.058
Nonan-1-ol,CCCCCCCCCO,6,57,-1.051
Nonan-1-ol,CCCCCCCCCO,7,58,-2.398
Nonan-1-ol,CCCCCCCCCO,7,59,-2.362
Nonan-1-ol,CCCCCCCCCO,7,60,-2.274
Nonan-1-ol,CCCCCCCCCO,7,61,-2.266
Nonan-1-ol,CCCCCCCCCO,7,62,-2.253
Nonan-1-ol,CCCCCCCCCO,7,63,-2.251
Nonan-1-ol,CCCCCCCCCO,7,64,-2.217
Nonan-1-ol,CCCCCCCCCO,7,65,-2.207
Nonan-1-ol,CCCCCCCCCO,8,66,-4.265
Nonan-1-ol,CCCCCCCCCO,8,67,-3.74
Nonan-1-ol,CCCCCCCCCO,8,68,-3.511
Nonan-1-ol,CCCCCCCCCO,8,69,-3.477
Nonan-1-ol,CCCCCCCCCO,8,70,-3.436
Nonan-1-ol,CCCCCCCCCO,8,71,-3.4
Nonan-1-ol,CCCCCCCCCO,8,72,-3.393
Nonan-1-ol,CCCCCCCCCO,8,73,-3.379
1-Chlorooctane,CCCCCCCCCl,0,0,-1.221
1-Chlorooctane,CCCCCCCCCl,0,1,-1.182
1-Chlorooctane,CCCCCCCCCl,0,2,-1.179
1-Chlorooctane,CCCCCCCCCl,0,3,-1.139
1-Chlorooctane,CCCCCCCCCl,0,4,-1.106
1-Chlorooctane,CCCCCCCCCl,0,5,-1.092
1-Chlorooctane,CCCCCCCCCl,0,6,-1.08
1-Chlorooctane,CCCCCCCCCl,0,7,-1.069
1-Chlorooctane,CCCCCCCCCl,1,8,-3.983
1-Chlorooctane,CCCCCCCCCl,1,9,-3.329
1-Chlorooctane,CCCCCCCCCl,1,10,-3.202
1-Chlorooctane,CCCCCCCCCl,1,11,-3.19
1-Chlorooctane,CCCCCCCCCl,1,12,-3.174
1-Chlorooctane,CCCCCCCCCl,1,13,-3.082
1-Chlorooctane,CCCCCCCCCl,1,14,-3.054
1-Chlorooctane,CCCCCCCCCl,1,15,-3.036
1-Chlorooctane,CCCCCCCCCl,2,16,-3.039
1-Chlorooctane,CCCCCCCCCl,2,17,-3.023
1-Chlorooctane,CCCCCCCCCl,2,18,-2.982
1-Chlorooctane,CCCCCCCCCl,2,19,-2.921
1-Chlorooctane,CCCCCCCCCl,2,20,-2.912
1-Chlorooctane,CCCCCCCCCl,2,21,-2.899
1-Chlorooctane,CCCCCCCCCl,2,22,-2.884
1-Chlorooctane,CCCCCCCCCl,3,23,-4.593
1-Chlorooctane,CCCCCCCCCl,3,24,-4.499
1-Chlorooctane,CCCCCCCCCl,3,25,-4.431
1-Chlorooctane,CCCCCCCCCl,3,26,-4.331
1-Chlorooctane,CCCCCCCCCl,3,27,-4.281
1-Chlorooctane,CCCCCCCCCl,3,28,-4.229
1-Chlorooctane,CCCCCCCCCl,3,29,-4.209
1-Chlorooctane,CCCCCCCCCl,4,30,-4.007
1-Chlorooctane,CCCCCCCCCl,4,31,-3.998
1-Chlorooctane,CCCCCCCCCl,4,32,-3.983
1-Chlorooctane,CCCCCCCCCl,4,33,-3.899
1-Chlorooctane,CCCCCCCCCl,4,34,-3.807
1-Chlorooctane,CCCCCCCCCl,4,35,-3.797
1-Chlorooctane,CCCCCCCCCl,4,36,-3.785
1-Chlorooctane,CCCCCCCCCl,4,37,-3.779
1-Chlorooctane,CCCCCCCCCl,4,38,-3.767
1-Chlorooctane,CCCCCCCCCl,5,39,-4.628
1-Chlorooctane,CCCCCCCCCl,5,40,-4.5
1-Chlorooctane,CCCCCCCCCl,5,41,-4.111
1-Chlorooctane,CCCCCCCCCl,5,42,-3.933
1-Chlorooctane,CCCCCCCCCl,5,43,-3.316
1-Chlorooctane,CCCCCCCCCl,5,44,-3.196
1-Chlorooctane,CCCCCCCCCl,6,45,-1.28
1-Chlorooctane,CCCCCCCCCl,6,46,-1.228
1-Chlorooctane,CCCCCCCCCl,6,47,-1.218
1-Chlorooctane,CCCCCCCCCl,6,48,-1.091
1-Chlorooctane,CCCCCCCCCl,6,49,-1.069
1-Chlorooctane,CCCCCCCCCl,6,50,-1.029
1-Chlorooctane,CCCCCCCCCl,6,51,-0.99
1-Chlorooctane,CCCCCCCCCl,6,52,-0.982
1-Chlorooctane,CCCCCCCCCl,7,53,-2.591
1-Chlorooctane,CCCCCCCCCl,7,54,-2.558
1-Chlorooctane,CCCCCCCCCl,7,55,-2.388
1-Chlorooctane,CCCCCCCCCl,7,56,-2.344
1-Chlorooctane,CCCCCCCCCl,7,57,-2.191
1-Chlorooctane,CCCCCCCCCl,7,58,-2.17
1-Chlorooctane,CCCCCCCCCl,7,59,-2.142
1-Chlorooctane,CCCCCCCCCl,8,60,-3.366
1-Chlorooctane,CCCCCCCCCl,8,61,-3.303
1-Chlorooctane,CCCCCCCCCl,8,62,-3.075
1-Chlorooctane,CCCCCCCCCl,8,63,-3.052
1-Chlorooctane,CCCCCCCCCl,8,64,-3.016
1-Chlorooctane,CCCCCCCCCl,8,65,-2.975
1-Nonene,C=CCCCCCCC,0,0,-1.286
1-Nonene,C=CCCCCCCC,0,1,-1.215
1-Nonene,C=CCCCCCCC,0,2,-1.203
1-Nonene,C=CCCCCCCC,0,3,-1.183
1-Nonene,C=CCCCCCCC,0,4,-1.175
1-Nonene,C=CCCCCCCC,0,5,-1.17
1-Nonene,C=CCCCCCCC,0,6,-1.167
1-Nonene,C=CCCCCCCC,1,7,-4.307
1-Nonene,C=CCCCCCCC,1,8,-4.266
1-Nonene,C=CCCCCCCC,1,9,-4.03
1-Nonene,C=CCCCCCCC,1,10,-4.016
1-Nonene,C=CCCCCCCC,1,11,-3.404
1-Nonene,C=CCCCCCCC,1,12,-3.37
1-Nonene,C=CCCCCCCC,1,13,-3.337
1-Nonene,C=CCCCCCCC,1,14,-3.296
1-Nonene,C=CCCCCCCC,2,15,-3.135
1-Nonene,C=CCCCCCCC,2,16,-3.097
1-Nonene,C=CCCCCCCC,2,17,-3.072
1-Nonene,C=CCCCCCCC,2,18,-3.033
1-Nonene,C=CCCCCCCC,2,19,-3.033
1-Nonene,C=CCCCCCCC,2,20,-3.011
1-Nonene,C=CCCCCCCC,2,21,-2.945
1-Nonene,C=CCCCCCCC,2,22,-2.943
1-Nonene,C=CCCCCCCC,3,23,-4.861
1-Nonene,C=CCCCCCCC,3,24,-4.786
1-Nonene,C=CCCCCCCC,3,25,-4.601
1-Nonene,C=CCCCCCCC,3,26,-4.574
1-Nonene,C=CCCCCCCC,3,27,-4.548
1-Nonene,C=CCCCCCCC,3,28,-4.472
1-Nonene,C=CCCCCCCC,3,29,-4.434
1-Nonene,C=CCCCCCCC,4,30,-4.217
1-Nonene,C=CCCCCCCC,4,31,-4.194
1-Nonene,C=CCCCCCCC,4,32,-4.137
1-Nonene,C=CCCCCCCC,4,33,-4.069
1-Nonene,C=CCCCCCCC,4,34,-4.064
1-Nonene,C=CCCCCCCC,4,35,-4.059
1-Nonene,C=CCCCCCCC,4,36,-3.942
1-Nonene,C=CCCCCCCC,4,37,-3.925
1-Nonene,C=CCCCCCCC,4,38,-3.922
1-Nonene,C=CCCCCCCC,5,39,-4.771
1-Nonene,C=CCCCCCCC,5,40,-4.747
1-Nonene,C=CCCCCCCC,5,41,-4.298
1-Nonene,C=CCCCCCCC,5,42,-3.855
1-Nonene,C=CCCCCCCC,5,43,-3.58
1-Nonene,C=CCCCCCCC,6,44,-1.339
1-Nonene,C=CCCCCCCC,6,45,-1.328
1-Nonene,C=CCCCCCCC,6,46,-1.105
1-Nonene,C=CCCCCCCC,6,47,-1.01
1-Nonene,C=CCCCCCCC,6,48,-0.991
1-Nonene,C=CCCCCCCC,6,49,-0.904
1-Nonene,C=CCCCCCCC,6,50,-0.894
1-Nonene,C=CCCCCCCC,6,51,-0.89
1-Nonene,C=CCCCCCCC,6,52,-0.858
1-Nonene,C=CCCCCCCC,7,53,-2.048
1-Nonene,C=CCCCCCCC,7,54,-2.036
1-Nonene,C=CCCCCCCC,7,55,-1.959
1-Nonene,C=CCCCCCCC,7,56,-1.954
1-Nonene,C=CCCCCCCC,7,57,-1.936
1-Nonene,C=CCCCCCCC,7,58,-1.909
1-Nonene,C=CCCCCCCC,7,59,-1.899
1-Nonene,C=CCCCCCCC,7,60,-1.896
1-Nonene,C=CCCCCCCC,7,61,-1.867
1-Nonene,C=CCCCCCCC,8,62,-3.31
1-Nonene,C=CCCCCCCC,8,63,-3.3
1-Nonene,C=CCCCCCCC,8,64,-3.265
1-Nonene,C=CCCCCCCC,8,65,-3.249
1-Nonene,C=CCCCCCCC,8,66,-3.208
1-Nonene,C=CCCCCCCC,8,67,-3.155
1-Nonene,C=CCCCCCCC,8,68,-3.1
1-Nonene,C=CCCCCCCC,8,69,-3.092
1-Nonene,C=CCCCCCCC,8,70,-3.09
"1,2,4-Trichlorobenzene",Clc1ccc(Cl)c(Cl)c1,0,0,-1.733
"1,2,4-Trichlorobenzene",Clc1ccc(Cl)c(Cl)c1,0,1,-1.705
"1,2,4-Trichlorobenzene",Clc1ccc(Cl)c(Cl)c1,0,2,-1.688
"1,2,4-Trichlorobenzene",Clc1ccc(Cl)c(Cl)c1,0,3,-1.679
"1,2,4-Trichlorobenzene",Clc1ccc(Cl)c(Cl)c1,0,4,-1.616
"1,2,4-Trichlorobenzene",Clc1ccc(Cl)c(Cl)c1,0,5,-1.61
"1,2,4-Trichlorobenzene",Clc1ccc(Cl)c(Cl)c1,0,6,-1.534
"1,2,4-Trichlorobenzene",Clc1ccc(Cl)c(Cl)c1,0,7,-1.518
"1,2,4-Trichlorobenzene",Clc1ccc(Cl)c(Cl)c1,1,8,-4.166
"1,2,4-Trichlorobenzene",Clc1ccc(Cl)c(Cl)c1,1,9,-3.606
"1,2,4-Trichlorobenzene",Clc1ccc(Cl)c(Cl)c1,1,10,-3.552
"1,2,4-Trichlorobenzene",Clc1ccc(Cl)c(Cl)c1,1,11,-3.475
"1,2,4-Trichlorobenzene",Clc1ccc(Cl)c(Cl)c1,1,12,-3.462
"1,2,4-Trichlorobenzene",Clc1ccc(Cl)c(Cl)c1,1,13,-3.416
"1,2,4-Trichlorobenzene",Clc1ccc(Cl)c(Cl)c1,2,14,-4.117
"1,2,4-Trichlorobenzene",Clc1ccc(Cl)c(Cl)c1,2,15,-3.954
"1,2,4-Trichlorobenzene",Clc1ccc(Cl)c(Cl)c1,2,16,-3.554
"1,2,4-Trichlorobenzene",Clc1ccc(Cl)c(Cl)c1,2,17,-3.542
"1,2,4-Trichlorobenzene",Clc1ccc(Cl)c(Cl)c1,2,18,-3.464
"1,2,4-Trichlorobenzene",Clc1ccc(Cl)c(Cl)c1,2,19,-3.439
"1,2,4-Trichlorobenzene",Clc1ccc(Cl)c(Cl)c1,2,20,-3.437
"1,2,4-Trichlorobenzene",Clc1ccc(Cl)c(Cl)c1,2,21,-3.412
"1,2,4-Trichlorobenzene",Clc1ccc(Cl)c(Cl)c1,2,22,-3.33
"1,2,4-Trichlorobenzene",Clc1ccc(Cl)c(Cl)c1,3,23,-5.43
"1,2,4-Trichlorobenzene",Clc1ccc(Cl)c(Cl)c1,3,24,-5.418
"1,2,4-Trichlorobenzene",Clc1ccc(Cl)c(Cl)c1,3,25,-5.23
"1,2,4-Trichlorobenzene",Clc1ccc(Cl)c(Cl)c1,3,26,-5.025
"1,2,4-Trichlorobenzene",Clc1ccc(Cl)c(Cl)c1,3,27,-4.953
"1,2,4-Trichlorobenzene",Clc1ccc(Cl)c(Cl)c1,3,28,-4.912
"1,2,4-Trichlorobenzene",Clc1ccc(Cl)c(Cl)c1,3,29,-4.777
"1,2,4-Trichlorobenzene",Clc1ccc(Cl)c(Cl)c1,3,30,-4.657
"1,2,4-Trichlorobenzene",Clc1ccc(Cl)c(Cl)c1,3,31,-4.611
"1,2,4-Trichlorobenzene",Clc1ccc(Cl)c(Cl)c1,4,32,-4.9
"1,2,4-Trichlorobenzene",Clc1ccc(Cl)c(Cl)c1,4,33,-4.82
"1,2,4-Trichlorobenzene",Clc1ccc(Cl)c(Cl)c1,4,34,-4.714
"1,2,4-Trichlorobenzene",Clc1ccc(Cl)c(Cl)c1,4,35,-4.608
"1,2,4-Trichlorobenzene",Clc1ccc(Cl)c(Cl)c1,4,36,-4.567
"1,2,4-Trichlorobenzene",Clc1ccc(Cl)c(Cl)c1,4,37,-4.553
"1,2,4-Trichlorobenzene",Clc1ccc(Cl)c(Cl)c1,4,38,-4.477
"1,2,4-Trichlorobenzene",Clc1ccc(Cl)c(Cl)c1,4,39,-4.434
"1,2,4-Trichlorobenzene",Clc1ccc(Cl)c(Cl)c1,5,40,-5.446
"1,2,4-Trichlorobenzene",Clc1ccc(Cl)c(Cl)c1,5,41,-5.309
"1,2,4-Trichlorobenzene",Clc1ccc(Cl)c(Cl)c1,5,42,-5.29
"1,2,4-Trichlorobenzene",Clc1ccc(Cl)c(Cl)c1,5,43,-5.141
"1,2,4-Trichlorobenzene",Clc1ccc(Cl)c(Cl)c1,5,44,-4.963
"1,2,4-Trichlorobenzene",Clc1ccc(Cl)c(Cl)c1,5,45,-4.642
"1,2,4-Trichlorobenzene",Clc1ccc(Cl)c(Cl)c1,5,46,-4.366
"1,2,4-Trichlorobenzene",Clc1ccc(Cl)c(Cl)c1,5,47,-3.824
"1,2,4-Trichlorobenzene",Clc1ccc(Cl)c(Cl)c1,6,48,-1.722
"1,2,4-Trichlorobenzene",Clc1ccc(Cl)c(Cl)c1,6,49,-1.684
"1,2,4-Trichlorobenzene",Clc1ccc(Cl)c(Cl)c1,6,50,-1.65
"1,2,4-Trichlorobenzene",Clc1ccc(Cl)c(Cl)c1,6,51,-1.574
"1,2,4-Trichlorobenzene",Clc1ccc(Cl)c(Cl)c1,6,52,-1.573
"1,2,4-Trichlorobenzene",Clc1ccc(Cl)c(Cl)c1,6,53,-1.547
"1,2,4-Trichlorobenzene",Clc1ccc(Cl)c(Cl)c1,6,54,-1.539
"1,2,4-Trichlorobenzene",Clc1ccc(Cl)c(Cl)c1,6,55,-1.536
"1,2,4-Trichlorobenzene",Clc1ccc(Cl)c(Cl)c1,6,56,-1.527
"1,2,4-Trichlorobenzene",Clc1ccc(Cl)c(Cl)c1,7,57,-3.028
"1,2,4-Trichlorobenzene",Clc1ccc(Cl)c(Cl)c1,7,58,-2.6
"1,2,4-Trichlorobenzene",Clc1ccc(Cl)c(Cl)c1,7,59,-2.588
"1,2,4-Trichlorobenzene",Clc1ccc(Cl)c(Cl)c1,7,60,-2.527
"1,2,4-Trichlorobenzene",Clc1ccc(Cl)c(Cl)c1,7,61,-2.512
"1,2,4-Trichlorobenzene",Clc1ccc(Cl)c(Cl)c1,7,62,-2.473
"1,2,4-Trichlorobenzene",Clc1ccc(Cl)c(Cl)c1,7,63,-2.467
"1,2,4-Trichlorobenzene",Clc1ccc(Cl)c(Cl)c1,7,64,-2.396
"1,2,4-Trichlorobenzene",Clc1ccc(Cl)c(Cl)c1,8,65,-4.203
"1,2,4-Trichlorobenzene",Clc1ccc(Cl)c(Cl)c1,8,66,-4.015
"1,2,4-Trichlorobenzene",Clc1ccc(Cl)c(Cl)c1,8,67,-3.804
"1,2,4-Trichlorobenzene",Clc1ccc(Cl)c(Cl)c1,8,68,-3.712
"1,2,4-Trichlorobenzene",Clc1ccc(Cl)c(Cl)c1,8,69,-3.698
"1,2,4-Trichlorobenzene",Clc1ccc(Cl)c(Cl)c1,8,70,-3.451
"1,2,4-Trichlorobenzene",Clc1ccc(Cl)c(Cl)c1,8,71,-3.267
Dipentyl ether,CCCCCOCCCCC,0,0,-1.323
Dipentyl ether,CCCCCOCCCCC,0,1,-1.3
Dipentyl ether,CCCCCOCCCCC,0,2,-1.253
Dipentyl ether,CCCCCOCCCCC,0,3,-1.225
Dipentyl ether,CCCCCOCCCCC,0,4,-1.216
Dipentyl ether,CCCCCOCCCCC,0,5,-1.207
Dipentyl ether,CCCCCOCCCCC,0,6,-1.185
Dipentyl ether,CCCCCOCCCCC,0,7,-1.162
Dipentyl ether,CCCCCOCCCCC,1,8,-2.983
Dipentyl ether,CCCCCOCCCCC,1,9,-2.928
Dipentyl ether,CCCCCOCCCCC,1,10,-2.92
Dipentyl ether,CCCCCOCCCCC,1,11,-2.873
Dipentyl ether,CCCCCOCCCCC,1,12,-2.86
Dipentyl ether,CCCCCOCCCCC,1,13,-2.826
Dipentyl ether,CCCCCOCCCCC,1,14,-2.794
Dipentyl ether,CCCCCOCCCCC,1,15,-2.792
Dipentyl ether,CCCCCOCCCCC,2,16,-3.64
Dipentyl ether,CCCCCOCCCCC,2,17,-3.578
Dipentyl ether,CCCCCOCCCCC,2,18,-3.457
Dipentyl ether,CCCCCOCCCCC,2,19,-3.439
Dipentyl ether,CCCCCOCCCCC,2,20,-3.412
Dipentyl ether,CCCCCOCCCCC,2,21,-3.409
Dipentyl ether,CCCCCOCCCCC,2,22,-3.4
Dipentyl ether,CCCCCOCCCCC,2,23,-3.399
Dipentyl ether,CCCCCOCCCCC,3,24,-4.443
Dipentyl ether,CCCCCOCCCCC,3,25,-4.4
Dipentyl ether,CCCCCOCCCCC,3,26,-4.304
Dipentyl ether,CCCCCOCCCCC,3,27,-4.266
Dipentyl ether,CCCCCOCCCCC,3,28,-4.241
Dipentyl ether,CCCCCOCCCCC,3,29,-4.213
Dipentyl ether,CCCCCOCCCCC,3,30,-4.017
Dipentyl ether,CCCCCOCCCCC,3,31,-3.924
Dipentyl ether,CCCCCOCCCCC,4,32,-4.663
Dipentyl ether,CCCCCOCCCCC,4,33,-4.544
Dipentyl ether,CCCCCOCCCCC,4,34,-4.421
Dipentyl ether,CCCCCOCCCCC,4,35,-4.291
Dipentyl ether,CCCCCOCCCCC,4,36,-4.231
Dipentyl ether,CCCCCOCCCCC,4,37,-4.159
Dipentyl ether,CCCCCOCCCCC,4,38,-4.122
Dipentyl ether,CCCCCOCCCCC,5,39,-4.814
Dipentyl ether,CCCCCOCCCCC,5,40,-4.791
Dipentyl ether,CCCCCOCCCCC,5,41,-4.52
Dipentyl ether,CCCCCOCCCCC,5,42,-4.492
Dipentyl ether,CCCCCOCCCCC,5,43,-4.24
Dipentyl ether,CCCCCOCCCCC,5,44,-4.233
Dipentyl ether,CCCCCOCCCCC,5,45,-4.127
Dipentyl ether,CCCCCOCCCCC,6,46,-1.527
Dipentyl ether,CCCCCOCCCCC,6,47,-1.493
Dipentyl ether,CCCCCOCCCCC,6,48,-1.447
Dipentyl ether,CCCCCOCCCCC,6,49,-1.423
Dipentyl ether,CCCCCOCCCCC,6,50,-1.411
Dipentyl ether,CCCCCOCCCCC,6,51,-1.225
Dipentyl ether,CCCCCOCCCCC,6,52,-1.217
Dipentyl ether,CCCCCOCCCCC,6,53,-1.205
Dipentyl ether,CCCCCOCCCCC,6,54,-1.155
Dipentyl ether,CCCCCOCCCCC,7,55,-2.18
Dipentyl ether,CCCCCOCCCCC,7,56,-2.072
Dipentyl ether,CCCCCOCCCCC,7,57,-2.026
Dipentyl ether,CCCCCOCCCCC,7,58,-2.026
Dipentyl ether,CCCCCOCCCCC,7,59,-1.93
Dipentyl ether,CCCCCOCCCCC,7,60,-1.918
Dipentyl ether,CCCCCOCCCCC,7,61,-1.884
Dipentyl ether,CCCCCOCCCCC,7,62,-1.851
Dipentyl ether,CCCCCOCCCCC,8,63,-3.234
Dipentyl ether,CCCCCOCCCCC,8,64,-3.16
Dipentyl ether,CCCCCOCCCCC,8,65,-3.038
Dipentyl ether,CCCCCOCCCCC,8,66,-3.032
Dipentyl ether,CCCCCOCCCCC,8,67,-3.012
Dipentyl ether,CCCCCOCCCCC,8,68,-2.885
Dipentyl ether,CCCCCOCCCCC,8,69,-2.817
Dipentyl ether,CCCCCOCCCCC,8,70,-2.776
Dipentyl ether,CCCCCOCCCCC,8,71,-2.77
2-octanone,CCCCCCC(C)=O,0,0,-1.485
2-octanone,CCCCCCC(C)=O,0,1,-1.441
2-octanone,CCCCCCC(C)=O,0,2,-1.441
2-octanone,CCCCCCC(C)=O,0,3,-1.395
2-octanone,CCCCCCC(C)=O,0,4,-1.388
2-octanone,CCCCCCC(C)=O,0,5,-1.36
2-octanone,CCCCCCC(C)=O,0,6,-1.353
2-octanone,CCCCCCC(C)=O,0,7,-1.347
2-octanone,CCCCCCC(C)=O,1,8,-4.317
2-octanone,CCCCCCC(C)=O,1,9,-4.305
2-octanone,CCCCCCC(C)=O,1,10,-4.13
2-octanone,CCCCCCC(C)=O,1,11,-4.098
2-octanone,CCCCCCC(C)=O,1,12,-3.947
2-octanone,CCCCCCC(C)=O,1,13,-3.201
2-octanone,CCCCCCC(C)=O,1,14,-3.196
2-octanone,CCCCCCC(C)=O,1,15,-3.19
2-octanone,CCCCCCC(C)=O,1,16,-3.189
2-octanone,CCCCCCC(C)=O,2,17,-3.382
2-octanone,CCCCCCC(C)=O,2,18,-3.322
2-octanone,CCCCCCC(C)=O,2,19,-3.295
2-octanone,CCCCCCC(C)=O,2,20,-3.197
2-octanone,CCCCCCC(C)=O,2,21,-3.138
2-octanone,CCCCCCC(C)=O,2,22,-3.136
2-octanone,CCCCCCC(C)=O,2,23,-3.118
2-octanone,CCCCCCC(C)=O,2,24,-3.023
2-octanone,CCCCCCC(C)=O,3,25,-4.805
2-octanone,CCCCCCC(C)=O,3,26,-4.606
2-octanone,CCCCCCC(C)=O,3,27,-4.471
2-octanone,CCCCCCC(C)=O,3,28,-4.458
2-octanone,CCCCCCC(C)=O,3,29,-4.223
2-octanone,CCCCCCC(C)=O,3,30,-4.213
2-octanone,CCCCCCC(C)=O,3,31,-4.026
2-octanone,CCCCCCC(C)=O,4,32,-4.592
2-octanone,CCCCCCC(C)=O,4,33,-4.34
2-octanone,CCCCCCC(C)=O,4,34,-4.315
2-octanone,CCCCCCC(C)=O,4,35,-4.292
2-octanone,CCCCCCC(C)=O,4,36,-4.287
2-octanone,CCCCCCC(C)=O,4,37,-4.251
2-octanone,CCCCCCC(C)=O,4,38,-4.165
2-octanone,CCCCCCC(C)=O,4,39,-4.136
2-octanone,CCCCCCC(C)=O,5,40,-4.933
2-octanone,CCCCCCC(C)=O,5,41,-4.882
2-octanone,CCCCCCC(C)=O,5,42,-4.649
2-octanone,CCCCCCC(C)=O,5,43,-4.624
2-octanone,CCCCCCC(C)=O,5,44,-4.528
2-octanone,CCCCCCC(C)=O,6,45,-1.674
2-octanone,CCCCCCC(C)=O,6,46,-1.612
2-octanone,CCCCCCC(C)=O,6,47,-1.427
2-octanone,CCCCCCC(C)=O,6,48,-1.357
2-octanone,CCCCCCC(C)=O,6,49,-1.304
2-octanone,CCCCCCC(C)=O,6,50,-1.246
2-octanone,CCCCCCC(C)=O,6,51,-1.22
2-octanone,CCCCCCC(C)=O,6,52,-1.192
2-octanone,CCCCCCC(C)=O,7,53,-2.741
2-octanone,CCCCCCC(C)=O,7,54,-2.598
2-octanone,CCCCCCC(C)=O,7,55,-2.572
2-octanone,CCCCCCC(C)=O,7,56,-2.55
2-octanone,CCCCCCC(C)=O,7,57,-2.532
2-octanone,CCCCCCC(C)=O,7,58,-2.527
2-octanone,CCCCCCC(C)=O,7,59,-2.503
2-octanone,CCCCCCC(C)=O,7,60,-2.373
2-octanone,CCCCCCC(C)=O,7,61,-2.352
2-octanone,CCCCCCC(C)=O,8,62,-4.367
2-octanone,CCCCCCC(C)=O,8,63,-3.888
2-octanone,CCCCCCC(C)=O,8,64,-3.712
2-octanone,CCCCCCC(C)=O,8,65,-3.493
2-octanone,CCCCCCC(C)=O,8,66,-3.474
2-octanone,CCCCCCC(C)=O,8,67,-3.469
2-octanone,CCCCCCC(C)=O,8,68,-3.414
2-octanone,CCCCCCC(C)=O,8,69,-3.397
2-nonanone,CCCCCCCC(C)=O,0,0,-1.74
2-nonanone,CCCCCCCC(C)=O,0,1,-1.726
2-nonanone,CCCCCCCC(C)=O,0,2,-1.606
2-nonanone,CCCCCCCC(C)=O,0,3,-1.585
2-nonanone,CCCCCCCC(C)=O,0,4,-1.556
2-nonanone,CCCCCCCC(C)=O,0,5,-1.522
2-nonanone,CCCCCCCC(C)=O,0,6,-1.516
2-nonanone,CCCCCCCC(C)=O,1,7,-3.164
2-nonanone,CCCCCCCC(C)=O,1,8,-3.129
2-nonanone,CCCCCCCC(C)=O,1,9,-3.121
2-nonanone,CCCCCCCC(C)=O,1,10,-3.118
2-nonanone,CCCCCCCC(C)=O,1,11,-3.078
2-nonanone,CCCCCCCC(C)=O,1,12,-3.072
2-nonanone,CCCCCCCC(C)=O,1,13,-3.016
2-nonanone,CCCCCCCC(C)=O,1,14,-2.98
2-nonanone,CCCCCCCC(C)=O,2,15,-3.667
2-nonanone,CCCCCCCC(C)=O,2,16,-3.631
2-nonanone,CCCCCCCC(C)=O,2,17,-3.483
2-nonanone,CCCCCCCC(C)=O,2,18,-3.449
2-nonanone,CCCCCCCC(C)=O,2,19,-3.322
2-nonanone,CCCCCCCC(C)=O,2,20,-3.314
2-nonanone,CCCCCCCC(C)=O,3,21,-4.853
2-nonanone,CCCCCCCC(C)=O,3,22,-4.716
2-nonanone,CCCCCCCC(C)=O,3,23,-4.693
2-nonanone,CCCCCCCC(C)=O,3,24,-4.538
2-nonanone,CCCCCCCC(C)=O,3,25,-4.51
2-nonanone,CCCCCCCC(C)=O,3,26,-4.215
2-nonanone,CCCCCCCC(C)=O,3,27,-4.152
2-nonanone,CCCCCCCC(C)=O,3,28,-4.059
2-nonanone,CCCCCCCC(C)=O,4,29,-4.451
2-nonanone,CCCCCCCC(C)=O,4,30,-4.414
2-nonanone,CCCCCCCC(C)=O,4,31,-4.253
2-nonanone,CCCCCCCC(C)=O,4,32,-4.199
2-nonanone,CCCCCCCC(C)=O,4,33,-4.167
2-nonanone,CCCCCCCC(C)=O,4,34,-4.157
2-nonanone,CCCCCCCC(C)=O,4,35,-4.12
2-nonanone,CCCCCCCC(C)=O,5,36,-5.15
2-nonanone,CCCCCCCC(C)=O,5,37,-5.01
2-nonanone,CCCCCCCC(C)=O,5,38,-4.852
2-nonanone,CCCCCCCC(C)=O,5,39,-4.504
2-nonanone,CCCCCCCC(C)=O,5,40,-4.055
2-nonanone,CCCCCCCC(C)=O,5,41,-3.621
2-nonanone,CCCCCCCC(C)=O,6,42,-1.309
2-nonanone,CCCCCCCC(C)=O,6,43,-1.295
2-nonanone,CCCCCCCC(C)=O,6,44,-1.256
2-nonanone,CCCCCCCC(C)=O,6,45,-1.196
2-nonanone,CCCCCCCC(C)=O,6,46,-1.164
2-nonanone,CCCCCCCC(C)=O,6,47,-1.158
2-nonanone,CCCCCCCC(C)=O,6,48,-1.132
2-nonanone,CCCCCCCC(C)=O,6,49,-1.114
2-nonanone,CCCCCCCC(C)=O,7,50,-2.318
2-nonanone,CCCCCCCC(C)=O,7,51,-2.27
2-nonanone,CCCCCCCC(C)=O,7,52,-2.254
2-nonanone,CCCCCCCC(C)=O,7,53,-2.211
2-nonanone,CCCCCCCC(C)=O,7,54,-2.168
2-nonanone,CCCCCCCC(C)=O,7,55,-2.164
2-nonanone,CCCCCCCC(C)=O,7,56,-2.128
2-nonanone,CCCCCCCC(C)=O,7,57,-2.124
2-nonanone,CCCCCCCC(C)=O,8,58,-3.395
2-nonanone,CCCCCCCC(C)=O,8,59,-3.294
2-nonanone,CCCCCCCC(C)=O,8,60,-3.195
2-nonanone,CCCCCCCC(C)=O,8,61,-3.149
2-nonanone,CCCCCCCC(C)=O,8,62,-3.143
2-nonanone,CCCCCCCC(C)=O,8,63,-3.028
2-nonanone,CCCCCCCC(C)=O,8,64,-3.022
2-nonanone,CCCCCCCC(C)=O,8,65,-2.887
2-Nitrotoluene,Cc1ccccc1[N+](=O)[O-],0,0,-2.105
2-Nitrotoluene,Cc1ccccc1[N+](=O)[O-],0,1,-2.067
2-Nitrotoluene,Cc1ccccc1[N+](=O)[O-],0,2,-2.007
2-Nitrotoluene,Cc1ccccc1[N+](=O)[O-],0,3,-1.872
2-Nitrotoluene,Cc1ccccc1[N+](=O)[O-],0,4,-1.815
2-Nitrotoluene,Cc1ccccc1[N+](=O)[O-],0,5,-1.794
2-Nitrotoluene,Cc1ccccc1[N+](=O)[O-],1,6,-5.012
2-Nitrotoluene,Cc1ccccc1[N+](=O)[O-],1,7,-3.992
2-Nitrotoluene,Cc1ccccc1[N+](=O)[O-],1,8,-3.906
2-Nitrotoluene,Cc1ccccc1[N+](=O)[O-],1,9,-3.788
2-Nitrotoluene,Cc1ccccc1[N+](=O)[O-],1,10,-3.732
2-Nitrotoluene,Cc1ccccc1[N+](=O)[O-],1,11,-3.705
2-Nitrotoluene,Cc1ccccc1[N+](=O)[O-],1,12,-3.593
2-Nitrotoluene,Cc1ccccc1[N+](=O)[O-],2,13,-4.341
2-Nitrotoluene,Cc1ccccc1[N+](=O)[O-],2,14,-4.165
2-Nitrotoluene,Cc1ccccc1[N+](=O)[O-],2,15,-4.061
2-Nitrotoluene,Cc1ccccc1[N+](=O)[O-],2,16,-4.053
2-Nitrotoluene,Cc1ccccc1[N+](=O)[O-],2,17,-3.95
2-Nitrotoluene,Cc1ccccc1[N+](=O)[O-],2,18,-3.889
2-Nitrotoluene,Cc1ccccc1[N+](=O)[O-],2,19,-3.867
2-Nitrotoluene,Cc1ccccc1[N+](=O)[O-],2,20,-3.848
2-Nitrotoluene,Cc1ccccc1[N+](=O)[O-],3,21,-5.278
2-Nitrotoluene,Cc1ccccc1[N+](=O)[O-],3,22,-5.23
2-Nitrotoluene,Cc1ccccc1[N+](=O)[O-],3,23,-5.218
2-Nitrotoluene,Cc1ccccc1[N+](=O)[O-],3,24,-5.131
2-Nitrotoluene,Cc1ccccc1[N+](=O)[O-],3,25,-5.066
2-Nitrotoluene,Cc1ccccc1[N+](=O)[O-],3,26,-5.022
2-Nitrotoluene,Cc1ccccc1[N+](=O)[O-],3,27,-4.876
2-Nitrotoluene,Cc1ccccc1[N+](=O)[O-],3,28,-4.867
2-Nitrotoluene,Cc1ccccc1[N+](=O)[O-],4,29,-5.241
2-Nitrotoluene,Cc1ccccc1[N+](=O)[O-],4,30,-5.196
2-Nitrotoluene,Cc1ccccc1[N+](=O)[O-],4,31,-5.107
2-Nitrotoluene,Cc1ccccc1[N+](=O)[O-],4,32,-5.094
2-Nitrotoluene,Cc1ccccc1[N+](=O)[O-],4,33,-5.004
2-Nitrotoluene,Cc1ccccc1[N+](=O)[O-],4,34,-4.857
2-Nitrotoluene,Cc1ccccc1[N+](=O)[O-],4,35,-4.846
2-Nitrotoluene,Cc1ccccc1[N+](=O)[O-],4,36,-4.841
2-Nitrotoluene,Cc1ccccc1[N+](=O)[O-],4,37,-4.811
2-Nitrotoluene,Cc1ccccc1[N+](=O)[O-],5,38,-5.872
2-Nitrotoluene,Cc1ccccc1[N+](=O)[O-],5,39,-5.617
2-Nitrotoluene,Cc1ccccc1[N+](=O)[O-],5,40,-5.205
2-Nitrotoluene,Cc1ccccc1[N+](=O)[O-],5,41,-5.195
2-Nitrotoluene,Cc1ccccc1[N+](=O)[O-],5,42,-5.173
2-Nitrotoluene,Cc1ccccc1[N+](=O)[O-],5,43,-5.161
2-Nitrotoluene,Cc1ccccc1[N+](=O)[O-],5,44,-5.146
2-Nitrotoluene,Cc1ccccc1[N+](=O)[O-],5,45,-5.026
2-Nitrotoluene,Cc1ccccc1[N+](=O)[O-],5,46,-4.899
2-Nitrotoluene,Cc1ccccc1[N+](=O)[O-],6,47,-1.891
2-Nitrotoluene,Cc1ccccc1[N+](=O)[O-],6,48,-1.795
2-Nitrotoluene,Cc1ccccc1[N+](=O)[O-],6,49,-1.539
2-Nitrotoluene,Cc1ccccc1[N+](=O)[O-],6,50,-1.505
2-Nitrotoluene,Cc1ccccc1[N+](=O)[O-],6,51,-1.468
2-Nitrotoluene,Cc1ccccc1[N+](=O)[O-],6,52,-1.46
2-Nitrotoluene,Cc1ccccc1[N+](=O)[O-],6,53,-1.411
2-Nitrotoluene,Cc1ccccc1[N+](=O)[O-],6,54,-1.394
2-Nitrotoluene,Cc1ccccc1[N+](=O)[O-],7,55,-3.302
2-Nitrotoluene,Cc1ccccc1[N+](=O)[O-],7,56,-3.165
2-Nitrotoluene,Cc1ccccc1[N+](=O)[O-],7,57,-3.087
2-Nitrotoluene,Cc1ccccc1[N+](=O)[O-],7,58,-3.083
2-Nitrotoluene,Cc1ccccc1[N+](=O)[O-],7,59,-3.059
2-Nitrotoluene,Cc1ccccc1[N+](=O)[O-],7,60,-2.911
2-Nitrotoluene,Cc1ccccc1[N+](=O)[O-],7,61,-2.908
2-Nitrotoluene,Cc1ccccc1[N+](=O)[O-],7,62,-2.874
2-Nitrotoluene,Cc1ccccc1[N+](=O)[O-],8,63,-4.519
2-Nitrotoluene,Cc1ccccc1[N+](=O)[O-],8,64,-4.151
2-Nitrotoluene,Cc1ccccc1[N+](=O)[O-],8,65,-4.021
2-Nitrotoluene,Cc1ccccc1[N+](=O)[O-],8,66,-3.714
2-Nitrotoluene,Cc1ccccc1[N+](=O)[O-],8,67,-3.712
2-Nitrotoluene,Cc1ccccc1[N+](=O)[O-],8,68,-3.659
4-Nitroanisole,COc1ccc([N+](=O)[O-])cc1,0,0,-2.152
4-Nitroanisole,COc1ccc([N+](=O)[O-])cc1,0,1,-2.056
4-Nitroanisole,COc1ccc([N+](=O)[O-])cc1,0,2,-1.949
4-Nitroanisole,COc1ccc([N+](=O)[O-])cc1,0,3,-1.937
4-Nitroanisole,COc1ccc([N+](=O)[O-])cc1,0,4,-1.88
4-Nitroanisole,COc1ccc([N+](=O)[O-])cc1,0,5,-1.877
4-Nitroanisole,COc1ccc([N+](=O)[O-])cc1,1,6,-5.156
4-Nitroanisole,COc1ccc([N+](=O)[O-])cc1,1,7,-5.0
4-Nitroanisole,COc1ccc([N+](=O)[O-])cc1,1,8,-3.874
4-Nitroanisole,COc1ccc([N+](=O)[O-])cc1,1,9,-3.792
4-Nitroanisole,COc1ccc([N+](=O)[O-])cc1,1,10,-3.702
4-Nitroanisole,COc1ccc([N+](=O)[O-])cc1,1,11,-3.693
4-Nitroanisole,COc1ccc([N+](=O)[O-])cc1,1,12,-3.685
4-Nitroanisole,COc1ccc([N+](=O)[O-])cc1,1,13,-3.618
4-Nitroanisole,COc1ccc([N+](=O)[O-])cc1,2,14,-4.881
4-Nitroanisole,COc1ccc([N+](=O)[O-])cc1,2,15,-3.882
4-Nitroanisole,COc1ccc([N+](=O)[O-])cc1,2,16,-3.776
4-Nitroanisole,COc1ccc([N+](=O)[O-])cc1,2,17,-3.756
4-Nitroanisole,COc1ccc([N+](=O)[O-])cc1,2,18,-3.726
4-Nitroanisole,COc1ccc([N+](=O)[O-])cc1,2,19,-3.668
4-Nitroanisole,COc1ccc([N+](=O)[O-])cc1,2,20,-3.644
4-Nitroanisole,COc1ccc([N+](=O)[O-])cc1,2,21,-3.574
4-Nitroanisole,COc1ccc([N+](=O)[O-])cc1,3,22,-4.816
4-Nitroanisole,COc1ccc([N+](=O)[O-])cc1,3,23,-4.757
4-Nitroanisole,COc1ccc([N+](=O)[O-])cc1,3,24,-4.596
4-Nitroanisole,COc1ccc([N+](=O)[O-])cc1,3,25,-4.279
4-Nitroanisole,COc1ccc([N+](=O)[O-])cc1,4,26,-5.187
4-Nitroanisole,COc1ccc([N+](=O)[O-])cc1,4,27,-5.058
4-Nitroanisole,COc1ccc([N+](=O)[O-])cc1,4,28,-4.962
4-Nitroanisole,COc1ccc([N+](=O)[O-])cc1,4,29,-4.895
4-Nitroanisole,COc1ccc([N+](=O)[O-])cc1,4,30,-4.823
4-Nitroanisole,COc1ccc([N+](=O)[O-])cc1,4,31,-4.817
4-Nitroanisole,COc1ccc([N+](=O)[O-])cc1,4,32,-4.798
4-Nitroanisole,COc1ccc([N+](=O)[O-])cc1,4,33,-4.78
4-Nitroanisole,COc1ccc([N+](=O)[O-])cc1,4,34,-4.775
4-Nitroanisole,COc1ccc([N+](=O)[O-])cc1,5,35,-5.812
4-Nitroanisole,COc1ccc([N+](=O)[O-])cc1,5,36,-5.78
4-Nitroanisole,COc1ccc([N+](=O)[O-])cc1,5,37,-5.12
4-Nitroanisole,COc1ccc([N+](=O)[O-])cc1,5,38,-4.972
4-Nitroanisole,COc1ccc([N+](=O)[O-])cc1,5,39,-4.505
4-Nitroanisole,COc1ccc([N+](=O)[O-])cc1,5,40,-4.331
4-Nitroanisole,COc1ccc([N+](=O)[O-])cc1,5,41,-4.314
4-Nitroanisole,COc1ccc([N+](=O)[O-])cc1,6,42,-1.695
4-Nitroanisole,COc1ccc([N+](=O)[O-])cc1,6,43,-1.621
4-Nitroanisole,COc1ccc([N+](=O)[O-])cc1,6,44,-1.615
4-Nitroanisole,COc1ccc([N+](=O)[O-])cc1,6,45,-1.561
4-Nitroanisole,COc1ccc([N+](=O)[O-])cc1,6,46,-1.559
4-Nitroanisole,COc1ccc([N+](=O)[O-])cc1,6,47,-1.521
4-Nitroanisole,COc1ccc([N+](=O)[O-])cc1,6,48,-1.517
4-Nitroanisole,COc1ccc([N+](=O)[O-])cc1,6,49,-1.475
4-Nitroanisole,COc1ccc([N+](=O)[O-])cc1,7,50,-3.333
4-Nitroanisole,COc1ccc([N+](=O)[O-])cc1,7,51,-2.869
4-Nitroanisole,COc1ccc([N+](=O)[O-])cc1,7,52,-2.864
4-Nitroanisole,COc1ccc([N+](=O)[O-])cc1,7,53,-2.823
4-Nitroanisole,COc1ccc([N+](=O)[O-])cc1,7,54,-2.726
4-Nitroanisole,COc1ccc([N+](=O)[O-])cc1,7,55,-2.716
4-Nitroanisole,COc1ccc([N+](=O)[O-])cc1,7,56,-2.707
4-Nitroanisole,COc1ccc([N+](=O)[O-])cc1,8,57,-3.551
4-Nitroanisole,COc1ccc([N+](=O)[O-])cc1,8,58,-3.524
4-Nitroanisole,COc1ccc([N+](=O)[O-])cc1,8,59,-3.43
4-Nitroanisole,COc1ccc([N+](=O)[O-])cc1,8,60,-3.36
4-Nitroanisole,COc1ccc([N+](=O)[O-])cc1,8,61,-3.326
4-Nitroanisole,COc1ccc([N+](=O)[O-])cc1,8,62,-3.243
4-Chlorophenol,Oc1ccc(Cl)cc1,0,0,-1.923
4-Chlorophenol,Oc1ccc(Cl)cc1,0,1,-1.762
4-Chlorophenol,Oc1ccc(Cl)cc1,0,2,-1.723
4-Chlorophenol,Oc1ccc(Cl)cc1,0,3,-1.703
4-Chlorophenol,Oc1ccc(Cl)cc1,0,4,-1.686
4-Chlorophenol,Oc1ccc(Cl)cc1,0,5,-1.679
4-Chlorophenol,Oc1ccc(Cl)cc1,1,6,-4.542
4-Chlorophenol,Oc1ccc(Cl)cc1,1,7,-4.425
4-Chlorophenol,Oc1ccc(Cl)cc1,1,8,-4.413
4-Chlorophenol,Oc1ccc(Cl)cc1,1,9,-4.26
4-Chlorophenol,Oc1ccc(Cl)cc1,1,10,-4.212
4-Chlorophenol,Oc1ccc(Cl)cc1,1,11,-4.149
4-Chlorophenol,Oc1ccc(Cl)cc1,1,12,-3.469
4-Chlorophenol,Oc1ccc(Cl)cc1,2,13,-3.962
4-Chlorophenol,Oc1ccc(Cl)cc1,2,14,-3.938
4-Chlorophenol,Oc1ccc(Cl)cc1,2,15,-3.595
4-Chlorophenol,Oc1ccc(Cl)cc1,2,16,-3.567
4-Chlorophenol,Oc1ccc(Cl)cc1,2,17,-3.544
4-Chlorophenol,Oc1ccc(Cl)cc1,2,18,-3.463
4-Chlorophenol,Oc1ccc(Cl)cc1,2,19,-3.402
4-Chlorophenol,Oc1ccc(Cl)cc1,3,20,-4.861
4-Chlorophenol,Oc1ccc(Cl)cc1,3,21,-4.823
4-Chlorophenol,Oc1ccc(Cl)cc1,3,22,-4.729
4-Chlorophenol,Oc1ccc(Cl)cc1,3,23,-4.559
4-Chlorophenol,Oc1ccc(Cl)cc1,3,24,-4.393
4-Chlorophenol,Oc1ccc(Cl)cc1,4,25,-4.864
4-Chlorophenol,Oc1ccc(Cl)cc1,4,26,-4.589
4-Chlorophenol,Oc1ccc(Cl)cc1,4,27,-4.475
4-Chlorophenol,Oc1ccc(Cl)cc1,4,28,-4.382
4-Chlorophenol,Oc1ccc(Cl)cc1,4,29,-4.191
4-Chlorophenol,Oc1ccc(Cl)cc1,4,30,-4.155
4-Chlorophenol,Oc1ccc(Cl)cc1,5,31,-4.941
4-Chlorophenol,Oc1ccc(Cl)cc1,5,32,-4.901
4-Chlorophenol,Oc1ccc(Cl)cc1,5,33,-4.695
4-Chlorophenol,Oc1ccc(Cl)cc1,5,34,-4.635
4-Chlorophenol,Oc1ccc(Cl)cc1,5,35,-3.988
4-Chlorophenol,Oc1ccc(Cl)cc1,6,36,-1.74
4-Chlorophenol,Oc1ccc(Cl)cc1,6,37,-1.659
4-Chlorophenol,Oc1ccc(Cl)cc1,6,38,-1.649
4-Chlorophenol,Oc1ccc(Cl)cc1,6,39,-1.64
4-Chlorophenol,Oc1ccc(Cl)cc1,6,40,-1.586
4-Chlorophenol,Oc1ccc(Cl)cc1,6,41,-1.496
4-Chlorophenol,Oc1ccc(Cl)cc1,6,42,-1.487
4-Chlorophenol,Oc1ccc(Cl)cc1,6,43,-1.47
4-Chlorophenol,Oc1ccc(Cl)cc1,7,44,-2.971
4-Chlorophenol,Oc1ccc(Cl)cc1,7,45,-2.957
4-Chlorophenol,Oc1ccc(Cl)cc1,7,46,-2.875
4-Chlorophenol,Oc1ccc(Cl)cc1,7,47,-2.534
4-Chlorophenol,Oc1ccc(Cl)cc1,7,48,-2.533
4-Chlorophenol,Oc1ccc(Cl)cc1,7,49,-2.489
4-Chlorophenol,Oc1ccc(Cl)cc1,7,50,-2.414
4-Chlorophenol,Oc1ccc(Cl)cc1,7,51,-2.406
4-Chlorophenol,Oc1ccc(Cl)cc1,8,52,-3.958
4-Chlorophenol,Oc1ccc(Cl)cc1,8,53,-3.864
4-Chlorophenol,Oc1ccc(Cl)cc1,8,54,-3.847
4-Chlorophenol,Oc1ccc(Cl)cc1,8,55,-3.636
4-Chlorophenol,Oc1ccc(Cl)cc1,8,56,-3.569
4-Chlorophenol,Oc1ccc(Cl)cc1,8,57,-3.412
4-Chlorophenol,Oc1ccc(Cl)cc1,8,58,-3.189
4-Ethyl-3-hexanol,CCC(O)C(CC)CC,0,0,-1.73
4-Ethyl-3-hexanol,CCC(O)C(CC)CC,0,1,-1.678
4-Ethyl-3-hexanol,CCC(O)C(CC)CC,0,2,-1.669
4-Ethyl-3-hexanol,CCC(O)C(CC)CC,0,3,-1.663
4-Ethyl-3-hexanol,CCC(O)C(CC)CC,0,4,-1.656
4-Ethyl-3-hexanol,CCC(O)C(CC)CC,0,5,-1.609
4-Ethyl-3-hexanol,CCC(O)C(CC)CC,0,6,-1.584
4-Ethyl-3-hexanol,CCC(O)C(CC)CC,0,7,-1.531
4-Ethyl-3-hexanol,CCC(O)C(CC)CC,1,8,-3.468
4-Ethyl-3-hexanol,CCC(O)C(CC)CC,1,9,-3.401
4-Ethyl-3-hexanol,CCC(O)C(CC)CC,1,10,-3.198
4-Ethyl-3-hexanol,CCC(O)C(CC)CC,1,11,-3.126
4-Ethyl-3-hexanol,CCC(O)C(CC)CC,1,12,-3.123
4-Ethyl-3-hexanol,CCC(O)C(CC)CC,1,13,-3.092
4-Ethyl-3-hexanol,CCC(O)C(CC)CC,1,14,-3.067
4-Ethyl-3-hexanol,CCC(O)C(CC)CC,1,15,-3.009
4-Ethyl-3-hexanol,CCC(O)C(CC)CC,2,16,-3.937
4-Ethyl-3-hexanol,CCC(O)C(CC)CC,2,17,-3.852
4-Ethyl-3-hexanol,CCC(O)C(CC)CC,2,18,-3.743
4-Ethyl-3-hexanol,CCC(O)C(CC)CC,2,19,-3.572
4-Ethyl-3-hexanol,CCC(O)C(CC)CC,2,20,-3.563
4-Ethyl-3-hexanol,CCC(O)C(CC)CC,2,21,-3.513
4-Ethyl-3-hexanol,CCC(O)C(CC)CC,3,22,-4.898
4-Ethyl-3-hexanol,CCC(O)C(CC)CC,3,23,-4.735
4-Ethyl-3-hexanol,CCC(O)C(CC)CC,3,24,-4.641
4-Ethyl-3-hexanol,CCC(O)C(CC)CC,3,25,-4.631
4-Ethyl-3-hexanol,CCC(O)C(CC)CC,3,26,-4.611
4-Ethyl-3-hexanol,CCC(O)C(CC)CC,3,27,-4.599
4-Ethyl-3-hexanol,CCC(O)C(CC)CC,3,28,-4.513
4-Ethyl-3-hexanol,CCC(O)C(CC)CC,3,29,-4.339
4-Ethyl-3-hexanol,CCC(O)C(CC)CC,3,30,-4.138
4-Ethyl-3-hexanol,CCC(O)C(CC)CC,4,31,-4.615
4-Ethyl-3-hexanol,CCC(O)C(CC)CC,4,32,-4.595
4-Ethyl-3-hexanol,CCC(O)C(CC)CC,4,33,-4.353
4-Ethyl-3-hexanol,CCC(O)C(CC)CC,4,34,-4.321
4-Ethyl-3-hexanol,CCC(O)C(CC)CC,4,35,-4.281
4-Ethyl-3-hexanol,CCC(O)C(CC)CC,4,36,-4.258
4-Ethyl-3-hexanol,CCC(O)C(CC)CC,4,37,-4.179
4-Ethyl-3-hexanol,CCC(O)C(CC)CC,4,38,-4.115
4-Ethyl-3-hexanol,CCC(O)C(CC)CC,5,39,-4.626
4-Ethyl-3-hexanol,CCC(O)C(CC)CC,5,40,-4.424
4-Ethyl-3-hexanol,CCC(O)C(CC)CC,5,41,-4.413
4-Ethyl-3-hexanol,CCC(O)C(CC)CC,5,42,-4.386
4-Ethyl-3-hexanol,CCC(O)C(CC)CC,5,43,-4.378
4-Ethyl-3-hexanol,CCC(O)C(CC)CC,5,44,-4.338
4-Ethyl-3-hexanol,CCC(O)C(CC)CC,5,45,-4.251
4-Ethyl-3-hexanol,CCC(O)C(CC)CC,5,46,-3.915
4-Ethyl-3-hexanol,CCC(O)C(CC)CC,5,47,-3.733
4-Ethyl-3-hexanol,CCC(O)C(CC)CC,6,48,-1.544
4-Ethyl-3-hexanol,CCC(O)C(CC)CC,6,49,-1.527
4-Ethyl-3-hexanol,CCC(O)C(CC)CC,6,50,-1.424
4-Ethyl-3-hexanol,CCC(O)C(CC)CC,6,51,-1.421
4-Ethyl-3-hexanol,CCC(O)C(CC)CC,6,52,-1.201
4-Ethyl-3-hexanol,CCC(O)C(CC)CC,6,53,-1.183
4-Ethyl-3-hexanol,CCC(O)C(CC)CC,6,54,-1.156
4-Ethyl-3-hexanol,CCC(O)C(CC)CC,6,55,-1.145
4-Ethyl-3-hexanol,CCC(O)C(CC)CC,6,56,-1.097
4-Ethyl-3-hexanol,CCC(O)C(CC)CC,7,57,-2.754
4-Ethyl-3-hexanol,CCC(O)C(CC)CC,7,58,-2.631
4-Ethyl-3-hexanol,CCC(O)C(CC)CC,7,59,-2.608
4-Ethyl-3-hexanol,CCC(O)C(CC)CC,7,60,-2.527
4-Ethyl-3-hexanol,CCC(O)C(CC)CC,7,61,-2.522
4-Ethyl-3-hexanol,CCC(O)C(CC)CC,7,62,-2.489
4-Ethyl-3-hexanol,CCC(O)C(CC)CC,7,63,-2.488
4-Ethyl-3-hexanol,CCC(O)C(CC)CC,7,64,-2.458
4-Ethyl-3-hexanol,CCC(O)C(CC)CC,8,65,-3.594
4-Ethyl-3-hexanol,CCC(O)C(CC)CC,8,66,-3.476
4-Ethyl-3-hexanol,CCC(O)C(CC)CC,8,67,-3.431
4-Ethyl-3-hexanol,CCC(O)C(CC)CC,8,68,-3.326
4-Ethyl-3-hexanol,CCC(O)C(CC)CC,8,69,-3.249
4-Ethyl-3-hexanol,CCC(O)C(CC)CC,8,70,-3.239
4-Ethyl-3-hexanol,CCC(O)C(CC)CC,8,71,-3.159
4-Ethyl-3-hexanol,CCC(O)C(CC)CC,8,72,-3.107
4-Ethyl-3-hexanol,CCC(O)C(CC)CC,8,73,-3.077
"2,4-Dinitrotoluene",Cc1ccc([N+](=O)[O-])cc1[N+](=O)[O-],0,0,-2.491
"2,4-Dinitrotoluene",Cc1ccc([N+](=O)[O-])cc1[N+](=O)[O-],0,1,-2.359
"2,4-Dinitrotoluene",Cc1ccc([N+](=O)[O-])cc1[N+](=O)[O-],0,2,-2.236
"2,4-Dinitrotoluene",Cc1ccc([N+](=O)[O-])cc1[N+](=O)[O-],0,3,-2.177
"2,4-Dinitrotoluene",Cc1ccc([N+](=O)[O-])cc1[N+](=O)[O-],0,4,-2.14
"2,4-Dinitrotoluene",Cc1ccc([N+](=O)[O-])cc1[N+](=O)[O-],0,5,-2.069
"2,4-Dinitrotoluene",Cc1ccc([N+](=O)[O-])cc1[N+](=O)[O-],0,6,-2.023
"2,4-Dinitrotoluene",Cc1ccc([N+](=O)[O-])cc1[N+](=O)[O-],1,7,-4.423
"2,4-Dinitrotoluene",Cc1ccc([N+](=O)[O-])cc1[N+](=O)[O-],1,8,-4.248
"2,4-Dinitrotoluene",Cc1ccc([N+](=O)[O-])cc1[N+](=O)[O-],1,9,-4.228
"2,4-Dinitrotoluene",Cc1ccc([N+](=O)[O-])cc1[N+](=O)[O-],1,10,-4.139
"2,4-Dinitrotoluene",Cc1ccc([N+](=O)[O-])cc1[N+](=O)[O-],1,11,-3.983
"2,4-Dinitrotoluene",Cc1ccc([N+](=O)[O-])cc1[N+](=O)[O-],1,12,-3.973
"2,4-Dinitrotoluene",Cc1ccc([N+](=O)[O-])cc1[N+](=O)[O-],1,13,-3.943
"2,4-Dinitrotoluene",Cc1ccc([N+](=O)[O-])cc1[N+](=O)[O-],1,14,-3.935
"2,4-Dinitrotoluene",Cc1ccc([N+](=O)[O-])cc1[N+](=O)[O-],1,15,-3.914
"2,4-Dinitrotoluene",Cc1ccc([N+](=O)[O-])cc1[N+](=O)[O-],2,16,-4.79
"2,4-Dinitrotoluene",Cc1ccc([N+](=O)[O-])cc1[N+](=O)[O-],2,17,-4.768
"2,4-Dinitrotoluene",Cc1ccc([N+](=O)[O-])cc1[N+](=O)[O-],2,18,-4.506
"2,4-Dinitrotoluene",Cc1ccc([N+](=O)[O-])cc1[N+](=O)[O-],2,19,-4.469
"2,4-Dinitrotoluene",Cc1ccc([N+](=O)[O-])cc1[N+](=O)[O-],2,20,-4.437
"2,4-Dinitrotoluene",Cc1ccc([N+](=O)[O-])cc1[N+](=O)[O-],2,21,-4.367
"2,4-Dinitrotoluene",Cc1ccc([N+](=O)[O-])cc1[N+](=O)[O-],2,22,-4.218
"2,4-Dinitrotoluene",Cc1ccc([N+](=O)[O-])cc1[N+](=O)[O-],3,23,-5.78
"2,4-Dinitrotoluene",Cc1ccc([N+](=O)[O-])cc1[N+](=O)[O-],3,24,-5.76
"2,4-Dinitrotoluene",Cc1ccc([N+](=O)[O-])cc1[N+](=O)[O-],3,25,-5.641
"2,4-Dinitrotoluene",Cc1ccc([N+](=O)[O-])cc1[N+](=O)[O-],3,26,-5.369
"2,4-Dinitrotoluene",Cc1ccc([N+](=O)[O-])cc1[N+](=O)[O-],3,27,-5.038
"2,4-Dinitrotoluene",Cc1ccc([N+](=O)[O-])cc1[N+](=O)[O-],3,28,-5.01
"2,4-Dinitrotoluene",Cc1ccc([N+](=O)[O-])cc1[N+](=O)[O-],3,29,-4.961
"2,4-Dinitrotoluene",Cc1ccc([N+](=O)[O-])cc1[N+](=O)[O-],4,30,-6.257
"2,4-Dinitrotoluene",Cc1ccc([N+](=O)[O-])cc1[N+](=O)[O-],4,31,-5.984
"2,4-Dinitrotoluene",Cc1ccc([N+](=O)[O-])cc1[N+](=O)[O-],4,32,-5.691
"2,4-Dinitrotoluene",Cc1ccc([N+](=O)[O-])cc1[N+](=O)[O-],4,33,-5.594
"2,4-Dinitrotoluene",Cc1ccc([N+](=O)[O-])cc1[N+](=O)[O-],4,34,-5.43
"2,4-Dinitrotoluene",Cc1ccc([N+](=O)[O-])cc1[N+](=O)[O-],4,35,-5.422
"2,4-Dinitrotoluene",Cc1ccc([N+](=O)[O-])cc1[N+](=O)[O-],4,36,-5.333
"2,4-Dinitrotoluene",Cc1ccc([N+](=O)[O-])cc1[N+](=O)[O-],4,37,-5.315
"2,4-Dinitrotoluene",Cc1ccc([N+](=O)[O-])cc1[N+](=O)[O-],5,38,-7.045
"2,4-Dinitrotoluene",Cc1ccc([N+](=O)[O-])cc1[N+](=O)[O-],5,39,-5.765
"2,4-Dinitrotoluene",Cc1ccc([N+](=O)[O-])cc1[N+](=O)[O-],5,40,-5.724
"2,4-Dinitrotoluene",Cc1ccc([N+](=O)[O-])cc1[N+](=O)[O-],5,41,-5.544
"2,4-Dinitrotoluene",Cc1ccc([N+](=O)[O-])cc1[N+](=O)[O-],5,42,-4.568
"2,4-Dinitrotoluene",Cc1ccc([N+](=O)[O-])cc1[N+](=O)[O-],5,43,-4.49
"2,4-Dinitrotoluene",Cc1ccc([N+](=O)[O-])cc1[N+](=O)[O-],5,44,-4.436
"2,4-Dinitrotoluene",Cc1ccc([N+](=O)[O-])cc1[N+](=O)[O-],5,45,-4.253
"2,4-Dinitrotoluene",Cc1ccc([N+](=O)[O-])cc1[N+](=O)[O-],6,46,-2.02
"2,4-Dinitrotoluene",Cc1ccc([N+](=O)[O-])cc1[N+](=O)[O-],6,47,-1.74
"2,4-Dinitrotoluene",Cc1ccc([N+](=O)[O-])cc1[N+](=O)[O-],6,48,-1.675
"2,4-Dinitrotoluene",Cc1ccc([N+](=O)[O-])cc1[N+](=O)[O-],6,49,-1.581
"2,4-Dinitrotoluene",Cc1ccc([N+](=O)[O-])cc1[N+](=O)[O-],6,50,-1.497
"2,4-Dinitrotoluene",Cc1ccc([N+](=O)[O-])cc1[N+](=O)[O-],6,51,-1.472
"2,4-Dinitrotoluene",Cc1ccc([N+](=O)[O-])cc1[N+](=O)[O-],6,52,-1.459
"2,4-Dinitrotoluene",Cc1ccc([N+](=O)[O-])cc1[N+](=O)[O-],6,53,-1.458
"2,4-Dinitrotoluene",Cc1ccc([N+](=O)[O-])cc1[N+](=O)[O-],6,54,-1.45
"2,4-Dinitrotoluene",Cc1ccc([N+](=O)[O-])cc1[N+](=O)[O-],7,55,-3.564
"2,4-Dinitrotoluene",Cc1ccc([N+](=O)[O-])cc1[N+](=O)[O-],7,56,-3.345
"2,4-Dinitrotoluene",Cc1ccc([N+](=O)[O-])cc1[N+](=O)[O-],7,57,-3.327
"2,4-Dinitrotoluene",Cc1ccc([N+](=O)[O-])cc1[N+](=O)[O-],7,58,-3.326
"2,4-Dinitrotoluene",Cc1ccc([N+](=O)[O-])cc1[N+](=O)[O-],7,59,-3.305
"2,4-Dinitrotoluene",Cc1ccc([N+](=O)[O-])cc1[N+](=O)[O-],7,60,-3.251
"2,4-Dinitrotoluene",Cc1ccc([N+](=O)[O-])cc1[N+](=O)[O-],7,61,-3.185
"2,4-Dinitrotoluene",Cc1ccc([N+](=O)[O-])cc1[N+](=O)[O-],7,62,-3.155
"2,4-Dinitrotoluene",Cc1ccc([N+](=O)[O-])cc1[N+](=O)[O-],8,63,-4.602
"2,4-Dinitrotoluene",Cc1ccc([N+](=O)[O-])cc1[N+](=O)[O-],8,64,-3.725
"2,4-Dinitrotoluene",Cc1ccc([N+](=O)[O-])cc1[N+](=O)[O-],8,65,-3.721
"2,4-Dinitrotoluene",Cc1ccc([N+](=O)[O-])cc1[N+](=O)[O-],8,66,-3.621
"2,4-Dinitrotoluene",Cc1ccc([N+](=O)[O-])cc1[N+](=O)[O-],8,67,-3.612
"2,4-Dinitrotoluene",Cc1ccc([N+](=O)[O-])cc1[N+](=O)[O-],8,68,-3.522
"2,4-Dinitrotoluene",Cc1ccc([N+](=O)[O-])cc1[N+](=O)[O-],8,69,-3.509
"2,4-Dinitrotoluene",Cc1ccc([N+](=O)[O-])cc1[N+](=O)[O-],8,70,-3.49
Styrene,C=Cc1ccccc1,0,0,-1.792
Styrene,C=Cc1ccccc1,0,1,-1.697
Styrene,C=Cc1ccccc1,0,2,-1.674
Styrene,C=Cc1ccccc1,0,3,-1.619
Styrene,C=Cc1ccccc1,0,4,-1.614
Styrene,C=Cc1ccccc1,0,5,-1.61
Styrene,C=Cc1ccccc1,1,6,-4.948
Styrene,C=Cc1ccccc1,1,7,-4.73
Styrene,C=Cc1ccccc1,1,8,-4.48
Styrene,C=Cc1ccccc1,1,9,-4.387
Styrene,C=Cc1ccccc1,1,10,-3.757
Styrene,C=Cc1ccccc1,1,11,-3.598
Styrene,C=Cc1ccccc1,2,12,-4.018
Styrene,C=Cc1ccccc1,2,13,-3.761
Styrene,C=Cc1ccccc1,2,14,-3.755
Styrene,C=Cc1ccccc1,2,15,-3.705
Styrene,C=Cc1ccccc1,2,16,-3.576
Styrene,C=Cc1ccccc1,2,17,-3.518
Styrene,C=Cc1ccccc1,3,18,-5.258
Styrene,C=Cc1ccccc1,3,19,-5.216
Styrene,C=Cc1ccccc1,3,20,-5.104
Styrene,C=Cc1ccccc1,3,21,-4.68
Styrene,C=Cc1ccccc1,4,22,-5.039
Styrene,C=Cc1ccccc1,4,23,-4.934
Styrene,C=Cc1ccccc1,4,24,-4.643
Styrene,C=Cc1ccccc1,4,25,-4.533
Styrene,C=Cc1ccccc1,4,26,-4.504
Styrene,C=Cc1ccccc1,4,27,-4.452
Styrene,C=Cc1ccccc1,4,28,-4.432
Styrene,C=Cc1ccccc1,4,29,-4.416
Styrene,C=Cc1ccccc1,5,30,-5.561
Styrene,C=Cc1ccccc1,5,31,-5.453
Styrene,C=Cc1ccccc1,5,32,-5.387
Styrene,C=Cc1ccccc1,5,33,-5.329
Styrene,C=Cc1ccccc1,5,34,-4.975
Styrene,C=Cc1ccccc1,5,35,-4.444
Styrene,C=Cc1ccccc1,5,36,-3.777
Styrene,C=Cc1ccccc1,6,37,-1.885
Styrene,C=Cc1ccccc1,6,38,-1.862
Styrene,C=Cc1ccccc1,6,39,-1.722
Styrene,C=Cc1ccccc1,6,40,-1.597
Styrene,C=Cc1ccccc1,6,41,-1.572
Styrene,C=Cc1ccccc1,6,42,-1.542
Styrene,C=Cc1ccccc1,6,43,-1.513
Styrene,C=Cc1ccccc1,6,44,-1.494
Styrene,C=Cc1ccccc1,7,45,-3.364
Styrene,C=Cc1ccccc1,7,46,-3.21
Styrene,C=Cc1ccccc1,7,47,-3.171
Styrene,C=Cc1ccccc1,7,48,-3.051
Styrene,C=Cc1ccccc1,7,49,-2.908
Styrene,C=Cc1ccccc1,7,50,-2.884
Styrene,C=Cc1ccccc1,7,51,-2.871
Styrene,C=Cc1ccccc1,7,52,-2.853
Styrene,C=Cc1ccccc1,8,53,-5.625
Styrene,C=Cc1ccccc1,8,54,-4.488
Styrene,C=Cc1ccccc1,8,55,-4.097
Styrene,C=Cc1ccccc1,8,56,-4.06
Styrene,C=Cc1ccccc1,8,57,-4.025
Octane,CCCCCCCC,0,0,-1.258
Octane,CCCCCCCC,0,1,-1.198
Octane,CCCCCCCC,0,2,-1.192
Octane,CCCCCCCC,0,3,-1.148
Octane,CCCCCCCC,0,4,-1.122
Octane,CCCCCCCC,0,5,-1.122
Octane,CCCCCCCC,0,6,-1.107
Octane,CCCCCCCC,0,7,-1.102
Octane,CCCCCCCC,0,8,-1.099
Octane,CCCCCCCC,1,9,-4.244
Octane,CCCCCCCC,1,10,-3.957
Octane,CCCCCCCC,1,11,-3.802
Octane,CCCCCCCC,1,12,-3.551
Octane,CCCCCCCC,1,13,-3.217
Octane,CCCCCCCC,1,14,-3.111
Octane,CCCCCCCC,1,15,-3.093
Octane,CCCCCCCC,1,16,-3.015
Octane,CCCCCCCC,1,17,-2.989
Octane,CCCCCCCC,2,18,-3.408
Octane,CCCCCCCC,2,19,-3.353
Octane,CCCCCCCC,2,20,-3.335
Octane,CCCCCCCC,2,21,-3.241
Octane,CCCCCCCC,2,22,-3.189
Octane,CCCCCCCC,2,23,-3.181
Octane,CCCCCCCC,3,24,-4.681
Octane,CCCCCCCC,3,25,-4.601
Octane,CCCCCCCC,3,26,-4.527
Octane,CCCCCCCC,3,27,-4.36
Octane,CCCCCCCC,3,28,-4.24
Octane,CCCCCCCC,3,29,-4.192
Octane,CCCCCCCC,3,30,-4.125
Octane,CCCCCCCC,4,31,-3.997
Octane,CCCCCCCC,4,32,-3.864
Octane,CCCCCCCC,4,33,-3.849
Octane,CCCCCCCC,4,34,-3.785
Octane,CCCCCCCC,4,35,-3.734
Octane,CCCCCCCC,4,36,-3.719
Octane,CCCCCCCC,5,37,-4.497
Octane,CCCCCCCC,5,38,-4.42
Octane,CCCCCCCC,5,39,-4.339
Octane,CCCCCCCC,5,40,-4.201
Octane,CCCCCCCC,6,41,-1.486
Octane,CCCCCCCC,6,42,-1.441
Octane,CCCCCCCC,6,43,-1.334
Octane,CCCCCCCC,6,44,-1.314
Octane,CCCCCCCC,6,45,-1.273
Octane,CCCCCCCC,6,46,-1.213
Octane,CCCCCCCC,6,47,-1.115
Octane,CCCCCCCC,6,48,-1.112
Octane,CCCCCCCC,6,49,-1.078
Octane,CCCCCCCC,7,50,-2.478
Octane,CCCCCCCC,7,51,-2.428
Octane,CCCCCCCC,7,52,-2.301
Octane,CCCCCCCC,7,53,-2.28
Octane,CCCCCCCC,7,54,-2.272
Octane,CCCCCCCC,7,55,-2.224
Octane,CCCCCCCC,7,56,-2.193
Octane,CCCCCCCC,8,57,-4.074
Octane,CCCCCCCC,8,58,-3.541
Octane,CCCCCCCC,8,59,-3.449
Octane,CCCCCCCC,8,60,-3.425
Octane,CCCCCCCC,8,61,-3.325
Octane,CCCCCCCC,8,62,-3.323
Octane,CCCCCCCC,8,63,-3.322
3-Chlorophenol,Oc1cccc(Cl)c1,0,0,-1.871
3-Chlorophenol,Oc1cccc(Cl)c1,0,1,-1.785
3-Chlorophenol,Oc1cccc(Cl)c1,0,2,-1.748
3-Chlorophenol,Oc1cccc(Cl)c1,0,3,-1.742
3-Chlorophenol,Oc1cccc(Cl)c1,0,4,-1.718
3-Chlorophenol,Oc1cccc(Cl)c1,0,5,-1.711
3-Chlorophenol,Oc1cccc(Cl)c1,0,6,-1.68
3-Chlorophenol,Oc1cccc(Cl)c1,0,7,-1.678
3-Chlorophenol,Oc1cccc(Cl)c1,1,8,-4.523
3-Chlorophenol,Oc1cccc(Cl)c1,1,9,-4.275
3-Chlorophenol,Oc1cccc(Cl)c1,1,10,-4.173
3-Chlorophenol,Oc1cccc(Cl)c1,1,11,-4.172
3-Chlorophenol,Oc1cccc(Cl)c1,1,12,-4.131
3-Chlorophenol,Oc1cccc(Cl)c1,1,13,-3.9
3-Chlorophenol,Oc1cccc(Cl)c1,1,14,-3.82
3-Chlorophenol,Oc1cccc(Cl)c1,1,15,-3.547
3-Chlorophenol,Oc1cccc(Cl)c1,1,16,-3.527
3-Chlorophenol,Oc1cccc(Cl)c1,2,17,-4.05
3-Chlorophenol,Oc1cccc(Cl)c1,2,18,-4.041
3-Chlorophenol,Oc1cccc(Cl)c1,2,19,-3.985
3-Chlorophenol,Oc1cccc(Cl)c1,2,20,-3.935
3-Chlorophenol,Oc1cccc(Cl)c1,2,21,-3.923
3-Chlorophenol,Oc1cccc(Cl)c1,2,22,-3.905
3-Chlorophenol,Oc1cccc(Cl)c1,2,23,-3.683
3-Chlorophenol,Oc1cccc(Cl)c1,2,24,-3.674
3-Chlorophenol,Oc1cccc(Cl)c1,2,25,-3.656
3-Chlorophenol,Oc1cccc(Cl)c1,3,26,-5.036
3-Chlorophenol,Oc1cccc(Cl)c1,3,27,-4.777
3-Chlorophenol,Oc1cccc(Cl)c1,3,28,-4.729
3-Chlorophenol,Oc1cccc(Cl)c1,3,29,-4.705
3-Chlorophenol,Oc1cccc(Cl)c1,3,30,-4.671
3-Chlorophenol,Oc1cccc(Cl)c1,3,31,-4.608
3-Chlorophenol,Oc1cccc(Cl)c1,3,32,-4.597
3-Chlorophenol,Oc1cccc(Cl)c1,3,33,-4.593
3-Chlorophenol,Oc1cccc(Cl)c1,3,34,-4.496
3-Chlorophenol,Oc1cccc(Cl)c1,4,35,-4.693
3-Chlorophenol,Oc1cccc(Cl)c1,4,36,-4.628
3-Chlorophenol,Oc1cccc(Cl)c1,4,37,-4.618
3-Chlorophenol,Oc1cccc(Cl)c1,4,38,-4.613
3-Chlorophenol,Oc1cccc(Cl)c1,4,39,-4.477
3-Chlorophenol,Oc1cccc(Cl)c1,4,40,-4.444
3-Chlorophenol,Oc1cccc(Cl)c1,4,41,-4.335
3-Chlorophenol,Oc1cccc(Cl)c1,5,42,-5.139
3-Chlorophenol,Oc1cccc(Cl)c1,5,43,-4.977
3-Chlorophenol,Oc1cccc(Cl)c1,5,44,-4.882
3-Chlorophenol,Oc1cccc(Cl)c1,5,45,-4.779
3-Chlorophenol,Oc1cccc(Cl)c1,5,46,-4.667
3-Chlorophenol,Oc1cccc(Cl)c1,5,47,-4.66
3-Chlorophenol,Oc1cccc(Cl)c1,5,48,-4.654
3-Chlorophenol,Oc1cccc(Cl)c1,6,49,-1.879
3-Chlorophenol,Oc1cccc(Cl)c1,6,50,-1.826
3-Chlorophenol,Oc1cccc(Cl)c1,6,51,-1.713
3-Chlorophenol,Oc1cccc(Cl)c1,6,52,-1.712
3-Chlorophenol,Oc1cccc(Cl)c1,6,53,-1.672
3-Chlorophenol,Oc1cccc(Cl)c1,6,54,-1.586
3-Chlorophenol,Oc1cccc(Cl)c1,6,55,-1.546
3-Chlorophenol,Oc1cccc(Cl)c1,6,56,-1.541
3-Chlorophenol,Oc1cccc(Cl)c1,7,57,-3.089
3-Chlorophenol,Oc1cccc(Cl)c1,7,58,-3.085
3-Chlorophenol,Oc1cccc(Cl)c1,7,59,-3.028
3-Chlorophenol,Oc1cccc(Cl)c1,7,60,-3.014
3-Chlorophenol,Oc1cccc(Cl)c1,7,61,-2.652
3-Chlorophenol,Oc1cccc(Cl)c1,7,62,-2.646
3-Chlorophenol,Oc1cccc(Cl)c1,7,63,-2.598
3-Chlorophenol,Oc1cccc(Cl)c1,7,64,-2.574
3-Chlorophenol,Oc1cccc(Cl)c1,7,65,-2.428
3-Chlorophenol,Oc1cccc(Cl)c1,8,66,-4.744
3-Chlorophenol,Oc1cccc(Cl)c1,8,67,-4.278
3-Chlorophenol,Oc1cccc(Cl)c1,8,68,-4.023
3-Chlorophenol,Oc1cccc(Cl)c1,8,69,-3.964
3-Chlorophenol,Oc1cccc(Cl)c1,8,70,-3.743
3-Chlorophenol,Oc1cccc(Cl)c1,8,71,-3.566
4-bromophenol,Oc1ccc(Br)cc1,0,0,-1.859
4-bromophenol,Oc1ccc(Br)cc1,0,1,-1.767
4-bromophenol,Oc1ccc(Br)cc1,0,2,-1.754
4-bromophenol,Oc1ccc(Br)cc1,0,3,-1.715
4-bromophenol,Oc1ccc(Br)cc1,0,4,-1.709
4-bromophenol,Oc1ccc(Br)cc1,0,5,-1.705
4-bromophenol,Oc1ccc(Br)cc1,1,6,-4.438
4-bromophenol,Oc1ccc(Br)cc1,1,7,-4.428
4-bromophenol,Oc1ccc(Br)cc1,1,8,-4.269
4-bromophenol,Oc1ccc(Br)cc1,1,9,-4.229
4-bromophenol,Oc1ccc(Br)cc1,1,10,-4.207
4-bromophenol,Oc1ccc(Br)cc1,1,11,-4.202
4-bromophenol,Oc1ccc(Br)cc1,1,12,-3.859
4-bromophenol,Oc1ccc(Br)cc1,2,13,-3.945
4-bromophenol,Oc1ccc(Br)cc1,2,14,-3.868
4-bromophenol,Oc1ccc(Br)cc1,2,15,-3.529
4-bromophenol,Oc1ccc(Br)cc1,2,16,-3.473
4-bromophenol,Oc1ccc(Br)cc1,2,17,-3.381
4-bromophenol,Oc1ccc(Br)cc1,2,18,-3.356
4-bromophenol,Oc1ccc(Br)cc1,2,19,-3.282
4-bromophenol,Oc1ccc(Br)cc1,3,20,-4.881
4-bromophenol,Oc1ccc(Br)cc1,3,21,-4.625
4-bromophenol,Oc1ccc(Br)cc1,3,22,-4.468
4-bromophenol,Oc1ccc(Br)cc1,3,23,-4.27
4-bromophenol,Oc1ccc(Br)cc1,3,24,-4.23
4-bromophenol,Oc1ccc(Br)cc1,3,25,-4.052
4-bromophenol,Oc1ccc(Br)cc1,4,26,-4.876
4-bromophenol,Oc1ccc(Br)cc1,4,27,-4.605
4-bromophenol,Oc1ccc(Br)cc1,4,28,-4.261
4-bromophenol,Oc1ccc(Br)cc1,4,29,-4.188
4-bromophenol,Oc1ccc(Br)cc1,4,30,-4.165
4-bromophenol,Oc1ccc(Br)cc1,4,31,-4.16
4-bromophenol,Oc1ccc(Br)cc1,4,32,-4.116
4-bromophenol,Oc1ccc(Br)cc1,5,33,-5.109
4-bromophenol,Oc1ccc(Br)cc1,5,34,-4.936
4-bromophenol,Oc1ccc(Br)cc1,5,35,-4.897
4-bromophenol,Oc1ccc(Br)cc1,5,36,-4.88
4-bromophenol,Oc1ccc(Br)cc1,5,37,-4.831
4-bromophenol,Oc1ccc(Br)cc1,5,38,-4.675
4-bromophenol,Oc1ccc(Br)cc1,6,39,-1.799
4-bromophenol,Oc1ccc(Br)cc1,6,40,-1.673
4-bromophenol,Oc1ccc(Br)cc1,6,41,-1.599
4-bromophenol,Oc1ccc(Br)cc1,6,42,-1.594
4-bromophenol,Oc1ccc(Br)cc1,6,43,-1.543
4-bromophenol,Oc1ccc(Br)cc1,6,44,-1.517
4-bromophenol,Oc1ccc(Br)cc1,6,45,-1.484
4-bromophenol,Oc1ccc(Br)cc1,6,46,-1.474
4-bromophenol,Oc1ccc(Br)cc1,7,47,-2.996
4-bromophenol,Oc1ccc(Br)cc1,7,48,-2.942
4-bromophenol,Oc1ccc(Br)cc1,7,49,-2.867
4-bromophenol,Oc1ccc(Br)cc1,7,50,-2.665
4-bromophenol,Oc1ccc(Br)cc1,7,51,-2.618
4-bromophenol,Oc1ccc(Br)cc1,7,52,-2.601
4-bromophenol,Oc1ccc(Br)cc1,7,53,-2.481
4-bromophenol,Oc1ccc(Br)cc1,7,54,-2.421
4-bromophenol,Oc1ccc(Br)cc1,8,55,-4.038
4-bromophenol,Oc1ccc(Br)cc1,8,56,-3.77
4-bromophenol,Oc1ccc(Br)cc1,8,57,-3.523
4-bromophenol,Oc1ccc(Br)cc1,8,58,-3.494
4-bromophenol,Oc1ccc(Br)cc1,8,59,-3.17
4-bromophenol,Oc1ccc(Br)cc1,8,60,-3.12
4-bromophenol,Oc1ccc(Br)cc1,8,61,-3.118
4-Iodoaniline,Nc1ccc(I)cc1,0,0,-1.781
4-Iodoaniline,Nc1ccc(I)cc1,0,1,-1.757
4-Iodoaniline,Nc1ccc(I)cc1,0,2,-1.737
4-Iodoaniline,Nc1ccc(I)cc1,0,3,-1.596
4-Iodoaniline,Nc1ccc(I)cc1,0,4,-1.586
4-Iodoaniline,Nc1ccc(I)cc1,1,5,-4.279
4-Iodoaniline,Nc1ccc(I)cc1,1,6,-4.261
4-Iodoaniline,Nc1ccc(I)cc1,1,7,-3.591
4-Iodoaniline,Nc1ccc(I)cc1,1,8,-3.388
4-Iodoaniline,Nc1ccc(I)cc1,1,9,-3.244
4-Iodoaniline,Nc1ccc(I)cc1,1,10,-3.12
4-Iodoaniline,Nc1ccc(I)cc1,1,11,-3.101
4-Iodoaniline,Nc1ccc(I)cc1,2,12,-3.805
4-Iodoaniline,Nc1ccc(I)cc1,2,13,-3.548
4-Iodoaniline,Nc1ccc(I)cc1,2,14,-3.54
4-Iodoaniline,Nc1ccc(I)cc1,2,15,-3.432
4-Iodoaniline,Nc1ccc(I)cc1,2,16,-3.268
4-Iodoaniline,Nc1ccc(I)cc1,2,17,-3.226
4-Iodoaniline,Nc1ccc(I)cc1,2,18,-3.172
4-Iodoaniline,Nc1ccc(I)cc1,3,19,-4.579
4-Iodoaniline,Nc1ccc(I)cc1,3,20,-4.501
4-Iodoaniline,Nc1ccc(I)cc1,3,21,-4.161
4-Iodoaniline,Nc1ccc(I)cc1,3,22,-4.088
4-Iodoaniline,Nc1ccc(I)cc1,3,23,-3.966
4-Iodoaniline,Nc1ccc(I)cc1,3,24,-3.855
4-Iodoaniline,Nc1ccc(I)cc1,3,25,-3.819
4-Iodoaniline,Nc1ccc(I)cc1,4,26,-4.366
4-Iodoaniline,Nc1ccc(I)cc1,4,27,-4.171
4-Iodoaniline,Nc1ccc(I)cc1,4,28,-3.918
4-Iodoaniline,Nc1ccc(I)cc1,4,29,-3.868
4-Iodoaniline,Nc1ccc(I)cc1,4,30,-3.84
4-Iodoaniline,Nc1ccc(I)cc1,4,31,-3.835
4-Iodoaniline,Nc1ccc(I)cc1,4,32,-3.78
4-Iodoaniline,Nc1ccc(I)cc1,5,33,-5.238
4-Iodoaniline,Nc1ccc(I)cc1,5,34,-5.123
4-Iodoaniline,Nc1ccc(I)cc1,5,35,-4.837
4-Iodoaniline,Nc1ccc(I)cc1,5,36,-4.738
4-Iodoaniline,Nc1ccc(I)cc1,5,37,-4.274
4-Iodoaniline,Nc1ccc(I)cc1,5,38,-3.865
4-Iodoaniline,Nc1ccc(I)cc1,6,39,-1.844
4-Iodoaniline,Nc1ccc(I)cc1,6,40,-1.699
4-Iodoaniline,Nc1ccc(I)cc1,6,41,-1.474
4-Iodoaniline,Nc1ccc(I)cc1,6,42,-1.388
4-Iodoaniline,Nc1ccc(I)cc1,6,43,-1.358
4-Iodoaniline,Nc1ccc(I)cc1,6,44,-1.352
4-Iodoaniline,Nc1ccc(I)cc1,6,45,-1.35
4-Iodoaniline,Nc1ccc(I)cc1,7,46,-2.987
4-Iodoaniline,Nc1ccc(I)cc1,7,47,-2.604
4-Iodoaniline,Nc1ccc(I)cc1,7,48,-2.413
4-Iodoaniline,Nc1ccc(I)cc1,7,49,-2.371
4-Iodoaniline,Nc1ccc(I)cc1,7,50,-2.369
4-Iodoaniline,Nc1ccc(I)cc1,7,51,-2.36
4-Iodoaniline,Nc1ccc(I)cc1,8,52,-3.773
4-Iodoaniline,Nc1ccc(I)cc1,8,53,-3.172
4-Iodoaniline,Nc1ccc(I)cc1,8,54,-3.104
4-Iodoaniline,Nc1ccc(I)cc1,8,55,-3.097
4-Iodoaniline,Nc1ccc(I)cc1,8,56,-3.05
"N,N-Diethylaniline",CCN(CC)c1ccccc1,0,0,-1.784
"N,N-Diethylaniline",CCN(CC)c1ccccc1,0,1,-1.75
"N,N-Diethylaniline",CCN(CC)c1ccccc1,0,2,-1.74
"N,N-Diethylaniline",CCN(CC)c1ccccc1,0,3,-1.715
"N,N-Diethylaniline",CCN(CC)c1ccccc1,0,4,-1.691
"N,N-Diethylaniline",CCN(CC)c1ccccc1,0,5,-1.689
"N,N-Diethylaniline",CCN(CC)c1ccccc1,1,6,-4.8
"N,N-Diethylaniline",CCN(CC)c1ccccc1,1,7,-4.609
"N,N-Diethylaniline",CCN(CC)c1ccccc1,1,8,-4.326
"N,N-Diethylaniline",CCN(CC)c1ccccc1,1,9,-4.294
"N,N-Diethylaniline",CCN(CC)c1ccccc1,1,10,-3.875
"N,N-Diethylaniline",CCN(CC)c1ccccc1,1,11,-3.868
"N,N-Diethylaniline",CCN(CC)c1ccccc1,1,12,-3.848
"N,N-Diethylaniline",CCN(CC)c1ccccc1,1,13,-3.783
"N,N-Diethylaniline",CCN(CC)c1ccccc1,2,14,-3.995
"N,N-Diethylaniline",CCN(CC)c1ccccc1,2,15,-3.984
"N,N-Diethylaniline",CCN(CC)c1ccccc1,2,16,-3.784
"N,N-Diethylaniline",CCN(CC)c1ccccc1,2,17,-3.692
"N,N-Diethylaniline",CCN(CC)c1ccccc1,2,18,-3.641
"N,N-Diethylaniline",CCN(CC)c1ccccc1,2,19,-3.639
"N,N-Diethylaniline",CCN(CC)c1ccccc1,2,20,-3.623
"N,N-Diethylaniline",CCN(CC)c1ccccc1,3,21,-5.352
"N,N-Diethylaniline",CCN(CC)c1ccccc1,3,22,-5.271
"N,N-Diethylaniline",CCN(CC)c1ccccc1,3,23,-5.141
"N,N-Diethylaniline",CCN(CC)c1ccccc1,3,24,-5.125
"N,N-Diethylaniline",CCN(CC)c1ccccc1,3,25,-5.12
"N,N-Diethylaniline",CCN(CC)c1ccccc1,3,26,-5.117
"N,N-Diethylaniline",CCN(CC)c1ccccc1,3,27,-4.888
"N,N-Diethylaniline",CCN(CC)c1ccccc1,3,28,-4.872
"N,N-Diethylaniline",CCN(CC)c1ccccc1,3,29,-4.829
"N,N-Diethylaniline",CCN(CC)c1ccccc1,4,30,-5.027
"N,N-Diethylaniline",CCN(CC)c1ccccc1,4,31,-4.986
"N,N-Diethylaniline",CCN(CC)c1ccccc1,4,32,-4.841
"N,N-Diethylaniline",CCN(CC)c1ccccc1,4,33,-4.789
"N,N-Diethylaniline",CCN(CC)c1ccccc1,4,34,-4.778
"N,N-Diethylaniline",CCN(CC)c1ccccc1,4,35,-4.716
"N,N-Diethylaniline",CCN(CC)c1ccccc1,4,36,-4.631
"N,N-Diethylaniline",CCN(CC)c1ccccc1,4,37,-4.557
"N,N-Diethylaniline",CCN(CC)c1ccccc1,5,38,-5.916
"N,N-Diethylaniline",CCN(CC)c1ccccc1,5,39,-5.879
"N,N-Diethylaniline",CCN(CC)c1ccccc1,5,40,-5.69
"N,N-Diethylaniline",CCN(CC)c1ccccc1,5,41,-5.646
"N,N-Diethylaniline",CCN(CC)c1ccccc1,5,42,-5.302
"N,N-Diethylaniline",CCN(CC)c1ccccc1,5,43,-5.278
"N,N-Diethylaniline",CCN(CC)c1ccccc1,5,44,-5.271
"N,N-Diethylaniline",CCN(CC)c1ccccc1,5,45,-5.221
"N,N-Diethylaniline",CCN(CC)c1ccccc1,6,46,-1.731
"N,N-Diethylaniline",CCN(CC)c1ccccc1,6,47,-1.584
"N,N-Diethylaniline",CCN(CC)c1ccccc1,6,48,-1.564
"N,N-Diethylaniline",CCN(CC)c1ccccc1,6,49,-1.501
"N,N-Diethylaniline",CCN(CC)c1ccccc1,6,50,-1.451
"N,N-Diethylaniline",CCN(CC)c1ccccc1,6,51,-1.373
"N,N-Diethylaniline",CCN(CC)c1ccccc1,6,52,-1.356
"N,N-Diethylaniline",CCN(CC)c1ccccc1,6,53,-1.296
"N,N-Diethylaniline",CCN(CC)c1ccccc1,6,54,-1.285
"N,N-Diethylaniline",CCN(CC)c1ccccc1,7,55,-3.178
"N,N-Diethylaniline",CCN(CC)c1ccccc1,7,56,-3.113
"N,N-Diethylaniline",CCN(CC)c1ccccc1,7,57,-2.965
"N,N-Diethylaniline",CCN(CC)c1ccccc1,7,58,-2.816
"N,N-Diethylaniline",CCN(CC)c1ccccc1,8,59,-4.042
"N,N-Diethylaniline",CCN(CC)c1ccccc1,8,60,-3.684
"N,N-Diethylaniline",CCN(CC)c1ccccc1,8,61,-3.636
"N,N-Diethylaniline",CCN(CC)c1ccccc1,8,62,-3.566
"N,N-Diethylaniline",CCN(CC)c1ccccc1,8,63,-3.541
"N,N-Diethylaniline",CCN(CC)c1ccccc1,8,64,-3.531
"N,N-Diethylaniline",CCN(CC)c1ccccc1,8,65,-3.529
"N,N-Diethylaniline",CCN(CC)c1ccccc1,8,66,-3.434
4-n-Propylphenol,CCCc1ccc(O)cc1,0,0,-1.89
4-n-Propylphenol,CCCc1ccc(O)cc1,0,1,-1.83
4-n-Propylphenol,CCCc1ccc(O)cc1,0,2,-1.826
4-n-Propylphenol,CCCc1ccc(O)cc1,0,3,-1.814
4-n-Propylphenol,CCCc1ccc(O)cc1,0,4,-1.773
4-n-Propylphenol,CCCc1ccc(O)cc1,0,5,-1.742
4-n-Propylphenol,CCCc1ccc(O)cc1,1,6,-5.424
4-n-Propylphenol,CCCc1ccc(O)cc1,1,7,-5.013
4-n-Propylphenol,CCCc1ccc(O)cc1,1,8,-4.748
4-n-Propylphenol,CCCc1ccc(O)cc1,1,9,-4.314
4-n-Propylphenol,CCCc1ccc(O)cc1,1,10,-4.012
4-n-Propylphenol,CCCc1ccc(O)cc1,1,11,-3.891
4-n-Propylphenol,CCCc1ccc(O)cc1,1,12,-3.888
4-n-Propylphenol,CCCc1ccc(O)cc1,2,13,-4.372
4-n-Propylphenol,CCCc1ccc(O)cc1,2,14,-4.058
4-n-Propylphenol,CCCc1ccc(O)cc1,2,15,-4.041
4-n-Propylphenol,CCCc1ccc(O)cc1,2,16,-4.003
4-n-Propylphenol,CCCc1ccc(O)cc1,2,17,-3.928
4-n-Propylphenol,CCCc1ccc(O)cc1,2,18,-3.863
4-n-Propylphenol,CCCc1ccc(O)cc1,3,19,-5.332
4-n-Propylphenol,CCCc1ccc(O)cc1,3,20,-5.078
4-n-Propylphenol,CCCc1ccc(O)cc1,3,21,-5.043
4-n-Propylphenol,CCCc1ccc(O)cc1,3,22,-4.775
4-n-Propylphenol,CCCc1ccc(O)cc1,3,23,-4.644
4-n-Propylphenol,CCCc1ccc(O)cc1,3,24,-4.43
4-n-Propylphenol,CCCc1ccc(O)cc1,4,25,-5.166
4-n-Propylphenol,CCCc1ccc(O)cc1,4,26,-5.13
4-n-Propylphenol,CCCc1ccc(O)cc1,4,27,-5.095
4-n-Propylphenol,CCCc1ccc(O)cc1,4,28,-5.079
4-n-Propylphenol,CCCc1ccc(O)cc1,4,29,-4.948
4-n-Propylphenol,CCCc1ccc(O)cc1,4,30,-4.906
4-n-Propylphenol,CCCc1ccc(O)cc1,4,31,-4.835
4-n-Propylphenol,CCCc1ccc(O)cc1,5,32,-6.02
4-n-Propylphenol,CCCc1ccc(O)cc1,5,33,-5.93
4-n-Propylphenol,CCCc1ccc(O)cc1,5,34,-5.724
4-n-Propylphenol,CCCc1ccc(O)cc1,5,35,-5.451
4-n-Propylphenol,CCCc1ccc(O)cc1,5,36,-4.89
4-n-Propylphenol,CCCc1ccc(O)cc1,5,37,-4.243
4-n-Propylphenol,CCCc1ccc(O)cc1,6,38,-1.718
4-n-Propylphenol,CCCc1ccc(O)cc1,6,39,-1.645
4-n-Propylphenol,CCCc1ccc(O)cc1,6,40,-1.6
4-n-Propylphenol,CCCc1ccc(O)cc1,6,41,-1.479
4-n-Propylphenol,CCCc1ccc(O)cc1,6,42,-1.459
4-n-Propylphenol,CCCc1ccc(O)cc1,6,43,-1.354
4-n-Propylphenol,CCCc1ccc(O)cc1,6,44,-1.332
4-n-Propylphenol,CCCc1ccc(O)cc1,6,45,-1.288
4-n-Propylphenol,CCCc1ccc(O)cc1,6,46,-1.288
4-n-Propylphenol,CCCc1ccc(O)cc1,7,47,-3.311
4-n-Propylphenol,CCCc1ccc(O)cc1,7,48,-3.164
4-n-Propylphenol,CCCc1ccc(O)cc1,7,49,-3.147
4-n-Propylphenol,CCCc1ccc(O)cc1,7,50,-3.134
4-n-Propylphenol,CCCc1ccc(O)cc1,7,51,-2.924
4-n-Propylphenol,CCCc1ccc(O)cc1,7,52,-2.92
4-n-Propylphenol,CCCc1ccc(O)cc1,7,53,-2.883
4-n-Propylphenol,CCCc1ccc(O)cc1,8,54,-4.333
4-n-Propylphenol,CCCc1ccc(O)cc1,8,55,-4.227
4-n-Propylphenol,CCCc1ccc(O)cc1,8,56,-4.09
4-n-Propylphenol,CCCc1ccc(O)cc1,8,57,-4.023
4-n-Propylphenol,CCCc1ccc(O)cc1,8,58,-3.664
4-n-Propylphenol,CCCc1ccc(O)cc1,8,59,-3.572
4-iodophenol,Oc1ccc(I)cc1,0,0,-1.834
4-iodophenol,Oc1ccc(I)cc1,0,1,-1.753
4-iodophenol,Oc1ccc(I)cc1,0,2,-1.733
4-iodophenol,Oc1ccc(I)cc1,0,3,-1.715
4-iodophenol,Oc1ccc(I)cc1,0,4,-1.715
4-iodophenol,Oc1ccc(I)cc1,0,5,-1.621
4-iodophenol,Oc1ccc(I)cc1,1,6,-4.341
4-iodophenol,Oc1ccc(I)cc1,1,7,-4.277
4-iodophenol,Oc1ccc(I)cc1,1,8,-4.253
4-iodophenol,Oc1ccc(I)cc1,1,9,-3.804
4-iodophenol,Oc1ccc(I)cc1,1,10,-3.739
4-iodophenol,Oc1ccc(I)cc1,1,11,-3.619
4-iodophenol,Oc1ccc(I)cc1,2,12,-3.95
4-iodophenol,Oc1ccc(I)cc1,2,13,-3.884
4-iodophenol,Oc1ccc(I)cc1,2,14,-3.462
4-iodophenol,Oc1ccc(I)cc1,2,15,-3.33
4-iodophenol,Oc1ccc(I)cc1,2,16,-3.278
4-iodophenol,Oc1ccc(I)cc1,3,17,-4.621
4-iodophenol,Oc1ccc(I)cc1,3,18,-4.584
4-iodophenol,Oc1ccc(I)cc1,3,19,-4.363
4-iodophenol,Oc1ccc(I)cc1,3,20,-4.183
4-iodophenol,Oc1ccc(I)cc1,3,21,-4.131
4-iodophenol,Oc1ccc(I)cc1,3,22,-3.976
4-iodophenol,Oc1ccc(I)cc1,3,23,-3.896
4-iodophenol,Oc1ccc(I)cc1,3,24,-3.869
4-iodophenol,Oc1ccc(I)cc1,4,25,-4.459
4-iodophenol,Oc1ccc(I)cc1,4,26,-4.229
4-iodophenol,Oc1ccc(I)cc1,4,27,-4.167
4-iodophenol,Oc1ccc(I)cc1,4,28,-4.16
4-iodophenol,Oc1ccc(I)cc1,4,29,-4.156
4-iodophenol,Oc1ccc(I)cc1,4,30,-4.129
4-iodophenol,Oc1ccc(I)cc1,4,31,-3.96
4-iodophenol,Oc1ccc(I)cc1,4,32,-3.935
4-iodophenol,Oc1ccc(I)cc1,5,33,-5.133
4-iodophenol,Oc1ccc(I)cc1,5,34,-5.065
4-iodophenol,Oc1ccc(I)cc1,5,35,-4.778
4-iodophenol,Oc1ccc(I)cc1,5,36,-4.747
4-iodophenol,Oc1ccc(I)cc1,5,37,-3.882
4-iodophenol,Oc1ccc(I)cc1,5,38,-3.868
4-iodophenol,Oc1ccc(I)cc1,6,39,-1.742
4-iodophenol,Oc1ccc(I)cc1,6,40,-1.597
4-iodophenol,Oc1ccc(I)cc1,6,41,-1.55
4-iodophenol,Oc1ccc(I)cc1,6,42,-1.488
4-iodophenol,Oc1ccc(I)cc1,6,43,-1.445
4-iodophenol,Oc1ccc(I)cc1,6,44,-1.442
4-iodophenol,Oc1ccc(I)cc1,6,45,-1.44
4-iodophenol,Oc1ccc(I)cc1,6,46,-1.439
4-iodophenol,Oc1ccc(I)cc1,7,47,-3.068
4-iodophenol,Oc1ccc(I)cc1,7,48,-2.821
4-iodophenol,Oc1ccc(I)cc1,7,49,-2.677
4-iodophenol,Oc1ccc(I)cc1,7,50,-2.665
4-iodophenol,Oc1ccc(I)cc1,7,51,-2.491
4-iodophenol,Oc1ccc(I)cc1,7,52,-2.435
4-iodophenol,Oc1ccc(I)cc1,8,53,-3.785
4-iodophenol,Oc1ccc(I)cc1,8,54,-3.403
4-iodophenol,Oc1ccc(I)cc1,8,55,-3.261
4-iodophenol,Oc1ccc(I)cc1,8,56,-3.256
4-iodophenol,Oc1ccc(I)cc1,8,57,-3.243
4-iodophenol,Oc1ccc(I)cc1,8,58,-3.134
Phenanthrene,c1ccc2c(c1)ccc1ccccc12,0,0,-2.425
Phenanthrene,c1ccc2c(c1)ccc1ccccc12,0,1,-2.408
Phenanthrene,c1ccc2c(c1)ccc1ccccc12,0,2,-2.391
Phenanthrene,c1ccc2c(c1)ccc1ccccc12,0,3,-2.363
Phenanthrene,c1ccc2c(c1)ccc1ccccc12,0,4,-2.336
Phenanthrene,c1ccc2c(c1)ccc1ccccc12,0,5,-2.22
Phenanthrene,c1ccc2c(c1)ccc1ccccc12,0,6,-2.194
Phenanthrene,c1ccc2c(c1)ccc1ccccc12,1,7,-5.814
Phenanthrene,c1ccc2c(c1)ccc1ccccc12,1,8,-5.718
Phenanthrene,c1ccc2c(c1)ccc1ccccc12,1,9,-5.081
Phenanthrene,c1ccc2c(c1)ccc1ccccc12,1,10,-5.029
Phenanthrene,c1ccc2c(c1)ccc1ccccc12,1,11,-4.932
Phenanthrene,c1ccc2c(c1)ccc1ccccc12,1,12,-4.892
Phenanthrene,c1ccc2c(c1)ccc1ccccc12,1,13,-4.888
Phenanthrene,c1ccc2c(c1)ccc1ccccc12,2,14,-5.871
Phenanthrene,c1ccc2c(c1)ccc1ccccc12,2,15,-5.833
Phenanthrene,c1ccc2c(c1)ccc1ccccc12,2,16,-5.533
Phenanthrene,c1ccc2c(c1)ccc1ccccc12,2,17,-5.487
Phenanthrene,c1ccc2c(c1)ccc1ccccc12,2,18,-5.299
Phenanthrene,c1ccc2c(c1)ccc1ccccc12,2,19,-5.242
Phenanthrene,c1ccc2c(c1)ccc1ccccc12,2,20,-5.189
Phenanthrene,c1ccc2c(c1)ccc1ccccc12,2,21,-5.115
Phenanthrene,c1ccc2c(c1)ccc1ccccc12,2,22,-5.083
Phenanthrene,c1ccc2c(c1)ccc1ccccc12,3,23,-7.425
Phenanthrene,c1ccc2c(c1)ccc1ccccc12,3,24,-7.39
Phenanthrene,c1ccc2c(c1)ccc1ccccc12,3,25,-7.27
Phenanthrene,c1ccc2c(c1)ccc1ccccc12,3,26,-7.226
Phenanthrene,c1ccc2c(c1)ccc1ccccc12,3,27,-6.198
Phenanthrene,c1ccc2c(c1)ccc1ccccc12,3,28,-6.105
Phenanthrene,c1ccc2c(c1)ccc1ccccc12,3,29,-6.036
Phenanthrene,c1ccc2c(c1)ccc1ccccc12,3,30,-6.019
Phenanthrene,c1ccc2c(c1)ccc1ccccc12,4,31,-8.069
Phenanthrene,c1ccc2c(c1)ccc1ccccc12,4,32,-7.983
Phenanthrene,c1ccc2c(c1)ccc1ccccc12,4,33,-7.909
Phenanthrene,c1ccc2c(c1)ccc1ccccc12,4,34,-7.798
Phenanthrene,c1ccc2c(c1)ccc1ccccc12,4,35,-7.336
Phenanthrene,c1ccc2c(c1)ccc1ccccc12,4,36,-7.127
Phenanthrene,c1ccc2c(c1)ccc1ccccc12,4,37,-6.814
Phenanthrene,c1ccc2c(c1)ccc1ccccc12,4,38,-6.785
Phenanthrene,c1ccc2c(c1)ccc1ccccc12,5,39,-8.938
Phenanthrene,c1ccc2c(c1)ccc1ccccc12,5,40,-8.91
Phenanthrene,c1ccc2c(c1)ccc1ccccc12,5,41,-7.479
Phenanthrene,c1ccc2c(c1)ccc1ccccc12,5,42,-7.398
Phenanthrene,c1ccc2c(c1)ccc1ccccc12,6,43,-2.582
Phenanthrene,c1ccc2c(c1)ccc1ccccc12,6,44,-2.513
Phenanthrene,c1ccc2c(c1)ccc1ccccc12,6,45,-2.472
Phenanthrene,c1ccc2c(c1)ccc1ccccc12,6,46,-2.456
Phenanthrene,c1ccc2c(c1)ccc1ccccc12,6,47,-2.455
Phenanthrene,c1ccc2c(c1)ccc1ccccc12,6,48,-2.422
Phenanthrene,c1ccc2c(c1)ccc1ccccc12,6,49,-2.397
Phenanthrene,c1ccc2c(c1)ccc1ccccc12,6,50,-2.391
Phenanthrene,c1ccc2c(c1)ccc1ccccc12,7,51,-4.495
Phenanthrene,c1ccc2c(c1)ccc1ccccc12,7,52,-4.165
Phenanthrene,c1ccc2c(c1)ccc1ccccc12,7,53,-3.832
Phenanthrene,c1ccc2c(c1)ccc1ccccc12,7,54,-3.823
Phenanthrene,c1ccc2c(c1)ccc1ccccc12,7,55,-3.758
Phenanthrene,c1ccc2c(c1)ccc1ccccc12,7,56,-3.641
Phenanthrene,c1ccc2c(c1)ccc1ccccc12,7,57,-3.615
Phenanthrene,c1ccc2c(c1)ccc1ccccc12,7,58,-3.564
Phenanthrene,c1ccc2c(c1)ccc1ccccc12,7,59,-3.54
Phenanthrene,c1ccc2c(c1)ccc1ccccc12,8,60,-5.381
Phenanthrene,c1ccc2c(c1)ccc1ccccc12,8,61,-5.179
Phenanthrene,c1ccc2c(c1)ccc1ccccc12,8,62,-5.159
Phenanthrene,c1ccc2c(c1)ccc1ccccc12,8,63,-5.071
Phenanthrene,c1ccc2c(c1)ccc1ccccc12,8,64,-4.991
Phenanthrene,c1ccc2c(c1)ccc1ccccc12,8,65,-4.938
Phenanthrene,c1ccc2c(c1)ccc1ccccc12,8,66,-4.87
Fluoranthene,c1ccc2c(c1)-c1cccc3cccc-2c13,0,0,-2.684
Fluoranthene,c1ccc2c(c1)-c1cccc3cccc-2c13,0,1,-2.515
Fluoranthene,c1ccc2c(c1)-c1cccc3cccc-2c13,0,2,-2.472
Fluoranthene,c1ccc2c(c1)-c1cccc3cccc-2c13,0,3,-2.463
Fluoranthene,c1ccc2c(c1)-c1cccc3cccc-2c13,0,4,-2.409
Fluoranthene,c1ccc2c(c1)-c1cccc3cccc-2c13,0,5,-2.391
Fluoranthene,c1ccc2c(c1)-c1cccc3cccc-2c13,0,6,-2.37
Fluoranthene,c1ccc2c(c1)-c1cccc3cccc-2c13,0,7,-2.308
Fluoranthene,c1ccc2c(c1)-c1cccc3cccc-2c13,1,8,-5.877
Fluoranthene,c1ccc2c(c1)-c1cccc3cccc-2c13,1,9,-5.813
Fluoranthene,c1ccc2c(c1)-c1cccc3cccc-2c13,1,10,-5.629
Fluoranthene,c1ccc2c(c1)-c1cccc3cccc-2c13,1,11,-5.588
Fluoranthene,c1ccc2c(c1)-c1cccc3cccc-2c13,1,12,-5.5
Fluoranthene,c1ccc2c(c1)-c1cccc3cccc-2c13,1,13,-5.495
Fluoranthene,c1ccc2c(c1)-c1cccc3cccc-2c13,1,14,-5.482
Fluoranthene,c1ccc2c(c1)-c1cccc3cccc-2c13,1,15,-5.36
Fluoranthene,c1ccc2c(c1)-c1cccc3cccc-2c13,2,16,-6.147
Fluoranthene,c1ccc2c(c1)-c1cccc3cccc-2c13,2,17,-5.927
Fluoranthene,c1ccc2c(c1)-c1cccc3cccc-2c13,2,18,-5.9
Fluoranthene,c1ccc2c(c1)-c1cccc3cccc-2c13,2,19,-5.877
Fluoranthene,c1ccc2c(c1)-c1cccc3cccc-2c13,2,20,-5.767
Fluoranthene,c1ccc2c(c1)-c1cccc3cccc-2c13,2,21,-5.708
Fluoranthene,c1ccc2c(c1)-c1cccc3cccc-2c13,2,22,-5.61
Fluoranthene,c1ccc2c(c1)-c1cccc3cccc-2c13,2,23,-5.534
Fluoranthene,c1ccc2c(c1)-c1cccc3cccc-2c13,3,24,-8.561
Fluoranthene,c1ccc2c(c1)-c1cccc3cccc-2c13,3,25,-7.448
Fluoranthene,c1ccc2c(c1)-c1cccc3cccc-2c13,3,26,-7.368
Fluoranthene,c1ccc2c(c1)-c1cccc3cccc-2c13,3,27,-7.012
Fluoranthene,c1ccc2c(c1)-c1cccc3cccc-2c13,3,28,-6.857
Fluoranthene,c1ccc2c(c1)-c1cccc3cccc-2c13,3,29,-6.837
Fluoranthene,c1ccc2c(c1)-c1cccc3cccc-2c13,3,30,-6.832
Fluoranthene,c1ccc2c(c1)-c1cccc3cccc-2c13,3,31,-6.649
Fluoranthene,c1ccc2c(c1)-c1cccc3cccc-2c13,4,32,-8.989
Fluoranthene,c1ccc2c(c1)-c1cccc3cccc-2c13,4,33,-7.674
Fluoranthene,c1ccc2c(c1)-c1cccc3cccc-2c13,4,34,-7.582
Fluoranthene,c1ccc2c(c1)-c1cccc3cccc-2c13,4,35,-7.575
Fluoranthene,c1ccc2c(c1)-c1cccc3cccc-2c13,4,36,-7.565
Fluoranthene,c1ccc2c(c1)-c1cccc3cccc-2c13,4,37,-7.46
Fluoranthene,c1ccc2c(c1)-c1cccc3cccc-2c13,4,38,-7.377
Fluoranthene,c1ccc2c(c1)-c1cccc3cccc-2c13,4,39,-7.262
Fluoranthene,c1ccc2c(c1)-c1cccc3cccc-2c13,4,40,-7.242
Fluoranthene,c1ccc2c(c1)-c1cccc3cccc-2c13,5,41,-7.862
Fluoranthene,c1ccc2c(c1)-c1cccc3cccc-2c13,5,42,-7.745
Fluoranthene,c1ccc2c(c1)-c1cccc3cccc-2c13,5,43,-5.785
Fluoranthene,c1ccc2c(c1)-c1cccc3cccc-2c13,5,44,-5.783
Fluoranthene,c1ccc2c(c1)-c1cccc3cccc-2c13,5,45,-5.607
Fluoranthene,c1ccc2c(c1)-c1cccc3cccc-2c13,5,46,-5.599
Fluoranthene,c1ccc2c(c1)-c1cccc3cccc-2c13,5,47,-5.584
Fluoranthene,c1ccc2c(c1)-c1cccc3cccc-2c13,5,48,-5.527
Fluoranthene,c1ccc2c(c1)-c1cccc3cccc-2c13,5,49,-5.515
Fluoranthene,c1ccc2c(c1)-c1cccc3cccc-2c13,6,50,-2.809
Fluoranthene,c1ccc2c(c1)-c1cccc3cccc-2c13,6,51,-2.784
Fluoranthene,c1ccc2c(c1)-c1cccc3cccc-2c13,6,52,-2.654
Fluoranthene,c1ccc2c(c1)-c1cccc3cccc-2c13,6,53,-2.64
Fluoranthene,c1ccc2c(c1)-c1cccc3cccc-2c13,6,54,-2.604
Fluoranthene,c1ccc2c(c1)-c1cccc3cccc-2c13,6,55,-2.603
Fluoranthene,c1ccc2c(c1)-c1cccc3cccc-2c13,6,56,-2.547
Fluoranthene,c1ccc2c(c1)-c1cccc3cccc-2c13,6,57,-2.546
Fluoranthene,c1ccc2c(c1)-c1cccc3cccc-2c13,7,58,-4.679
Fluoranthene,c1ccc2c(c1)-c1cccc3cccc-2c13,7,59,-4.3
Fluoranthene,c1ccc2c(c1)-c1cccc3cccc-2c13,7,60,-4.246
Fluoranthene,c1ccc2c(c1)-c1cccc3cccc-2c13,7,61,-4.226
Fluoranthene,c1ccc2c(c1)-c1cccc3cccc-2c13,7,62,-4.216
Fluoranthene,c1ccc2c(c1)-c1cccc3cccc-2c13,7,63,-4.187
Fluoranthene,c1ccc2c(c1)-c1cccc3cccc-2c13,7,64,-4.024
Fluoranthene,c1ccc2c(c1)-c1cccc3cccc-2c13,7,65,-4.015
Fluoranthene,c1ccc2c(c1)-c1cccc3cccc-2c13,7,66,-4.003
Fluoranthene,c1ccc2c(c1)-c1cccc3cccc-2c13,8,67,-5.856
Fluoranthene,c1ccc2c(c1)-c1cccc3cccc-2c13,8,68,-5.827
Fluoranthene,c1ccc2c(c1)-c1cccc3cccc-2c13,8,69,-5.54
Fluoranthene,c1ccc2c(c1)-c1cccc3cccc-2c13,8,70,-4.951
Fluoranthene,c1ccc2c(c1)-c1cccc3cccc-2c13,8,71,-4.899
Fluoranthene,c1ccc2c(c1)-c1cccc3cccc-2c13,8,72,-4.784
Pyrene,c1cc2ccc3cccc4ccc(c1)c2c34,0,0,-2.701
Pyrene,c1cc2ccc3cccc4ccc(c1)c2c34,0,1,-2.678
Pyrene,c1cc2ccc3cccc4ccc(c1)c2c34,0,2,-2.615
Pyrene,c1cc2ccc3cccc4ccc(c1)c2c34,0,3,-2.577
Pyrene,c1cc2ccc3cccc4ccc(c1)c2c34,0,4,-2.573
Pyrene,c1cc2ccc3cccc4ccc(c1)c2c34,0,5,-2.541
Pyrene,c1cc2ccc3cccc4ccc(c1)c2c34,0,6,-2.509
Pyrene,c1cc2ccc3cccc4ccc(c1)c2c34,0,7,-2.445
Pyrene,c1cc2ccc3cccc4ccc(c1)c2c34,0,8,-2.419
Pyrene,c1cc2ccc3cccc4ccc(c1)c2c34,1,9,-6.129
Pyrene,c1cc2ccc3cccc4ccc(c1)c2c34,1,10,-6.128
Pyrene,c1cc2ccc3cccc4ccc(c1)c2c34,1,11,-5.874
Pyrene,c1cc2ccc3cccc4ccc(c1)c2c34,1,12,-5.764
Pyrene,c1cc2ccc3cccc4ccc(c1)c2c34,1,13,-5.761
Pyrene,c1cc2ccc3cccc4ccc(c1)c2c34,1,14,-5.742
Pyrene,c1cc2ccc3cccc4ccc(c1)c2c34,1,15,-5.643
Pyrene,c1cc2ccc3cccc4ccc(c1)c2c34,1,16,-5.404
Pyrene,c1cc2ccc3cccc4ccc(c1)c2c34,2,17,-5.6
Pyrene,c1cc2ccc3cccc4ccc(c1)c2c34,2,18,-5.598
Pyrene,c1cc2ccc3cccc4ccc(c1)c2c34,2,19,-5.578
Pyrene,c1cc2ccc3cccc4ccc(c1)c2c34,2,20,-5.479
Pyrene,c1cc2ccc3cccc4ccc(c1)c2c34,2,21,-5.476
Pyrene,c1cc2ccc3cccc4ccc(c1)c2c34,2,22,-5.367
Pyrene,c1cc2ccc3cccc4ccc(c1)c2c34,2,23,-5.273
Pyrene,c1cc2ccc3cccc4ccc(c1)c2c34,3,24,-8.184
Pyrene,c1cc2ccc3cccc4ccc(c1)c2c34,3,25,-8.137
Pyrene,c1cc2ccc3cccc4ccc(c1)c2c34,3,26,-7.866
Pyrene,c1cc2ccc3cccc4ccc(c1)c2c34,3,27,-6.608
Pyrene,c1cc2ccc3cccc4ccc(c1)c2c34,3,28,-6.575
Pyrene,c1cc2ccc3cccc4ccc(c1)c2c34,3,29,-6.568
Pyrene,c1cc2ccc3cccc4ccc(c1)c2c34,3,30,-6.528
Pyrene,c1cc2ccc3cccc4ccc(c1)c2c34,4,31,-8.441
Pyrene,c1cc2ccc3cccc4ccc(c1)c2c34,4,32,-8.341
Pyrene,c1cc2ccc3cccc4ccc(c1)c2c34,4,33,-7.381
Pyrene,c1cc2ccc3cccc4ccc(c1)c2c34,4,34,-7.317
Pyrene,c1cc2ccc3cccc4ccc(c1)c2c34,4,35,-7.303
Pyrene,c1cc2ccc3cccc4ccc(c1)c2c34,4,36,-7.255
Pyrene,c1cc2ccc3cccc4ccc(c1)c2c34,4,37,-6.663
Pyrene,c1cc2ccc3cccc4ccc(c1)c2c34,5,38,-6.158
Pyrene,c1cc2ccc3cccc4ccc(c1)c2c34,5,39,-5.969
Pyrene,c1cc2ccc3cccc4ccc(c1)c2c34,5,40,-5.895
Pyrene,c1cc2ccc3cccc4ccc(c1)c2c34,5,41,-5.88
Pyrene,c1cc2ccc3cccc4ccc(c1)c2c34,5,42,-5.677
Pyrene,c1cc2ccc3cccc4ccc(c1)c2c34,5,43,-5.507
Pyrene,c1cc2ccc3cccc4ccc(c1)c2c34,5,44,-5.478
Pyrene,c1cc2ccc3cccc4ccc(c1)c2c34,5,45,-5.236
Pyrene,c1cc2ccc3cccc4ccc(c1)c2c34,6,46,-2.843
Pyrene,c1cc2ccc3cccc4ccc(c1)c2c34,6,47,-2.838
Pyrene,c1cc2ccc3cccc4ccc(c1)c2c34,6,48,-2.826
Pyrene,c1cc2ccc3cccc4ccc(c1)c2c34,6,49,-2.814
Pyrene,c1cc2ccc3cccc4ccc(c1)c2c34,6,50,-2.758
Pyrene,c1cc2ccc3cccc4ccc(c1)c2c34,6,51,-2.713
Pyrene,c1cc2ccc3cccc4ccc(c1)c2c34,6,52,-2.692
Pyrene,c1cc2ccc3cccc4ccc(c1)c2c34,7,53,-4.777
Pyrene,c1cc2ccc3cccc4ccc(c1)c2c34,7,54,-4.121
Pyrene,c1cc2ccc3cccc4ccc(c1)c2c34,7,55,-4.061
Pyrene,c1cc2ccc3cccc4ccc(c1)c2c34,7,56,-4.023
Pyrene,c1cc2ccc3cccc4ccc(c1)c2c34,7,57,-3.99
Pyrene,c1cc2ccc3cccc4ccc(c1)c2c34,7,58,-3.915
Pyrene,c1cc2ccc3cccc4ccc(c1)c2c34,7,59,-3.801
Pyrene,c1cc2ccc3cccc4ccc(c1)c2c34,7,60,-3.784
Pyrene,c1cc2ccc3cccc4ccc(c1)c2c34,7,61,-3.774
Pyrene,c1cc2ccc3cccc4ccc(c1)c2c34,8,62,-5.936
Pyrene,c1cc2ccc3cccc4ccc(c1)c2c34,8,63,-5.56
Pyrene,c1cc2ccc3cccc4ccc(c1)c2c34,8,64,-5.507
Pyrene,c1cc2ccc3cccc4ccc(c1)c2c34,8,65,-5.477
Pyrene,c1cc2ccc3cccc4ccc(c1)c2c34,8,66,-5.197
Pyrene,c1cc2ccc3cccc4ccc(c1)c2c34,8,67,-5.097
Pyrene,c1cc2ccc3cccc4ccc(c1)c2c34,8,68,-4.971
1-heptyne,C#CCCCCC,0,0,-1.383
1-heptyne,C#CCCCCC,0,1,-1.352
1-heptyne,C#CCCCCC,0,2,-1.344
1-heptyne,C#CCCCCC,0,3,-1.323
1-heptyne,C#CCCCCC,0,4,-1.254
1-heptyne,C#CCCCCC,0,5,-1.237
1-heptyne,C#CCCCCC,0,6,-1.164
1-heptyne,C#CCCCCC,1,7,-4.028
1-heptyne,C#CCCCCC,1,8,-3.857
1-heptyne,C#CCCCCC,1,9,-3.748
1-heptyne,C#CCCCCC,1,10,-3.369
1-heptyne,C#CCCCCC,1,11,-3.369
1-heptyne,C#CCCCCC,1,12,-3.348
1-heptyne,C#CCCCCC,1,13,-3.016
1-heptyne,C#CCCCCC,1,14,-3.004
1-heptyne,C#CCCCCC,2,15,-3.224
1-heptyne,C#CCCCCC,2,16,-3.141
1-heptyne,C#CCCCCC,2,17,-3.09
1-heptyne,C#CCCCCC,2,18,-3.078
1-heptyne,C#CCCCCC,2,19,-3.013
1-heptyne,C#CCCCCC,2,20,-3.01
1-heptyne,C#CCCCCC,2,21,-2.994
1-heptyne,C#CCCCCC,2,22,-2.969
1-heptyne,C#CCCCCC,3,23,-4.73
1-heptyne,C#CCCCCC,3,24,-4.558
1-heptyne,C#CCCCCC,3,25,-4.526
1-heptyne,C#CCCCCC,3,26,-4.499
1-heptyne,C#CCCCCC,3,27,-3.934
1-heptyne,C#CCCCCC,3,28,-3.862
1-heptyne,C#CCCCCC,4,29,-3.908
1-heptyne,C#CCCCCC,4,30,-3.795
1-heptyne,C#CCCCCC,4,31,-3.628
1-heptyne,C#CCCCCC,4,32,-3.548
1-heptyne,C#CCCCCC,4,33,-3.546
1-heptyne,C#CCCCCC,4,34,-3.479
1-heptyne,C#CCCCCC,4,35,-3.463
1-heptyne,C#CCCCCC,4,36,-3.462
1-heptyne,C#CCCCCC,5,37,-4.49
1-heptyne,C#CCCCCC,5,38,-4.43
1-heptyne,C#CCCCCC,5,39,-4.179
1-heptyne,C#CCCCCC,5,40,-3.996
1-heptyne,C#CCCCCC,5,41,-3.812
1-heptyne,C#CCCCCC,5,42,-3.65
1-heptyne,C#CCCCCC,5,43,-3.503
1-heptyne,C#CCCCCC,6,44,-1.497
1-heptyne,C#CCCCCC,6,45,-1.314
1-heptyne,C#CCCCCC,6,46,-1.28
1-heptyne,C#CCCCCC,6,47,-1.269
1-heptyne,C#CCCCCC,6,48,-1.224
1-heptyne,C#CCCCCC,6,49,-1.137
1-heptyne,C#CCCCCC,6,50,-1.104
1-heptyne,C#CCCCCC,6,51,-1.033
1-heptyne,C#CCCCCC,6,52,-1.015
1-heptyne,C#CCCCCC,7,53,-2.721
1-heptyne,C#CCCCCC,7,54,-2.454
1-heptyne,C#CCCCCC,7,55,-2.451
1-heptyne,C#CCCCCC,7,56,-2.445
1-heptyne,C#CCCCCC,7,57,-2.439
1-heptyne,C#CCCCCC,7,58,-2.437
1-heptyne,C#CCCCCC,7,59,-2.417
1-heptyne,C#CCCCCC,7,60,-2.395
1-heptyne,C#CCCCCC,7,61,-2.39
1-heptyne,C#CCCCCC,8,62,-3.476
1-heptyne,C#CCCCCC,8,63,-3.446
1-heptyne,C#CCCCCC,8,64,-3.306
1-heptyne,C#CCCCCC,8,65,-3.195
1-heptyne,C#CCCCCC,8,66,-3.052
1-heptyne,C#CCCCCC,8,67,-2.979
tribromomethane,BrC(Br)Br,0,0,-0.938
tribromomethane,BrC(Br)Br,0,1,-0.916
tribromomethane,BrC(Br)Br,0,2,-0.915
tribromomethane,BrC(Br)Br,0,3,-0.909
tribromomethane,BrC(Br)Br,0,4,-0.909
tribromomethane,BrC(Br)Br,0,5,-0.904
tribromomethane,BrC(Br)Br,0,6,-0.896
tribromomethane,BrC(Br)Br,0,7,-0.889
tribromomethane,BrC(Br)Br,0,8,-0.856
tribromomethane,BrC(Br)Br,1,9,-2.423
tribromomethane,BrC(Br)Br,1,10,-2.395
tribromomethane,BrC(Br)Br,1,11,-2.296
tribromomethane,BrC(Br)Br,1,12,-2.249
tribromomethane,BrC(Br)Br,1,13,-2.111
tribromomethane,BrC(Br)Br,1,14,-2.074
tribromomethane,BrC(Br)Br,1,15,-2.015
tribromomethane,BrC(Br)Br,1,16,-2.014
tribromomethane,BrC(Br)Br,1,17,-2.011
tribromomethane,BrC(Br)Br,2,18,-2.093
tribromomethane,BrC(Br)Br,2,19,-2.066
tribromomethane,BrC(Br)Br,2,20,-2.062
tribromomethane,BrC(Br)Br,2,21,-2.009
tribromomethane,BrC(Br)Br,2,22,-1.998
tribromomethane,BrC(Br)Br,2,23,-1.983
tribromomethane,BrC(Br)Br,2,24,-1.934
tribromomethane,BrC(Br)Br,2,25,-1.891
tribromomethane,BrC(Br)Br,3,26,-3.029
tribromomethane,BrC(Br)Br,3,27,-2.999
tribromomethane,BrC(Br)Br,3,28,-2.944
tribromomethane,BrC(Br)Br,3,29,-2.913
tribromomethane,BrC(Br)Br,3,30,-2.657
tribromomethane,BrC(Br)Br,3,31,-2.653
tribromomethane,BrC(Br)Br,4,32,-2.717
tribromomethane,BrC(Br)Br,4,33,-2.696
tribromomethane,BrC(Br)Br,4,34,-2.538
tribromomethane,BrC(Br)Br,4,35,-2.525
tribromomethane,BrC(Br)Br,4,36,-2.508
tribromomethane,BrC(Br)Br,4,37,-2.482
tribromomethane,BrC(Br)Br,4,38,-2.464
tribromomethane,BrC(Br)Br,4,39,-2.444
tribromomethane,BrC(Br)Br,4,40,-2.434
tribromomethane,BrC(Br)Br,5,41,-2.827
tribromomethane,BrC(Br)Br,5,42,-2.819
tribromomethane,BrC(Br)Br,5,43,-2.739
tribromomethane,BrC(Br)Br,5,44,-2.698
tribromomethane,BrC(Br)Br,5,45,-2.696
tribromomethane,BrC(Br)Br,5,46,-2.627
tribromomethane,BrC(Br)Br,5,47,-2.608
tribromomethane,BrC(Br)Br,5,48,-2.587
tribromomethane,BrC(Br)Br,6,49,-1.08
tribromomethane,BrC(Br)Br,6,50,-1.062
tribromomethane,BrC(Br)Br,6,51,-1.061
tribromomethane,BrC(Br)Br,6,52,-1.004
tribromomethane,BrC(Br)Br,6,53,-0.955
tribromomethane,BrC(Br)Br,6,54,-0.909
tribromomethane,BrC(Br)Br,6,55,-0.858
tribromomethane,BrC(Br)Br,7,56,-1.804
tribromomethane,BrC(Br)Br,7,57,-1.746
tribromomethane,BrC(Br)Br,7,58,-1.727
tribromomethane,BrC(Br)Br,7,59,-1.675
tribromomethane,BrC(Br)Br,7,60,-1.614
tribromomethane,BrC(Br)Br,7,61,-1.612
tribromomethane,BrC(Br)Br,7,62,-1.611
tribromomethane,BrC(Br)Br,7,63,-1.601
tribromomethane,BrC(Br)Br,7,64,-1.598
tribromomethane,BrC(Br)Br,8,65,-2.378
tribromomethane,BrC(Br)Br,8,66,-2.336
tribromomethane,BrC(Br)Br,8,67,-2.306
tribromomethane,BrC(Br)Br,8,68,-2.303
tribromomethane,BrC(Br)Br,8,69,-2.286
tribromomethane,BrC(Br)Br,8,70,-2.283
tribromomethane,BrC(Br)Br,8,71,-1.969
γ-hexachlorocyclohexane,ClC1C(Cl)C(Cl)C(Cl)C(Cl)C1Cl,0,0,-1.871
γ-hexachlorocyclohexane,ClC1C(Cl)C(Cl)C(Cl)C(Cl)C1Cl,0,1,-1.832
γ-hexachlorocyclohexane,ClC1C(Cl)C(Cl)C(Cl)C(Cl)C1Cl,0,2,-1.807
γ-hexachlorocyclohexane,ClC1C(Cl)C(Cl)C(Cl)C(Cl)C1Cl,0,3,-1.785
γ-hexachlorocyclohexane,ClC1C(Cl)C(Cl)C(Cl)C(Cl)C1Cl,0,4,-1.782
γ-hexachlorocyclohexane,ClC1C(Cl)C(Cl)C(Cl)C(Cl)C1Cl,0,5,-1.774
γ-hexachlorocyclohexane,ClC1C(Cl)C(Cl)C(Cl)C(Cl)C1Cl,0,6,-1.762
γ-hexachlorocyclohexane,ClC1C(Cl)C(Cl)C(Cl)C(Cl)C1Cl,0,7,-1.729
γ-hexachlorocyclohexane,ClC1C(Cl)C(Cl)C(Cl)C(Cl)C1Cl,0,8,-1.719
γ-hexachlorocyclohexane,ClC1C(Cl)C(Cl)C(Cl)C(Cl)C1Cl,1,9,-3.563
γ-hexachlorocyclohexane,ClC1C(Cl)C(Cl)C(Cl)C(Cl)C1Cl,1,10,-3.545
γ-hexachlorocyclohexane,ClC1C(Cl)C(Cl)C(Cl)C(Cl)C1Cl,1,11,-3.545
γ-hexachlorocyclohexane,ClC1C(Cl)C(Cl)C(Cl)C(Cl)C1Cl,1,12,-3.532
γ-hexachlorocyclohexane,ClC1C(Cl)C(Cl)C(Cl)C(Cl)C1Cl,1,13,-3.456
γ-hexachlorocyclohexane,ClC1C(Cl)C(Cl)C(Cl)C(Cl)C1Cl,1,14,-3.455
γ-hexachlorocyclohexane,ClC1C(Cl)C(Cl)C(Cl)C(Cl)C1Cl,1,15,-3.422
γ-hexachlorocyclohexane,ClC1C(Cl)C(Cl)C(Cl)C(Cl)C1Cl,1,16,-3.328
γ-hexachlorocyclohexane,ClC1C(Cl)C(Cl)C(Cl)C(Cl)C1Cl,2,17,-3.996
γ-hexachlorocyclohexane,ClC1C(Cl)C(Cl)C(Cl)C(Cl)C1Cl,2,18,-3.994
γ-hexachlorocyclohexane,ClC1C(Cl)C(Cl)C(Cl)C(Cl)C1Cl,2,19,-3.964
γ-hexachlorocyclohexane,ClC1C(Cl)C(Cl)C(Cl)C(Cl)C1Cl,2,20,-3.855
γ-hexachlorocyclohexane,ClC1C(Cl)C(Cl)C(Cl)C(Cl)C1Cl,2,21,-3.836
γ-hexachlorocyclohexane,ClC1C(Cl)C(Cl)C(Cl)C(Cl)C1Cl,2,22,-3.765
γ-hexachlorocyclohexane,ClC1C(Cl)C(Cl)C(Cl)C(Cl)C1Cl,2,23,-3.761
γ-hexachlorocyclohexane,ClC1C(Cl)C(Cl)C(Cl)C(Cl)C1Cl,2,24,-3.759
γ-hexachlorocyclohexane,ClC1C(Cl)C(Cl)C(Cl)C(Cl)C1Cl,2,25,-3.674
γ-hexachlorocyclohexane,ClC1C(Cl)C(Cl)C(Cl)C(Cl)C1Cl,3,26,-5.176
γ-hexachlorocyclohexane,ClC1C(Cl)C(Cl)C(Cl)C(Cl)C1Cl,3,27,-5.161
γ-hexachlorocyclohexane,ClC1C(Cl)C(Cl)C(Cl)C(Cl)C1Cl,3,28,-5.009
γ-hexachlorocyclohexane,ClC1C(Cl)C(Cl)C(Cl)C(Cl)C1Cl,3,29,-5.007
γ-hexachlorocyclohexane,ClC1C(Cl)C(Cl)C(Cl)C(Cl)C1Cl,3,30,-4.963
γ-hexachlorocyclohexane,ClC1C(Cl)C(Cl)C(Cl)C(Cl)C1Cl,3,31,-4.912
γ-hexachlorocyclohexane,ClC1C(Cl)C(Cl)C(Cl)C(Cl)C1Cl,3,32,-4.904
γ-hexachlorocyclohexane,ClC1C(Cl)C(Cl)C(Cl)C(Cl)C1Cl,3,33,-4.822
γ-hexachlorocyclohexane,ClC1C(Cl)C(Cl)C(Cl)C(Cl)C1Cl,4,34,-4.925
γ-hexachlorocyclohexane,ClC1C(Cl)C(Cl)C(Cl)C(Cl)C1Cl,4,35,-4.918
γ-hexachlorocyclohexane,ClC1C(Cl)C(Cl)C(Cl)C(Cl)C1Cl,4,36,-4.854
γ-hexachlorocyclohexane,ClC1C(Cl)C(Cl)C(Cl)C(Cl)C1Cl,4,37,-4.741
γ-hexachlorocyclohexane,ClC1C(Cl)C(Cl)C(Cl)C(Cl)C1Cl,4,38,-4.699
γ-hexachlorocyclohexane,ClC1C(Cl)C(Cl)C(Cl)C(Cl)C1Cl,4,39,-4.539
γ-hexachlorocyclohexane,ClC1C(Cl)C(Cl)C(Cl)C(Cl)C1Cl,4,40,-4.512
γ-hexachlorocyclohexane,ClC1C(Cl)C(Cl)C(Cl)C(Cl)C1Cl,4,41,-4.466
γ-hexachlorocyclohexane,ClC1C(Cl)C(Cl)C(Cl)C(Cl)C1Cl,4,42,-4.419
γ-hexachlorocyclohexane,ClC1C(Cl)C(Cl)C(Cl)C(Cl)C1Cl,5,43,-4.232
γ-hexachlorocyclohexane,ClC1C(Cl)C(Cl)C(Cl)C(Cl)C1Cl,5,44,-4.196
γ-hexachlorocyclohexane,ClC1C(Cl)C(Cl)C(Cl)C(Cl)C1Cl,5,45,-4.028
γ-hexachlorocyclohexane,ClC1C(Cl)C(Cl)C(Cl)C(Cl)C1Cl,5,46,-3.972
γ-hexachlorocyclohexane,ClC1C(Cl)C(Cl)C(Cl)C(Cl)C1Cl,5,47,-3.959
γ-hexachlorocyclohexane,ClC1C(Cl)C(Cl)C(Cl)C(Cl)C1Cl,5,48,-3.937
γ-hexachlorocyclohexane,ClC1C(Cl)C(Cl)C(Cl)C(Cl)C1Cl,5,49,-3.76
γ-hexachlorocyclohexane,ClC1C(Cl)C(Cl)C(Cl)C(Cl)C1Cl,5,50,-3.75
γ-hexachlorocyclohexane,ClC1C(Cl)C(Cl)C(Cl)C(Cl)C1Cl,5,51,-3.749
γ-hexachlorocyclohexane,ClC1C(Cl)C(Cl)C(Cl)C(Cl)C1Cl,6,52,-1.696
γ-hexachlorocyclohexane,ClC1C(Cl)C(Cl)C(Cl)C(Cl)C1Cl,6,53,-1.639
γ-hexachlorocyclohexane,ClC1C(Cl)C(Cl)C(Cl)C(Cl)C1Cl,6,54,-1.612
γ-hexachlorocyclohexane,ClC1C(Cl)C(Cl)C(Cl)C(Cl)C1Cl,6,55,-1.611
γ-hexachlorocyclohexane,ClC1C(Cl)C(Cl)C(Cl)C(Cl)C1Cl,6,56,-1.602
γ-hexachlorocyclohexane,ClC1C(Cl)C(Cl)C(Cl)C(Cl)C1Cl,6,57,-1.537
γ-hexachlorocyclohexane,ClC1C(Cl)C(Cl)C(Cl)C(Cl)C1Cl,6,58,-1.515
γ-hexachlorocyclohexane,ClC1C(Cl)C(Cl)C(Cl)C(Cl)C1Cl,6,59,-1.475
γ-hexachlorocyclohexane,ClC1C(Cl)C(Cl)C(Cl)C(Cl)C1Cl,7,60,-3.1
γ-hexachlorocyclohexane,ClC1C(Cl)C(Cl)C(Cl)C(Cl)C1Cl,7,61,-3.095
γ-hexachlorocyclohexane,ClC1C(Cl)C(Cl)C(Cl)C(Cl)C1Cl,7,62,-3.072
γ-hexachlorocyclohexane,ClC1C(Cl)C(Cl)C(Cl)C(Cl)C1Cl,7,63,-3.043
γ-hexachlorocyclohexane,ClC1C(Cl)C(Cl)C(Cl)C(Cl)C1Cl,7,64,-2.788
γ-hexachlorocyclohexane,ClC1C(Cl)C(Cl)C(Cl)C(Cl)C1Cl,7,65,-2.75
γ-hexachlorocyclohexane,ClC1C(Cl)C(Cl)C(Cl)C(Cl)C1Cl,7,66,-2.735
γ-hexachlorocyclohexane,ClC1C(Cl)C(Cl)C(Cl)C(Cl)C1Cl,7,67,-2.728
γ-hexachlorocyclohexane,ClC1C(Cl)C(Cl)C(Cl)C(Cl)C1Cl,8,68,-3.915
γ-hexachlorocyclohexane,ClC1C(Cl)C(Cl)C(Cl)C(Cl)C1Cl,8,69,-3.872
γ-hexachlorocyclohexane,ClC1C(Cl)C(Cl)C(Cl)C(Cl)C1Cl,8,70,-3.722
γ-hexachlorocyclohexane,ClC1C(Cl)C(Cl)C(Cl)C(Cl)C1Cl,8,71,-3.598
γ-hexachlorocyclohexane,ClC1C(Cl)C(Cl)C(Cl)C(Cl)C1Cl,8,72,-3.532
γ-hexachlorocyclohexane,ClC1C(Cl)C(Cl)C(Cl)C(Cl)C1Cl,8,73,-3.482
γ-hexachlorocyclohexane,ClC1C(Cl)C(Cl)C(Cl)C(Cl)C1Cl,8,74,-3.477
γ-hexachlorocyclohexane,ClC1C(Cl)C(Cl)C(Cl)C(Cl)C1Cl,8,75,-3.436
2-decanone,CCCCCCCCC(C)=O,0,0,-1.536
2-decanone,CCCCCCCCC(C)=O,0,1,-1.494
2-decanone,CCCCCCCCC(C)=O,0,2,-1.478
2-decanone,CCCCCCCCC(C)=O,0,3,-1.454
2-decanone,CCCCCCCCC(C)=O,0,4,-1.448
2-decanone,CCCCCCCCC(C)=O,0,5,-1.438
2-decanone,CCCCCCCCC(C)=O,0,6,-1.433
2-decanone,CCCCCCCCC(C)=O,0,7,-1.429
2-decanone,CCCCCCCCC(C)=O,1,8,-4.638
2-decanone,CCCCCCCCC(C)=O,1,9,-4.586
2-decanone,CCCCCCCCC(C)=O,1,10,-4.246
2-decanone,CCCCCCCCC(C)=O,1,11,-3.707
2-decanone,CCCCCCCCC(C)=O,1,12,-3.686
2-decanone,CCCCCCCCC(C)=O,1,13,-3.644
2-decanone,CCCCCCCCC(C)=O,1,14,-3.608
2-decanone,CCCCCCCCC(C)=O,1,15,-3.578
2-decanone,CCCCCCCCC(C)=O,1,16,-3.548
2-decanone,CCCCCCCCC(C)=O,2,17,-3.918
2-decanone,CCCCCCCCC(C)=O,2,18,-3.828
2-decanone,CCCCCCCCC(C)=O,2,19,-3.82
2-decanone,CCCCCCCCC(C)=O,2,20,-3.716
2-decanone,CCCCCCCCC(C)=O,2,21,-3.707
2-decanone,CCCCCCCCC(C)=O,2,22,-3.651
2-decanone,CCCCCCCCC(C)=O,2,23,-3.619
2-decanone,CCCCCCCCC(C)=O,3,24,-4.675
2-decanone,CCCCCCCCC(C)=O,3,25,-4.671
2-decanone,CCCCCCCCC(C)=O,3,26,-4.545
2-decanone,CCCCCCCCC(C)=O,3,27,-4.504
2-decanone,CCCCCCCCC(C)=O,3,28,-4.451
2-decanone,CCCCCCCCC(C)=O,3,29,-4.418
2-decanone,CCCCCCCCC(C)=O,3,30,-3.941
2-decanone,CCCCCCCCC(C)=O,3,31,-3.896
2-decanone,CCCCCCCCC(C)=O,4,32,-4.619
2-decanone,CCCCCCCCC(C)=O,4,33,-4.591
2-decanone,CCCCCCCCC(C)=O,4,34,-4.481
2-decanone,CCCCCCCCC(C)=O,4,35,-4.456
2-decanone,CCCCCCCCC(C)=O,4,36,-4.343
2-decanone,CCCCCCCCC(C)=O,4,37,-4.315
2-decanone,CCCCCCCCC(C)=O,4,38,-4.146
2-decanone,CCCCCCCCC(C)=O,5,39,-5.301
2-decanone,CCCCCCCCC(C)=O,5,40,-5.157
2-decanone,CCCCCCCCC(C)=O,5,41,-4.953
2-decanone,CCCCCCCCC(C)=O,5,42,-4.025
2-decanone,CCCCCCCCC(C)=O,5,43,-3.744
2-decanone,CCCCCCCCC(C)=O,5,44,-3.629
2-decanone,CCCCCCCCC(C)=O,6,45,-1.182
2-decanone,CCCCCCCCC(C)=O,6,46,-1.156
2-decanone,CCCCCCCCC(C)=O,6,47,-1.141
2-decanone,CCCCCCCCC(C)=O,6,48,-1.033
2-decanone,CCCCCCCCC(C)=O,6,49,-0.969
2-decanone,CCCCCCCCC(C)=O,6,50,-0.892
2-decanone,CCCCCCCCC(C)=O,6,51,-0.883
2-decanone,CCCCCCCCC(C)=O,6,52,-0.848
2-decanone,CCCCCCCCC(C)=O,6,53,-0.847
2-decanone,CCCCCCCCC(C)=O,7,54,-2.725
2-decanone,CCCCCCCCC(C)=O,7,55,-2.546
2-decanone,CCCCCCCCC(C)=O,7,56,-2.496
2-decanone,CCCCCCCCC(C)=O,7,57,-2.457
2-decanone,CCCCCCCCC(C)=O,7,58,-2.439
2-decanone,CCCCCCCCC(C)=O,7,59,-2.419
2-decanone,CCCCCCCCC(C)=O,7,60,-2.414
2-decanone,CCCCCCCCC(C)=O,7,61,-2.411
2-decanone,CCCCCCCCC(C)=O,7,62,-2.404
2-decanone,CCCCCCCCC(C)=O,8,63,-3.362
2-decanone,CCCCCCCCC(C)=O,8,64,-3.304
2-decanone,CCCCCCCCC(C)=O,8,65,-3.183
2-decanone,CCCCCCCCC(C)=O,8,66,-3.069
2-decanone,CCCCCCCCC(C)=O,8,67,-2.99
2-decanone,CCCCCCCCC(C)=O,8,68,-2.964
1-nitrooctane,CCCCCCCC[N+](=O)[O-],0,0,-1.561
1-nitrooctane,CCCCCCCC[N+](=O)[O-],0,1,-1.511
1-nitrooctane,CCCCCCCC[N+](=O)[O-],0,2,-1.491
1-nitrooctane,CCCCCCCC[N+](=O)[O-],0,3,-1.463
1-nitrooctane,CCCCCCCC[N+](=O)[O-],0,4,-1.433
1-nitrooctane,CCCCCCCC[N+](=O)[O-],0,5,-1.413
1-nitrooctane,CCCCCCCC[N+](=O)[O-],0,6,-1.408
1-nitrooctane,CCCCCCCC[N+](=O)[O-],0,7,-1.395
1-nitrooctane,CCCCCCCC[N+](=O)[O-],0,8,-1.307
1-nitrooctane,CCCCCCCC[N+](=O)[O-],1,9,-4.672
1-nitrooctane,CCCCCCCC[N+](=O)[O-],1,10,-4.635
1-nitrooctane,CCCCCCCC[N+](=O)[O-],1,11,-4.19
1-nitrooctane,CCCCCCCC[N+](=O)[O-],1,12,-4.05
1-nitrooctane,CCCCCCCC[N+](=O)[O-],1,13,-3.615
1-nitrooctane,CCCCCCCC[N+](=O)[O-],1,14,-3.612
1-nitrooctane,CCCCCCCC[N+](=O)[O-],1,15,-3.509
1-nitrooctane,CCCCCCCC[N+](=O)[O-],1,16,-3.466
1-nitrooctane,CCCCCCCC[N+](=O)[O-],1,17,-3.457
1-nitrooctane,CCCCCCCC[N+](=O)[O-],2,18,-3.861
1-nitrooctane,CCCCCCCC[N+](=O)[O-],2,19,-3.666
1-nitrooctane,CCCCCCCC[N+](=O)[O-],2,20,-3.655
1-nitrooctane,CCCCCCCC[N+](=O)[O-],2,21,-3.639
1-nitrooctane,CCCCCCCC[N+](=O)[O-],2,22,-3.609
1-nitrooctane,CCCCCCCC[N+](=O)[O-],2,23,-3.567
1-nitrooctane,CCCCCCCC[N+](=O)[O-],2,24,-3.56
1-nitrooctane,CCCCCCCC[N+](=O)[O-],3,25,-4.691
1-nitrooctane,CCCCCCCC[N+](=O)[O-],3,26,-4.64
1-nitrooctane,CCCCCCCC[N+](=O)[O-],3,27,-4.602
1-nitrooctane,CCCCCCCC[N+](=O)[O-],3,28,-4.59
1-nitrooctane,CCCCCCCC[N+](=O)[O-],3,29,-4.494
1-nitrooctane,CCCCCCCC[N+](=O)[O-],3,30,-4.49
1-nitrooctane,CCCCCCCC[N+](=O)[O-],3,31,-4.232
1-nitrooctane,CCCCCCCC[N+](=O)[O-],4,32,-4.625
1-nitrooctane,CCCCCCCC[N+](=O)[O-],4,33,-4.595
1-nitrooctane,CCCCCCCC[N+](=O)[O-],4,34,-4.46
1-nitrooctane,CCCCCCCC[N+](=O)[O-],4,35,-4.351
1-nitrooctane,CCCCCCCC[N+](=O)[O-],4,36,-4.343
1-nitrooctane,CCCCCCCC[N+](=O)[O-],4,37,-4.257
1-nitrooctane,CCCCCCCC[N+](=O)[O-],4,38,-4.21
1-nitrooctane,CCCCCCCC[N+](=O)[O-],4,39,-4.206
1-nitrooctane,CCCCCCCC[N+](=O)[O-],5,40,-5.234
1-nitrooctane,CCCCCCCC[N+](=O)[O-],5,41,-5.2
1-nitrooctane,CCCCCCCC[N+](=O)[O-],5,42,-5.16
1-nitrooctane,CCCCCCCC[N+](=O)[O-],5,43,-4.635
1-nitrooctane,CCCCCCCC[N+](=O)[O-],5,44,-4.03
1-nitrooctane,CCCCCCCC[N+](=O)[O-],6,45,-1.502
1-nitrooctane,CCCCCCCC[N+](=O)[O-],6,46,-1.444
1-nitrooctane,CCCCCCCC[N+](=O)[O-],6,47,-1.406
1-nitrooctane,CCCCCCCC[N+](=O)[O-],6,48,-1.403
1-nitrooctane,CCCCCCCC[N+](=O)[O-],6,49,-1.377
1-nitrooctane,CCCCCCCC[N+](=O)[O-],6,50,-1.37
1-nitrooctane,CCCCCCCC[N+](=O)[O-],6,51,-1.361
1-nitrooctane,CCCCCCCC[N+](=O)[O-],6,52,-1.358
1-nitrooctane,CCCCCCCC[N+](=O)[O-],7,53,-2.586
1-nitrooctane,CCCCCCCC[N+](=O)[O-],7,54,-2.569
1-nitrooctane,CCCCCCCC[N+](=O)[O-],7,55,-2.561
1-nitrooctane,CCCCCCCC[N+](=O)[O-],7,56,-2.557
1-nitrooctane,CCCCCCCC[N+](=O)[O-],7,57,-2.55
1-nitrooctane,CCCCCCCC[N+](=O)[O-],7,58,-2.51
1-nitrooctane,CCCCCCCC[N+](=O)[O-],7,59,-2.481
1-nitrooctane,CCCCCCCC[N+](=O)[O-],7,60,-2.453
1-nitrooctane,CCCCCCCC[N+](=O)[O-],8,61,-3.308
1-nitrooctane,CCCCCCCC[N+](=O)[O-],8,62,-3.209
1-nitrooctane,CCCCCCCC[N+](=O)[O-],8,63,-3.13
1-nitrooctane,CCCCCCCC[N+](=O)[O-],8,64,-3.129
1-nitrooctane,CCCCCCCC[N+](=O)[O-],8,65,-3.057
1-nitrooctane,CCCCCCCC[N+](=O)[O-],8,66,-3.035
1-nitrooctane,CCCCCCCC[N+](=O)[O-],8,67,-3.031
tri-n-butyl phosphate,CCCCOP(=O)(OCCCC)OCCCC,0,0,-1.565
tri-n-butyl phosphate,CCCCOP(=O)(OCCCC)OCCCC,0,1,-1.53
tri-n-butyl phosphate,CCCCOP(=O)(OCCCC)OCCCC,0,2,-1.53
tri-n-butyl phosphate,CCCCOP(=O)(OCCCC)OCCCC,0,3,-1.469
tri-n-butyl phosphate,CCCCOP(=O)(OCCCC)OCCCC,0,4,-1.434
tri-n-butyl phosphate,CCCCOP(=O)(OCCCC)OCCCC,0,5,-1.397
tri-n-butyl phosphate,CCCCOP(=O)(OCCCC)OCCCC,0,6,-1.392
tri-n-butyl phosphate,CCCCOP(=O)(OCCCC)OCCCC,0,7,-1.392
tri-n-butyl phosphate,CCCCOP(=O)(OCCCC)OCCCC,0,8,-1.389
tri-n-butyl phosphate,CCCCOP(=O)(OCCCC)OCCCC,1,9,-4.827
tri-n-butyl phosphate,CCCCOP(=O)(OCCCC)OCCCC,1,10,-4.056
tri-n-butyl phosphate,CCCCOP(=O)(OCCCC)OCCCC,1,11,-4.038
tri-n-butyl phosphate,CCCCOP(=O)(OCCCC)OCCCC,1,12,-3.979
tri-n-butyl phosphate,CCCCOP(=O)(OCCCC)OCCCC,1,13,-3.957
tri-n-butyl phosphate,CCCCOP(=O)(OCCCC)OCCCC,1,14,-3.956
tri-n-butyl phosphate,CCCCOP(=O)(OCCCC)OCCCC,1,15,-3.92
tri-n-butyl phosphate,CCCCOP(=O)(OCCCC)OCCCC,1,16,-3.912
tri-n-butyl phosphate,CCCCOP(=O)(OCCCC)OCCCC,2,17,-3.711
tri-n-butyl phosphate,CCCCOP(=O)(OCCCC)OCCCC,2,18,-3.55
tri-n-butyl phosphate,CCCCOP(=O)(OCCCC)OCCCC,2,19,-3.544
tri-n-butyl phosphate,CCCCOP(=O)(OCCCC)OCCCC,2,20,-3.53
tri-n-butyl phosphate,CCCCOP(=O)(OCCCC)OCCCC,2,21,-3.467
tri-n-butyl phosphate,CCCCOP(=O)(OCCCC)OCCCC,2,22,-3.463
tri-n-butyl phosphate,CCCCOP(=O)(OCCCC)OCCCC,2,23,-3.448
tri-n-butyl phosphate,CCCCOP(=O)(OCCCC)OCCCC,2,24,-3.441
tri-n-butyl phosphate,CCCCOP(=O)(OCCCC)OCCCC,2,25,-3.416
tri-n-butyl phosphate,CCCCOP(=O)(OCCCC)OCCCC,3,26,-4.512
tri-n-butyl phosphate,CCCCOP(=O)(OCCCC)OCCCC,3,27,-3.625
tri-n-butyl phosphate,CCCCOP(=O)(OCCCC)OCCCC,3,28,-3.605
tri-n-butyl phosphate,CCCCOP(=O)(OCCCC)OCCCC,3,29,-3.573
tri-n-butyl phosphate,CCCCOP(=O)(OCCCC)OCCCC,3,30,-3.566
tri-n-butyl phosphate,CCCCOP(=O)(OCCCC)OCCCC,3,31,-3.552
tri-n-butyl phosphate,CCCCOP(=O)(OCCCC)OCCCC,3,32,-3.527
tri-n-butyl phosphate,CCCCOP(=O)(OCCCC)OCCCC,3,33,-3.496
tri-n-butyl phosphate,CCCCOP(=O)(OCCCC)OCCCC,3,34,-3.487
tri-n-butyl phosphate,CCCCOP(=O)(OCCCC)OCCCC,4,35,-5.497
tri-n-butyl phosphate,CCCCOP(=O)(OCCCC)OCCCC,4,36,-5.369
tri-n-butyl phosphate,CCCCOP(=O)(OCCCC)OCCCC,4,37,-5.254
tri-n-butyl phosphate,CCCCOP(=O)(OCCCC)OCCCC,4,38,-4.967
tri-n-butyl phosphate,CCCCOP(=O)(OCCCC)OCCCC,4,39,-4.923
tri-n-butyl phosphate,CCCCOP(=O)(OCCCC)OCCCC,4,40,-4.816
tri-n-butyl phosphate,CCCCOP(=O)(OCCCC)OCCCC,4,41,-4.742
tri-n-butyl phosphate,CCCCOP(=O)(OCCCC)OCCCC,4,42,-4.722
tri-n-butyl phosphate,CCCCOP(=O)(OCCCC)OCCCC,4,43,-4.648
tri-n-butyl phosphate,CCCCOP(=O)(OCCCC)OCCCC,5,44,-5.329
tri-n-butyl phosphate,CCCCOP(=O)(OCCCC)OCCCC,5,45,-5.114
tri-n-butyl phosphate,CCCCOP(=O)(OCCCC)OCCCC,5,46,-5.104
tri-n-butyl phosphate,CCCCOP(=O)(OCCCC)OCCCC,5,47,-5.062
tri-n-butyl phosphate,CCCCOP(=O)(OCCCC)OCCCC,5,48,-4.641
tri-n-butyl phosphate,CCCCOP(=O)(OCCCC)OCCCC,5,49,-4.435
tri-n-butyl phosphate,CCCCOP(=O)(OCCCC)OCCCC,5,50,-4.393
tri-n-butyl phosphate,CCCCOP(=O)(OCCCC)OCCCC,5,51,-4.359
tri-n-butyl phosphate,CCCCOP(=O)(OCCCC)OCCCC,6,52,-1.68
tri-n-butyl phosphate,CCCCOP(=O)(OCCCC)OCCCC,6,53,-1.637
tri-n-butyl phosphate,CCCCOP(=O)(OCCCC)OCCCC,6,54,-1.631
tri-n-butyl phosphate,CCCCOP(=O)(OCCCC)OCCCC,6,55,-1.596
tri-n-butyl phosphate,CCCCOP(=O)(OCCCC)OCCCC,6,56,-1.594
tri-n-butyl phosphate,CCCCOP(=O)(OCCCC)OCCCC,6,57,-1.463
tri-n-butyl phosphate,CCCCOP(=O)(OCCCC)OCCCC,6,58,-1.427
tri-n-butyl phosphate,CCCCOP(=O)(OCCCC)OCCCC,6,59,-1.351
tri-n-butyl phosphate,CCCCOP(=O)(OCCCC)OCCCC,6,60,-1.344
tri-n-butyl phosphate,CCCCOP(=O)(OCCCC)OCCCC,7,61,-2.591
tri-n-butyl phosphate,CCCCOP(=O)(OCCCC)OCCCC,7,62,-2.555
tri-n-butyl phosphate,CCCCOP(=O)(OCCCC)OCCCC,7,63,-2.542
tri-n-butyl phosphate,CCCCOP(=O)(OCCCC)OCCCC,7,64,-2.398
tri-n-butyl phosphate,CCCCOP(=O)(OCCCC)OCCCC,7,65,-2.397
tri-n-butyl phosphate,CCCCOP(=O)(OCCCC)OCCCC,7,66,-2.348
tri-n-butyl phosphate,CCCCOP(=O)(OCCCC)OCCCC,7,67,-2.346
tri-n-butyl phosphate,CCCCOP(=O)(OCCCC)OCCCC,7,68,-2.326
tri-n-butyl phosphate,CCCCOP(=O)(OCCCC)OCCCC,7,69,-2.28
tri-n-butyl phosphate,CCCCOP(=O)(OCCCC)OCCCC,8,70,-2.973
tri-n-butyl phosphate,CCCCOP(=O)(OCCCC)OCCCC,8,71,-2.967
tri-n-butyl phosphate,CCCCOP(=O)(OCCCC)OCCCC,8,72,-2.948
tri-n-butyl phosphate,CCCCOP(=O)(OCCCC)OCCCC,8,73,-2.924
tri-n-butyl phosphate,CCCCOP(=O)(OCCCC)OCCCC,8,74,-2.874
tri-n-butyl phosphate,CCCCOP(=O)(OCCCC)OCCCC,8,75,-2.803
tri-n-butyl phosphate,CCCCOP(=O)(OCCCC)OCCCC,8,76,-2.773
tri-n-butyl phosphate,CCCCOP(=O)(OCCCC)OCCCC,8,77,-2.765
tri-n-butyl phosphate,CCCCOP(=O)(OCCCC)OCCCC,8,78,-2.748
"1,4-dibromobenzene",Brc1ccc(Br)cc1,0,0,-1.637
"1,4-dibromobenzene",Brc1ccc(Br)cc1,0,1,-1.517
"1,4-dibromobenzene",Brc1ccc(Br)cc1,0,2,-1.463
"1,4-dibromobenzene",Brc1ccc(Br)cc1,0,3,-1.45
"1,4-dibromobenzene",Brc1ccc(Br)cc1,0,4,-1.443
"1,4-dibromobenzene",Brc1ccc(Br)cc1,0,5,-1.44
"1,4-dibromobenzene",Brc1ccc(Br)cc1,1,6,-4.597
"1,4-dibromobenzene",Brc1ccc(Br)cc1,1,7,-4.573
"1,4-dibromobenzene",Brc1ccc(Br)cc1,1,8,-3.182
"1,4-dibromobenzene",Brc1ccc(Br)cc1,1,9,-3.17
"1,4-dibromobenzene",Brc1ccc(Br)cc1,1,10,-3.163
"1,4-dibromobenzene",Brc1ccc(Br)cc1,1,11,-3.086
"1,4-dibromobenzene",Brc1ccc(Br)cc1,1,12,-3.056
"1,4-dibromobenzene",Brc1ccc(Br)cc1,1,13,-3.02
"1,4-dibromobenzene",Brc1ccc(Br)cc1,2,14,-3.63
"1,4-dibromobenzene",Brc1ccc(Br)cc1,2,15,-3.619
"1,4-dibromobenzene",Brc1ccc(Br)cc1,2,16,-3.588
"1,4-dibromobenzene",Brc1ccc(Br)cc1,2,17,-3.48
"1,4-dibromobenzene",Brc1ccc(Br)cc1,2,18,-3.23
"1,4-dibromobenzene",Brc1ccc(Br)cc1,2,19,-3.203
"1,4-dibromobenzene",Brc1ccc(Br)cc1,3,20,-4.64
"1,4-dibromobenzene",Brc1ccc(Br)cc1,3,21,-4.343
"1,4-dibromobenzene",Brc1ccc(Br)cc1,3,22,-4.289
"1,4-dibromobenzene",Brc1ccc(Br)cc1,3,23,-4.27
"1,4-dibromobenzene",Brc1ccc(Br)cc1,3,24,-4.092
"1,4-dibromobenzene",Brc1ccc(Br)cc1,3,25,-3.991
"1,4-dibromobenzene",Brc1ccc(Br)cc1,3,26,-3.972
"1,4-dibromobenzene",Brc1ccc(Br)cc1,3,27,-3.941
"1,4-dibromobenzene",Brc1ccc(Br)cc1,4,28,-4.504
"1,4-dibromobenzene",Brc1ccc(Br)cc1,4,29,-4.382
"1,4-dibromobenzene",Brc1ccc(Br)cc1,4,30,-4.017
"1,4-dibromobenzene",Brc1ccc(Br)cc1,4,31,-3.963
"1,4-dibromobenzene",Brc1ccc(Br)cc1,4,32,-3.962
"1,4-dibromobenzene",Brc1ccc(Br)cc1,4,33,-3.96
"1,4-dibromobenzene",Brc1ccc(Br)cc1,4,34,-3.917
"1,4-dibromobenzene",Brc1ccc(Br)cc1,4,35,-3.909
"1,4-dibromobenzene",Brc1ccc(Br)cc1,5,36,-5.35
"1,4-dibromobenzene",Brc1ccc(Br)cc1,5,37,-5.291
"1,4-dibromobenzene",Brc1ccc(Br)cc1,5,38,-4.707
"1,4-dibromobenzene",Brc1ccc(Br)cc1,5,39,-4.594
"1,4-dibromobenzene",Brc1ccc(Br)cc1,5,40,-4.514
"1,4-dibromobenzene",Brc1ccc(Br)cc1,5,41,-4.488
"1,4-dibromobenzene",Brc1ccc(Br)cc1,5,42,-3.588
"1,4-dibromobenzene",Brc1ccc(Br)cc1,6,43,-1.612
"1,4-dibromobenzene",Brc1ccc(Br)cc1,6,44,-1.458
"1,4-dibromobenzene",Brc1ccc(Br)cc1,6,45,-1.442
"1,4-dibromobenzene",Brc1ccc(Br)cc1,6,46,-1.424
"1,4-dibromobenzene",Brc1ccc(Br)cc1,6,47,-1.401
"1,4-dibromobenzene",Brc1ccc(Br)cc1,6,48,-1.383
"1,4-dibromobenzene",Brc1ccc(Br)cc1,6,49,-1.366
"1,4-dibromobenzene",Brc1ccc(Br)cc1,6,50,-1.36
"1,4-dibromobenzene",Brc1ccc(Br)cc1,6,51,-1.359
"1,4-dibromobenzene",Brc1ccc(Br)cc1,7,52,-2.694
"1,4-dibromobenzene",Brc1ccc(Br)cc1,7,53,-2.403
"1,4-dibromobenzene",Brc1ccc(Br)cc1,7,54,-2.312
"1,4-dibromobenzene",Brc1ccc(Br)cc1,7,55,-2.305
"1,4-dibromobenzene",Brc1ccc(Br)cc1,7,56,-2.279
"1,4-dibromobenzene",Brc1ccc(Br)cc1,7,57,-2.271
"1,4-dibromobenzene",Brc1ccc(Br)cc1,7,58,-2.268
"1,4-dibromobenzene",Brc1ccc(Br)cc1,7,59,-2.266
"1,4-dibromobenzene",Brc1ccc(Br)cc1,8,60,-3.797
"1,4-dibromobenzene",Brc1ccc(Br)cc1,8,61,-3.642
"1,4-dibromobenzene",Brc1ccc(Br)cc1,8,62,-3.248
"1,4-dibromobenzene",Brc1ccc(Br)cc1,8,63,-3.074
"1,4-dibromobenzene",Brc1ccc(Br)cc1,8,64,-3.033
"1,4-dibromobenzene",Brc1ccc(Br)cc1,8,65,-3.029
"1,4-dibromobenzene",Brc1ccc(Br)cc1,8,66,-2.967
"1,4-dibromobenzene",Brc1ccc(Br)cc1,8,67,-2.898
"1,2,3,4-tetrachlorobenzene",Clc1ccc(Cl)c(Cl)c1Cl,0,0,-1.796
"1,2,3,4-tetrachlorobenzene",Clc1ccc(Cl)c(Cl)c1Cl,0,1,-1.709
"1,2,3,4-tetrachlorobenzene",Clc1ccc(Cl)c(Cl)c1Cl,0,2,-1.669
"1,2,3,4-tetrachlorobenzene",Clc1ccc(Cl)c(Cl)c1Cl,0,3,-1.661
"1,2,3,4-tetrachlorobenzene",Clc1ccc(Cl)c(Cl)c1Cl,0,4,-1.656
"1,2,3,4-tetrachlorobenzene",Clc1ccc(Cl)c(Cl)c1Cl,0,5,-1.626
"1,2,3,4-tetrachlorobenzene",Clc1ccc(Cl)c(Cl)c1Cl,0,6,-1.625
"1,2,3,4-tetrachlorobenzene",Clc1ccc(Cl)c(Cl)c1Cl,0,7,-1.621
"1,2,3,4-tetrachlorobenzene",Clc1ccc(Cl)c(Cl)c1Cl,0,8,-1.62
"1,2,3,4-tetrachlorobenzene",Clc1ccc(Cl)c(Cl)c1Cl,1,9,-3.827
"1,2,3,4-tetrachlorobenzene",Clc1ccc(Cl)c(Cl)c1Cl,1,10,-3.798
"1,2,3,4-tetrachlorobenzene",Clc1ccc(Cl)c(Cl)c1Cl,1,11,-3.759
"1,2,3,4-tetrachlorobenzene",Clc1ccc(Cl)c(Cl)c1Cl,1,12,-3.747
"1,2,3,4-tetrachlorobenzene",Clc1ccc(Cl)c(Cl)c1Cl,1,13,-3.739
"1,2,3,4-tetrachlorobenzene",Clc1ccc(Cl)c(Cl)c1Cl,1,14,-3.723
"1,2,3,4-tetrachlorobenzene",Clc1ccc(Cl)c(Cl)c1Cl,1,15,-3.575
"1,2,3,4-tetrachlorobenzene",Clc1ccc(Cl)c(Cl)c1Cl,2,16,-3.924
"1,2,3,4-tetrachlorobenzene",Clc1ccc(Cl)c(Cl)c1Cl,2,17,-3.585
"1,2,3,4-tetrachlorobenzene",Clc1ccc(Cl)c(Cl)c1Cl,2,18,-3.461
"1,2,3,4-tetrachlorobenzene",Clc1ccc(Cl)c(Cl)c1Cl,2,19,-3.436
"1,2,3,4-tetrachlorobenzene",Clc1ccc(Cl)c(Cl)c1Cl,2,20,-3.431
"1,2,3,4-tetrachlorobenzene",Clc1ccc(Cl)c(Cl)c1Cl,2,21,-3.397
"1,2,3,4-tetrachlorobenzene",Clc1ccc(Cl)c(Cl)c1Cl,2,22,-3.388
"1,2,3,4-tetrachlorobenzene",Clc1ccc(Cl)c(Cl)c1Cl,2,23,-3.368
"1,2,3,4-tetrachlorobenzene",Clc1ccc(Cl)c(Cl)c1Cl,3,24,-5.792
"1,2,3,4-tetrachlorobenzene",Clc1ccc(Cl)c(Cl)c1Cl,3,25,-5.772
"1,2,3,4-tetrachlorobenzene",Clc1ccc(Cl)c(Cl)c1Cl,3,26,-5.716
"1,2,3,4-tetrachlorobenzene",Clc1ccc(Cl)c(Cl)c1Cl,3,27,-5.634
"1,2,3,4-tetrachlorobenzene",Clc1ccc(Cl)c(Cl)c1Cl,3,28,-5.627
"1,2,3,4-tetrachlorobenzene",Clc1ccc(Cl)c(Cl)c1Cl,3,29,-5.561
"1,2,3,4-tetrachlorobenzene",Clc1ccc(Cl)c(Cl)c1Cl,3,30,-5.547
"1,2,3,4-tetrachlorobenzene",Clc1ccc(Cl)c(Cl)c1Cl,3,31,-5.267
"1,2,3,4-tetrachlorobenzene",Clc1ccc(Cl)c(Cl)c1Cl,4,32,-5.04
"1,2,3,4-tetrachlorobenzene",Clc1ccc(Cl)c(Cl)c1Cl,4,33,-5.038
"1,2,3,4-tetrachlorobenzene",Clc1ccc(Cl)c(Cl)c1Cl,4,34,-5.004
"1,2,3,4-tetrachlorobenzene",Clc1ccc(Cl)c(Cl)c1Cl,4,35,-4.934
"1,2,3,4-tetrachlorobenzene",Clc1ccc(Cl)c(Cl)c1Cl,4,36,-4.684
"1,2,3,4-tetrachlorobenzene",Clc1ccc(Cl)c(Cl)c1Cl,4,37,-4.659
"1,2,3,4-tetrachlorobenzene",Clc1ccc(Cl)c(Cl)c1Cl,4,38,-4.658
"1,2,3,4-tetrachlorobenzene",Clc1ccc(Cl)c(Cl)c1Cl,4,39,-4.633
"1,2,3,4-tetrachlorobenzene",Clc1ccc(Cl)c(Cl)c1Cl,4,40,-4.598
"1,2,3,4-tetrachlorobenzene",Clc1ccc(Cl)c(Cl)c1Cl,5,41,-5.288
"1,2,3,4-tetrachlorobenzene",Clc1ccc(Cl)c(Cl)c1Cl,5,42,-4.526
"1,2,3,4-tetrachlorobenzene",Clc1ccc(Cl)c(Cl)c1Cl,5,43,-4.216
"1,2,3,4-tetrachlorobenzene",Clc1ccc(Cl)c(Cl)c1Cl,5,44,-4.094
"1,2,3,4-tetrachlorobenzene",Clc1ccc(Cl)c(Cl)c1Cl,5,45,-3.996
"1,2,3,4-tetrachlorobenzene",Clc1ccc(Cl)c(Cl)c1Cl,5,46,-3.938
"1,2,3,4-tetrachlorobenzene",Clc1ccc(Cl)c(Cl)c1Cl,5,47,-3.887
"1,2,3,4-tetrachlorobenzene",Clc1ccc(Cl)c(Cl)c1Cl,5,48,-3.821
"1,2,3,4-tetrachlorobenzene",Clc1ccc(Cl)c(Cl)c1Cl,6,49,-1.751
"1,2,3,4-tetrachlorobenzene",Clc1ccc(Cl)c(Cl)c1Cl,6,50,-1.476
"1,2,3,4-tetrachlorobenzene",Clc1ccc(Cl)c(Cl)c1Cl,6,51,-1.472
"1,2,3,4-tetrachlorobenzene",Clc1ccc(Cl)c(Cl)c1Cl,6,52,-1.451
"1,2,3,4-tetrachlorobenzene",Clc1ccc(Cl)c(Cl)c1Cl,6,53,-1.443
"1,2,3,4-tetrachlorobenzene",Clc1ccc(Cl)c(Cl)c1Cl,6,54,-1.434
"1,2,3,4-tetrachlorobenzene",Clc1ccc(Cl)c(Cl)c1Cl,6,55,-1.433
"1,2,3,4-tetrachlorobenzene",Clc1ccc(Cl)c(Cl)c1Cl,6,56,-1.43
"1,2,3,4-tetrachlorobenzene",Clc1ccc(Cl)c(Cl)c1Cl,6,57,-1.428
"1,2,3,4-tetrachlorobenzene",Clc1ccc(Cl)c(Cl)c1Cl,7,58,-2.926
"1,2,3,4-tetrachlorobenzene",Clc1ccc(Cl)c(Cl)c1Cl,7,59,-2.919
"1,2,3,4-tetrachlorobenzene",Clc1ccc(Cl)c(Cl)c1Cl,7,60,-2.729
"1,2,3,4-tetrachlorobenzene",Clc1ccc(Cl)c(Cl)c1Cl,7,61,-2.704
"1,2,3,4-tetrachlorobenzene",Clc1ccc(Cl)c(Cl)c1Cl,7,62,-2.557
"1,2,3,4-tetrachlorobenzene",Clc1ccc(Cl)c(Cl)c1Cl,7,63,-2.477
"1,2,3,4-tetrachlorobenzene",Clc1ccc(Cl)c(Cl)c1Cl,7,64,-2.438
"1,2,3,4-tetrachlorobenzene",Clc1ccc(Cl)c(Cl)c1Cl,7,65,-2.43
"1,2,3,4-tetrachlorobenzene",Clc1ccc(Cl)c(Cl)c1Cl,8,66,-4.44
"1,2,3,4-tetrachlorobenzene",Clc1ccc(Cl)c(Cl)c1Cl,8,67,-4.41
"1,2,3,4-tetrachlorobenzene",Clc1ccc(Cl)c(Cl)c1Cl,8,68,-4.2
"1,2,3,4-tetrachlorobenzene",Clc1ccc(Cl)c(Cl)c1Cl,8,69,-4.117
"1,2,3,4-tetrachlorobenzene",Clc1ccc(Cl)c(Cl)c1Cl,8,70,-3.848
"1,2,3,4-tetrachlorobenzene",Clc1ccc(Cl)c(Cl)c1Cl,8,71,-3.804
"1,2,3,4-tetrachlorobenzene",Clc1ccc(Cl)c(Cl)c1Cl,8,72,-3.666
"1,2,3,4-tetrachlorobenzene",Clc1ccc(Cl)c(Cl)c1Cl,8,73,-3.45
indene,C1=Cc2ccccc2C1,0,0,-1.797
indene,C1=Cc2ccccc2C1,0,1,-1.777
indene,C1=Cc2ccccc2C1,0,2,-1.742
indene,C1=Cc2ccccc2C1,0,3,-1.657
indene,C1=Cc2ccccc2C1,0,4,-1.632
indene,C1=Cc2ccccc2C1,0,5,-1.629
indene,C1=Cc2ccccc2C1,1,6,-5.309
indene,C1=Cc2ccccc2C1,1,7,-5.297
indene,C1=Cc2ccccc2C1,1,8,-5.226
indene,C1=Cc2ccccc2C1,1,9,-4.866
indene,C1=Cc2ccccc2C1,1,10,-4.111
indene,C1=Cc2ccccc2C1,1,11,-4.034
indene,C1=Cc2ccccc2C1,2,12,-4.581
indene,C1=Cc2ccccc2C1,2,13,-4.321
indene,C1=Cc2ccccc2C1,2,14,-4.199
indene,C1=Cc2ccccc2C1,2,15,-4.172
indene,C1=Cc2ccccc2C1,2,16,-3.991
indene,C1=Cc2ccccc2C1,2,17,-3.877
indene,C1=Cc2ccccc2C1,2,18,-3.757
indene,C1=Cc2ccccc2C1,3,19,-5.828
indene,C1=Cc2ccccc2C1,3,20,-5.703
indene,C1=Cc2ccccc2C1,3,21,-5.656
indene,C1=Cc2ccccc2C1,3,22,-5.421
indene,C1=Cc2ccccc2C1,3,23,-5.198
indene,C1=Cc2ccccc2C1,4,24,-5.709
indene,C1=Cc2ccccc2C1,4,25,-5.153
indene,C1=Cc2ccccc2C1,4,26,-5.144
indene,C1=Cc2ccccc2C1,4,27,-5.13
indene,C1=Cc2ccccc2C1,4,28,-5.119
indene,C1=Cc2ccccc2C1,4,29,-5.088
indene,C1=Cc2ccccc2C1,4,30,-5.034
indene,C1=Cc2ccccc2C1,5,31,-6.151
indene,C1=Cc2ccccc2C1,5,32,-6.142
indene,C1=Cc2ccccc2C1,5,33,-5.993
indene,C1=Cc2ccccc2C1,5,34,-5.945
indene,C1=Cc2ccccc2C1,5,35,-5.927
indene,C1=Cc2ccccc2C1,5,36,-4.289
indene,C1=Cc2ccccc2C1,6,37,-2.208
indene,C1=Cc2ccccc2C1,6,38,-2.184
indene,C1=Cc2ccccc2C1,6,39,-2.116
indene,C1=Cc2ccccc2C1,6,40,-2.021
indene,C1=Cc2ccccc2C1,6,41,-1.967
indene,C1=Cc2ccccc2C1,6,42,-1.843
indene,C1=Cc2ccccc2C1,6,43,-1.819
indene,C1=Cc2ccccc2C1,6,44,-1.765
indene,C1=Cc2ccccc2C1,7,45,-3.705
indene,C1=Cc2ccccc2C1,7,46,-3.643
indene,C1=Cc2ccccc2C1,7,47,-3.339
indene,C1=Cc2ccccc2C1,7,48,-3.096
indene,C1=Cc2ccccc2C1,7,49,-2.997
indene,C1=Cc2ccccc2C1,7,50,-2.933
indene,C1=Cc2ccccc2C1,7,51,-2.828
indene,C1=Cc2ccccc2C1,8,52,-4.541
indene,C1=Cc2ccccc2C1,8,53,-4.512
indene,C1=Cc2ccccc2C1,8,54,-4.454
indene,C1=Cc2ccccc2C1,8,55,-4.39
indene,C1=Cc2ccccc2C1,8,56,-3.919
naphthalene,c1ccc2ccccc2c1,0,0,-1.912
naphthalene,c1ccc2ccccc2c1,0,1,-1.838
naphthalene,c1ccc2ccccc2c1,0,2,-1.799
naphthalene,c1ccc2ccccc2c1,0,3,-1.792
naphthalene,c1ccc2ccccc2c1,0,4,-1.788
naphthalene,c1ccc2ccccc2c1,0,5,-1.755
naphthalene,c1ccc2ccccc2c1,0,6,-1.744
naphthalene,c1ccc2ccccc2c1,0,7,-1.721
naphthalene,c1ccc2ccccc2c1,1,8,-5.3
naphthalene,c1ccc2ccccc2c1,1,9,-4.536
naphthalene,c1ccc2ccccc2c1,1,10,-4.502
naphthalene,c1ccc2ccccc2c1,1,11,-4.394
naphthalene,c1ccc2ccccc2c1,1,12,-4.316
naphthalene,c1ccc2ccccc2c1,1,13,-4.215
naphthalene,c1ccc2ccccc2c1,2,14,-4.974
naphthalene,c1ccc2ccccc2c1,2,15,-4.968
naphthalene,c1ccc2ccccc2c1,2,16,-4.965
naphthalene,c1ccc2ccccc2c1,2,17,-4.948
naphthalene,c1ccc2ccccc2c1,2,18,-4.486
naphthalene,c1ccc2ccccc2c1,2,19,-4.483
naphthalene,c1ccc2ccccc2c1,2,20,-4.465
naphthalene,c1ccc2ccccc2c1,2,21,-4.414
naphthalene,c1ccc2ccccc2c1,3,22,-6.198
naphthalene,c1ccc2ccccc2c1,3,23,-6.195
naphthalene,c1ccc2ccccc2c1,3,24,-6.178
naphthalene,c1ccc2ccccc2c1,3,25,-6.119
naphthalene,c1ccc2ccccc2c1,3,26,-6.054
naphthalene,c1ccc2ccccc2c1,3,27,-5.947
naphthalene,c1ccc2ccccc2c1,4,28,-5.709
naphthalene,c1ccc2ccccc2c1,4,29,-5.707
naphthalene,c1ccc2ccccc2c1,4,30,-5.689
naphthalene,c1ccc2ccccc2c1,4,31,-5.668
naphthalene,c1ccc2ccccc2c1,4,32,-5.566
naphthalene,c1ccc2ccccc2c1,4,33,-5.55
naphthalene,c1ccc2ccccc2c1,4,34,-5.468
naphthalene,c1ccc2ccccc2c1,5,35,-6.97
naphthalene,c1ccc2ccccc2c1,5,36,-6.963
naphthalene,c1ccc2ccccc2c1,5,37,-6.963
naphthalene,c1ccc2ccccc2c1,5,38,-6.894
naphthalene,c1ccc2ccccc2c1,5,39,-6.694
naphthalene,c1ccc2ccccc2c1,5,40,-6.69
naphthalene,c1ccc2ccccc2c1,5,41,-6.65
naphthalene,c1ccc2ccccc2c1,5,42,-6.607
naphthalene,c1ccc2ccccc2c1,5,43,-4.78
naphthalene,c1ccc2ccccc2c1,6,44,-2.212
naphthalene,c1ccc2ccccc2c1,6,45,-2.202
naphthalene,c1ccc2ccccc2c1,6,46,-2.177
naphthalene,c1ccc2ccccc2c1,6,47,-2.147
naphthalene,c1ccc2ccccc2c1,6,48,-2.056
naphthalene,c1ccc2ccccc2c1,6,49,-2.002
naphthalene,c1ccc2ccccc2c1,6,50,-1.99
naphthalene,c1ccc2ccccc2c1,6,51,-1.978
naphthalene,c1ccc2ccccc2c1,6,52,-1.945
naphthalene,c1ccc2ccccc2c1,7,53,-3.934
naphthalene,c1ccc2ccccc2c1,7,54,-3.873
naphthalene,c1ccc2ccccc2c1,7,55,-3.746
naphthalene,c1ccc2ccccc2c1,7,56,-3.48
naphthalene,c1ccc2ccccc2c1,7,57,-3.378
naphthalene,c1ccc2ccccc2c1,7,58,-3.37
naphthalene,c1ccc2ccccc2c1,7,59,-3.234
naphthalene,c1ccc2ccccc2c1,7,60,-3.146
naphthalene,c1ccc2ccccc2c1,7,61,-3.138
naphthalene,c1ccc2ccccc2c1,8,62,-4.855
naphthalene,c1ccc2ccccc2c1,8,63,-4.793
naphthalene,c1ccc2ccccc2c1,8,64,-4.78
naphthalene,c1ccc2ccccc2c1,8,65,-4.772
naphthalene,c1ccc2ccccc2c1,8,66,-4.751
naphthalene,c1ccc2ccccc2c1,8,67,-4.71
naphthalene,c1ccc2ccccc2c1,8,68,-4.431
naphthalene,c1ccc2ccccc2c1,8,69,-4.282
dibenzofuran,c1ccc2c(c1)oc1ccccc12,0,0,-2.643
dibenzofuran,c1ccc2c(c1)oc1ccccc12,0,1,-2.639
dibenzofuran,c1ccc2c(c1)oc1ccccc12,0,2,-2.319
dibenzofuran,c1ccc2c(c1)oc1ccccc12,0,3,-2.317
dibenzofuran,c1ccc2c(c1)oc1ccccc12,0,4,-2.269
dibenzofuran,c1ccc2c(c1)oc1ccccc12,0,5,-2.25
dibenzofuran,c1ccc2c(c1)oc1ccccc12,0,6,-2.239
dibenzofuran,c1ccc2c(c1)oc1ccccc12,0,7,-2.196
dibenzofuran,c1ccc2c(c1)oc1ccccc12,0,8,-2.185
dibenzofuran,c1ccc2c(c1)oc1ccccc12,1,9,-5.176
dibenzofuran,c1ccc2c(c1)oc1ccccc12,1,10,-5.028
dibenzofuran,c1ccc2c(c1)oc1ccccc12,1,11,-4.977
dibenzofuran,c1ccc2c(c1)oc1ccccc12,1,12,-4.948
dibenzofuran,c1ccc2c(c1)oc1ccccc12,1,13,-4.794
dibenzofuran,c1ccc2c(c1)oc1ccccc12,1,14,-4.732
dibenzofuran,c1ccc2c(c1)oc1ccccc12,1,15,-4.55
dibenzofuran,c1ccc2c(c1)oc1ccccc12,1,16,-4.539
dibenzofuran,c1ccc2c(c1)oc1ccccc12,1,17,-4.522
dibenzofuran,c1ccc2c(c1)oc1ccccc12,2,18,-5.499
dibenzofuran,c1ccc2c(c1)oc1ccccc12,2,19,-5.351
dibenzofuran,c1ccc2c(c1)oc1ccccc12,2,20,-5.296
dibenzofuran,c1ccc2c(c1)oc1ccccc12,2,21,-5.271
dibenzofuran,c1ccc2c(c1)oc1ccccc12,2,22,-5.267
dibenzofuran,c1ccc2c(c1)oc1ccccc12,2,23,-5.233
dibenzofuran,c1ccc2c(c1)oc1ccccc12,2,24,-5.232
dibenzofuran,c1ccc2c(c1)oc1ccccc12,2,25,-5.131
dibenzofuran,c1ccc2c(c1)oc1ccccc12,3,26,-6.589
dibenzofuran,c1ccc2c(c1)oc1ccccc12,3,27,-6.585
dibenzofuran,c1ccc2c(c1)oc1ccccc12,3,28,-6.541
dibenzofuran,c1ccc2c(c1)oc1ccccc12,3,29,-6.511
dibenzofuran,c1ccc2c(c1)oc1ccccc12,3,30,-5.762
dibenzofuran,c1ccc2c(c1)oc1ccccc12,3,31,-5.614
dibenzofuran,c1ccc2c(c1)oc1ccccc12,3,32,-5.549
dibenzofuran,c1ccc2c(c1)oc1ccccc12,3,33,-5.512
dibenzofuran,c1ccc2c(c1)oc1ccccc12,4,34,-7.328
dibenzofuran,c1ccc2c(c1)oc1ccccc12,4,35,-7.291
dibenzofuran,c1ccc2c(c1)oc1ccccc12,4,36,-6.977
dibenzofuran,c1ccc2c(c1)oc1ccccc12,4,37,-6.828
dibenzofuran,c1ccc2c(c1)oc1ccccc12,4,38,-6.768
dibenzofuran,c1ccc2c(c1)oc1ccccc12,4,39,-6.498
dibenzofuran,c1ccc2c(c1)oc1ccccc12,4,40,-6.424
dibenzofuran,c1ccc2c(c1)oc1ccccc12,4,41,-6.227
dibenzofuran,c1ccc2c(c1)oc1ccccc12,4,42,-6.19
dibenzofuran,c1ccc2c(c1)oc1ccccc12,5,43,-7.941
dibenzofuran,c1ccc2c(c1)oc1ccccc12,5,44,-7.915
dibenzofuran,c1ccc2c(c1)oc1ccccc12,5,45,-7.873
dibenzofuran,c1ccc2c(c1)oc1ccccc12,5,46,-7.734
dibenzofuran,c1ccc2c(c1)oc1ccccc12,5,47,-6.355
dibenzofuran,c1ccc2c(c1)oc1ccccc12,5,48,-6.312
dibenzofuran,c1ccc2c(c1)oc1ccccc12,5,49,-6.307
dibenzofuran,c1ccc2c(c1)oc1ccccc12,5,50,-5.149
dibenzofuran,c1ccc2c(c1)oc1ccccc12,5,51,-5.051
dibenzofuran,c1ccc2c(c1)oc1ccccc12,6,52,-2.324
dibenzofuran,c1ccc2c(c1)oc1ccccc12,6,53,-2.319
dibenzofuran,c1ccc2c(c1)oc1ccccc12,6,54,-2.303
dibenzofuran,c1ccc2c(c1)oc1ccccc12,6,55,-2.233
dibenzofuran,c1ccc2c(c1)oc1ccccc12,6,56,-2.145
dibenzofuran,c1ccc2c(c1)oc1ccccc12,6,57,-2.145
dibenzofuran,c1ccc2c(c1)oc1ccccc12,6,58,-2.089
dibenzofuran,c1ccc2c(c1)oc1ccccc12,6,59,-2.061
dibenzofuran,c1ccc2c(c1)oc1ccccc12,7,60,-3.902
dibenzofuran,c1ccc2c(c1)oc1ccccc12,7,61,-3.762
dibenzofuran,c1ccc2c(c1)oc1ccccc12,7,62,-3.693
dibenzofuran,c1ccc2c(c1)oc1ccccc12,7,63,-3.691
dibenzofuran,c1ccc2c(c1)oc1ccccc12,7,64,-3.441
dibenzofuran,c1ccc2c(c1)oc1ccccc12,7,65,-3.423
dibenzofuran,c1ccc2c(c1)oc1ccccc12,7,66,-3.406
dibenzofuran,c1ccc2c(c1)oc1ccccc12,7,67,-3.38
dibenzofuran,c1ccc2c(c1)oc1ccccc12,7,68,-3.184
dibenzofuran,c1ccc2c(c1)oc1ccccc12,8,69,-5.057
dibenzofuran,c1ccc2c(c1)oc1ccccc12,8,70,-4.884
dibenzofuran,c1ccc2c(c1)oc1ccccc12,8,71,-4.86
dibenzofuran,c1ccc2c(c1)oc1ccccc12,8,72,-4.853
dibenzofuran,c1ccc2c(c1)oc1ccccc12,8,73,-4.614
dibenzofuran,c1ccc2c(c1)oc1ccccc12,8,74,-4.611
dibenzofuran,c1ccc2c(c1)oc1ccccc12,8,75,-4.505
dibenzofuran,c1ccc2c(c1)oc1ccccc12,8,76,-4.383
dibenzothiophene,c1ccc2c(c1)sc1ccccc12,0,0,-2.285
dibenzothiophene,c1ccc2c(c1)sc1ccccc12,0,1,-2.241
dibenzothiophene,c1ccc2c(c1)sc1ccccc12,0,2,-2.239
dibenzothiophene,c1ccc2c(c1)sc1ccccc12,0,3,-2.17
dibenzothiophene,c1ccc2c(c1)sc1ccccc12,0,4,-2.112
dibenzothiophene,c1ccc2c(c1)sc1ccccc12,0,5,-2.061
dibenzothiophene,c1ccc2c(c1)sc1ccccc12,0,6,-2.031
dibenzothiophene,c1ccc2c(c1)sc1ccccc12,0,7,-2.031
dibenzothiophene,c1ccc2c(c1)sc1ccccc12,1,8,-5.504
dibenzothiophene,c1ccc2c(c1)sc1ccccc12,1,9,-5.052
dibenzothiophene,c1ccc2c(c1)sc1ccccc12,1,10,-4.845
dibenzothiophene,c1ccc2c(c1)sc1ccccc12,1,11,-4.779
dibenzothiophene,c1ccc2c(c1)sc1ccccc12,1,12,-4.686
dibenzothiophene,c1ccc2c(c1)sc1ccccc12,1,13,-4.627
dibenzothiophene,c1ccc2c(c1)sc1ccccc12,1,14,-4.46
dibenzothiophene,c1ccc2c(c1)sc1ccccc12,1,15,-4.42
dibenzothiophene,c1ccc2c(c1)sc1ccccc12,2,16,-5.278
dibenzothiophene,c1ccc2c(c1)sc1ccccc12,2,17,-5.22
dibenzothiophene,c1ccc2c(c1)sc1ccccc12,2,18,-5.167
dibenzothiophene,c1ccc2c(c1)sc1ccccc12,2,19,-5.125
dibenzothiophene,c1ccc2c(c1)sc1ccccc12,2,20,-5.113
dibenzothiophene,c1ccc2c(c1)sc1ccccc12,2,21,-5.096
dibenzothiophene,c1ccc2c(c1)sc1ccccc12,2,22,-4.998
dibenzothiophene,c1ccc2c(c1)sc1ccccc12,2,23,-4.923
dibenzothiophene,c1ccc2c(c1)sc1ccccc12,3,24,-6.697
dibenzothiophene,c1ccc2c(c1)sc1ccccc12,3,25,-6.579
dibenzothiophene,c1ccc2c(c1)sc1ccccc12,3,26,-6.394
dibenzothiophene,c1ccc2c(c1)sc1ccccc12,3,27,-6.356
dibenzothiophene,c1ccc2c(c1)sc1ccccc12,3,28,-5.566
dibenzothiophene,c1ccc2c(c1)sc1ccccc12,3,29,-5.556
dibenzothiophene,c1ccc2c(c1)sc1ccccc12,4,30,-7.015
dibenzothiophene,c1ccc2c(c1)sc1ccccc12,4,31,-6.902
dibenzothiophene,c1ccc2c(c1)sc1ccccc12,4,32,-6.874
dibenzothiophene,c1ccc2c(c1)sc1ccccc12,4,33,-6.798
dibenzothiophene,c1ccc2c(c1)sc1ccccc12,4,34,-6.451
dibenzothiophene,c1ccc2c(c1)sc1ccccc12,4,35,-6.319
dibenzothiophene,c1ccc2c(c1)sc1ccccc12,4,36,-6.282
dibenzothiophene,c1ccc2c(c1)sc1ccccc12,4,37,-6.265
dibenzothiophene,c1ccc2c(c1)sc1ccccc12,4,38,-6.18
dibenzothiophene,c1ccc2c(c1)sc1ccccc12,5,39,-7.693
dibenzothiophene,c1ccc2c(c1)sc1ccccc12,5,40,-7.67
dibenzothiophene,c1ccc2c(c1)sc1ccccc12,5,41,-6.733
dibenzothiophene,c1ccc2c(c1)sc1ccccc12,5,42,-4.881
dibenzothiophene,c1ccc2c(c1)sc1ccccc12,5,43,-4.785
dibenzothiophene,c1ccc2c(c1)sc1ccccc12,5,44,-4.753
dibenzothiophene,c1ccc2c(c1)sc1ccccc12,5,45,-4.721
dibenzothiophene,c1ccc2c(c1)sc1ccccc12,5,46,-4.694
dibenzothiophene,c1ccc2c(c1)sc1ccccc12,6,47,-2.256
dibenzothiophene,c1ccc2c(c1)sc1ccccc12,6,48,-2.197
dibenzothiophene,c1ccc2c(c1)sc1ccccc12,6,49,-2.117
dibenzothiophene,c1ccc2c(c1)sc1ccccc12,6,50,-2.06
dibenzothiophene,c1ccc2c(c1)sc1ccccc12,6,51,-1.868
dibenzothiophene,c1ccc2c(c1)sc1ccccc12,6,52,-1.84
dibenzothiophene,c1ccc2c(c1)sc1ccccc12,6,53,-1.81
dibenzothiophene,c1ccc2c(c1)sc1ccccc12,6,54,-1.766
dibenzothiophene,c1ccc2c(c1)sc1ccccc12,7,55,-4.204
dibenzothiophene,c1ccc2c(c1)sc1ccccc12,7,56,-4.008
dibenzothiophene,c1ccc2c(c1)sc1ccccc12,7,57,-4.007
dibenzothiophene,c1ccc2c(c1)sc1ccccc12,7,58,-3.988
dibenzothiophene,c1ccc2c(c1)sc1ccccc12,7,59,-3.568
dibenzothiophene,c1ccc2c(c1)sc1ccccc12,7,60,-3.564
dibenzothiophene,c1ccc2c(c1)sc1ccccc12,7,61,-3.251
dibenzothiophene,c1ccc2c(c1)sc1ccccc12,7,62,-3.142
dibenzothiophene,c1ccc2c(c1)sc1ccccc12,7,63,-3.141
dibenzothiophene,c1ccc2c(c1)sc1ccccc12,8,64,-5.048
dibenzothiophene,c1ccc2c(c1)sc1ccccc12,8,65,-4.806
dibenzothiophene,c1ccc2c(c1)sc1ccccc12,8,66,-4.377
dibenzothiophene,c1ccc2c(c1)sc1ccccc12,8,67,-4.366
dibenzothiophene,c1ccc2c(c1)sc1ccccc12,8,68,-4.343
dibenzothiophene,c1ccc2c(c1)sc1ccccc12,8,69,-4.337
dibenzothiophene,c1ccc2c(c1)sc1ccccc12,8,70,-4.248
chrysene,c1ccc2c(c1)ccc1c3ccccc3ccc21,0,0,-2.839
chrysene,c1ccc2c(c1)ccc1c3ccccc3ccc21,0,1,-2.836
chrysene,c1ccc2c(c1)ccc1c3ccccc3ccc21,0,2,-2.826
chrysene,c1ccc2c(c1)ccc1c3ccccc3ccc21,0,3,-2.806
chrysene,c1ccc2c(c1)ccc1c3ccccc3ccc21,0,4,-2.76
chrysene,c1ccc2c(c1)ccc1c3ccccc3ccc21,0,5,-2.747
chrysene,c1ccc2c(c1)ccc1c3ccccc3ccc21,0,6,-2.675
chrysene,c1ccc2c(c1)ccc1c3ccccc3ccc21,1,7,-6.604
chrysene,c1ccc2c(c1)ccc1c3ccccc3ccc21,1,8,-6.26
chrysene,c1ccc2c(c1)ccc1c3ccccc3ccc21,1,9,-6.258
chrysene,c1ccc2c(c1)ccc1c3ccccc3ccc21,1,10,-6.029
chrysene,c1ccc2c(c1)ccc1c3ccccc3ccc21,1,11,-6.008
chrysene,c1ccc2c(c1)ccc1c3ccccc3ccc21,1,12,-6.004
chrysene,c1ccc2c(c1)ccc1c3ccccc3ccc21,1,13,-5.984
chrysene,c1ccc2c(c1)ccc1c3ccccc3ccc21,1,14,-5.914
chrysene,c1ccc2c(c1)ccc1c3ccccc3ccc21,2,15,-6.784
chrysene,c1ccc2c(c1)ccc1c3ccccc3ccc21,2,16,-6.683
chrysene,c1ccc2c(c1)ccc1c3ccccc3ccc21,2,17,-6.652
chrysene,c1ccc2c(c1)ccc1c3ccccc3ccc21,2,18,-6.622
chrysene,c1ccc2c(c1)ccc1c3ccccc3ccc21,2,19,-6.613
chrysene,c1ccc2c(c1)ccc1c3ccccc3ccc21,2,20,-6.48
chrysene,c1ccc2c(c1)ccc1c3ccccc3ccc21,2,21,-6.327
chrysene,c1ccc2c(c1)ccc1c3ccccc3ccc21,2,22,-6.314
chrysene,c1ccc2c(c1)ccc1c3ccccc3ccc21,3,23,-6.91
chrysene,c1ccc2c(c1)ccc1c3ccccc3ccc21,3,24,-6.741
chrysene,c1ccc2c(c1)ccc1c3ccccc3ccc21,3,25,-6.69
chrysene,c1ccc2c(c1)ccc1c3ccccc3ccc21,3,26,-6.686
chrysene,c1ccc2c(c1)ccc1c3ccccc3ccc21,3,27,-6.643
chrysene,c1ccc2c(c1)ccc1c3ccccc3ccc21,3,28,-6.637
chrysene,c1ccc2c(c1)ccc1c3ccccc3ccc21,3,29,-6.59
chrysene,c1ccc2c(c1)ccc1c3ccccc3ccc21,3,30,-6.431
chrysene,c1ccc2c(c1)ccc1c3ccccc3ccc21,3,31,-6.356
chrysene,c1ccc2c(c1)ccc1c3ccccc3ccc21,4,32,-7.896
chrysene,c1ccc2c(c1)ccc1c3ccccc3ccc21,4,33,-7.841
chrysene,c1ccc2c(c1)ccc1c3ccccc3ccc21,4,34,-7.818
chrysene,c1ccc2c(c1)ccc1c3ccccc3ccc21,4,35,-7.781
chrysene,c1ccc2c(c1)ccc1c3ccccc3ccc21,4,36,-7.671
chrysene,c1ccc2c(c1)ccc1c3ccccc3ccc21,4,37,-7.657
chrysene,c1ccc2c(c1)ccc1c3ccccc3ccc21,4,38,-7.425
chrysene,c1ccc2c(c1)ccc1c3ccccc3ccc21,4,39,-7.303
chrysene,c1ccc2c(c1)ccc1c3ccccc3ccc21,4,40,-7.148
chrysene,c1ccc2c(c1)ccc1c3ccccc3ccc21,5,41,-6.193
chrysene,c1ccc2c(c1)ccc1c3ccccc3ccc21,5,42,-6.13
chrysene,c1ccc2c(c1)ccc1c3ccccc3ccc21,5,43,-5.953
chrysene,c1ccc2c(c1)ccc1c3ccccc3ccc21,5,44,-5.738
chrysene,c1ccc2c(c1)ccc1c3ccccc3ccc21,5,45,-5.618
chrysene,c1ccc2c(c1)ccc1c3ccccc3ccc21,5,46,-5.618
chrysene,c1ccc2c(c1)ccc1c3ccccc3ccc21,5,47,-5.548
chrysene,c1ccc2c(c1)ccc1c3ccccc3ccc21,5,48,-5.539
chrysene,c1ccc2c(c1)ccc1c3ccccc3ccc21,5,49,-5.529
chrysene,c1ccc2c(c1)ccc1c3ccccc3ccc21,6,50,-2.992
chrysene,c1ccc2c(c1)ccc1c3ccccc3ccc21,6,51,-2.853
chrysene,c1ccc2c(c1)ccc1c3ccccc3ccc21,6,52,-2.825
chrysene,c1ccc2c(c1)ccc1c3ccccc3ccc21,6,53,-2.8
chrysene,c1ccc2c(c1)ccc1c3ccccc3ccc21,6,54,-2.753
chrysene,c1ccc2c(c1)ccc1c3ccccc3ccc21,6,55,-2.665
chrysene,c1ccc2c(c1)ccc1c3ccccc3ccc21,6,56,-2.662
chrysene,c1ccc2c(c1)ccc1c3ccccc3ccc21,6,57,-2.658
chrysene,c1ccc2c(c1)ccc1c3ccccc3ccc21,6,58,-2.471
chrysene,c1ccc2c(c1)ccc1c3ccccc3ccc21,7,59,-4.746
chrysene,c1ccc2c(c1)ccc1c3ccccc3ccc21,7,60,-4.564
chrysene,c1ccc2c(c1)ccc1c3ccccc3ccc21,7,61,-4.542
chrysene,c1ccc2c(c1)ccc1c3ccccc3ccc21,7,62,-4.49
chrysene,c1ccc2c(c1)ccc1c3ccccc3ccc21,7,63,-4.302
chrysene,c1ccc2c(c1)ccc1c3ccccc3ccc21,7,64,-4.293
chrysene,c1ccc2c(c1)ccc1c3ccccc3ccc21,7,65,-4.173
chrysene,c1ccc2c(c1)ccc1c3ccccc3ccc21,7,66,-4.148
chrysene,c1ccc2c(c1)ccc1c3ccccc3ccc21,7,67,-4.145
chrysene,c1ccc2c(c1)ccc1c3ccccc3ccc21,8,68,-6.104
chrysene,c1ccc2c(c1)ccc1c3ccccc3ccc21,8,69,-5.983
chrysene,c1ccc2c(c1)ccc1c3ccccc3ccc21,8,70,-5.824
chrysene,c1ccc2c(c1)ccc1c3ccccc3ccc21,8,71,-5.001
chrysene,c1ccc2c(c1)ccc1c3ccccc3ccc21,8,72,-4.989
chrysene,c1ccc2c(c1)ccc1c3ccccc3ccc21,8,73,-4.946
chrysene,c1ccc2c(c1)ccc1c3ccccc3ccc21,8,74,-4.807
benzo[b]fluoranthene,c1ccc2c(c1)-c1cccc3c1c-2cc1ccccc13,0,0,-3.008
benzo[b]fluoranthene,c1ccc2c(c1)-c1cccc3c1c-2cc1ccccc13,0,1,-3.007
benzo[b]fluoranthene,c1ccc2c(c1)-c1cccc3c1c-2cc1ccccc13,0,2,-2.919
benzo[b]fluoranthene,c1ccc2c(c1)-c1cccc3c1c-2cc1ccccc13,0,3,-2.87
benzo[b]fluoranthene,c1ccc2c(c1)-c1cccc3c1c-2cc1ccccc13,0,4,-2.85
benzo[b]fluoranthene,c1ccc2c(c1)-c1cccc3c1c-2cc1ccccc13,0,5,-2.829
benzo[b]fluoranthene,c1ccc2c(c1)-c1cccc3c1c-2cc1ccccc13,0,6,-2.796
benzo[b]fluoranthene,c1ccc2c(c1)-c1cccc3c1c-2cc1ccccc13,0,7,-2.705
benzo[b]fluoranthene,c1ccc2c(c1)-c1cccc3c1c-2cc1ccccc13,1,8,-6.875
benzo[b]fluoranthene,c1ccc2c(c1)-c1cccc3c1c-2cc1ccccc13,1,9,-6.684
benzo[b]fluoranthene,c1ccc2c(c1)-c1cccc3c1c-2cc1ccccc13,1,10,-6.63
benzo[b]fluoranthene,c1ccc2c(c1)-c1cccc3c1c-2cc1ccccc13,1,11,-6.419
benzo[b]fluoranthene,c1ccc2c(c1)-c1cccc3c1c-2cc1ccccc13,1,12,-6.339
benzo[b]fluoranthene,c1ccc2c(c1)-c1cccc3c1c-2cc1ccccc13,1,13,-6.25
benzo[b]fluoranthene,c1ccc2c(c1)-c1cccc3c1c-2cc1ccccc13,1,14,-6.238
benzo[b]fluoranthene,c1ccc2c(c1)-c1cccc3c1c-2cc1ccccc13,1,15,-6.156
benzo[b]fluoranthene,c1ccc2c(c1)-c1cccc3c1c-2cc1ccccc13,1,16,-6.021
benzo[b]fluoranthene,c1ccc2c(c1)-c1cccc3c1c-2cc1ccccc13,2,17,-6.869
benzo[b]fluoranthene,c1ccc2c(c1)-c1cccc3c1c-2cc1ccccc13,2,18,-6.825
benzo[b]fluoranthene,c1ccc2c(c1)-c1cccc3c1c-2cc1ccccc13,2,19,-6.426
benzo[b]fluoranthene,c1ccc2c(c1)-c1cccc3c1c-2cc1ccccc13,2,20,-6.396
benzo[b]fluoranthene,c1ccc2c(c1)-c1cccc3c1c-2cc1ccccc13,2,21,-6.307
benzo[b]fluoranthene,c1ccc2c(c1)-c1cccc3c1c-2cc1ccccc13,2,22,-6.258
benzo[b]fluoranthene,c1ccc2c(c1)-c1cccc3c1c-2cc1ccccc13,2,23,-6.256
benzo[b]fluoranthene,c1ccc2c(c1)-c1cccc3c1c-2cc1ccccc13,2,24,-6.179
benzo[b]fluoranthene,c1ccc2c(c1)-c1cccc3c1c-2cc1ccccc13,2,25,-6.138
benzo[b]fluoranthene,c1ccc2c(c1)-c1cccc3c1c-2cc1ccccc13,3,26,-7.42
benzo[b]fluoranthene,c1ccc2c(c1)-c1cccc3c1c-2cc1ccccc13,3,27,-7.236
benzo[b]fluoranthene,c1ccc2c(c1)-c1cccc3c1c-2cc1ccccc13,3,28,-7.184
benzo[b]fluoranthene,c1ccc2c(c1)-c1cccc3c1c-2cc1ccccc13,3,29,-7.183
benzo[b]fluoranthene,c1ccc2c(c1)-c1cccc3c1c-2cc1ccccc13,3,30,-6.984
benzo[b]fluoranthene,c1ccc2c(c1)-c1cccc3c1c-2cc1ccccc13,3,31,-6.976
benzo[b]fluoranthene,c1ccc2c(c1)-c1cccc3c1c-2cc1ccccc13,4,32,-8.575
benzo[b]fluoranthene,c1ccc2c(c1)-c1cccc3c1c-2cc1ccccc13,4,33,-8.453
benzo[b]fluoranthene,c1ccc2c(c1)-c1cccc3c1c-2cc1ccccc13,4,34,-8.321
benzo[b]fluoranthene,c1ccc2c(c1)-c1cccc3c1c-2cc1ccccc13,4,35,-8.146
benzo[b]fluoranthene,c1ccc2c(c1)-c1cccc3c1c-2cc1ccccc13,4,36,-8.086
benzo[b]fluoranthene,c1ccc2c(c1)-c1cccc3c1c-2cc1ccccc13,4,37,-7.926
benzo[b]fluoranthene,c1ccc2c(c1)-c1cccc3c1c-2cc1ccccc13,4,38,-7.878
benzo[b]fluoranthene,c1ccc2c(c1)-c1cccc3c1c-2cc1ccccc13,4,39,-7.866
benzo[b]fluoranthene,c1ccc2c(c1)-c1cccc3c1c-2cc1ccccc13,4,40,-7.805
benzo[b]fluoranthene,c1ccc2c(c1)-c1cccc3c1c-2cc1ccccc13,5,41,-6.588
benzo[b]fluoranthene,c1ccc2c(c1)-c1cccc3c1c-2cc1ccccc13,5,42,-6.54
benzo[b]fluoranthene,c1ccc2c(c1)-c1cccc3c1c-2cc1ccccc13,5,43,-6.355
benzo[b]fluoranthene,c1ccc2c(c1)-c1cccc3c1c-2cc1ccccc13,5,44,-6.339
benzo[b]fluoranthene,c1ccc2c(c1)-c1cccc3c1c-2cc1ccccc13,5,45,-6.178
benzo[b]fluoranthene,c1ccc2c(c1)-c1cccc3c1c-2cc1ccccc13,5,46,-6.11
benzo[b]fluoranthene,c1ccc2c(c1)-c1cccc3c1c-2cc1ccccc13,5,47,-6.102
benzo[b]fluoranthene,c1ccc2c(c1)-c1cccc3c1c-2cc1ccccc13,5,48,-6.052
benzo[b]fluoranthene,c1ccc2c(c1)-c1cccc3c1c-2cc1ccccc13,5,49,-6.051
benzo[b]fluoranthene,c1ccc2c(c1)-c1cccc3c1c-2cc1ccccc13,6,50,-3.253
benzo[b]fluoranthene,c1ccc2c(c1)-c1cccc3c1c-2cc1ccccc13,6,51,-3.138
benzo[b]fluoranthene,c1ccc2c(c1)-c1cccc3c1c-2cc1ccccc13,6,52,-3.115
benzo[b]fluoranthene,c1ccc2c(c1)-c1cccc3c1c-2cc1ccccc13,6,53,-2.838
benzo[b]fluoranthene,c1ccc2c(c1)-c1cccc3c1c-2cc1ccccc13,6,54,-2.714
benzo[b]fluoranthene,c1ccc2c(c1)-c1cccc3c1c-2cc1ccccc13,6,55,-2.684
benzo[b]fluoranthene,c1ccc2c(c1)-c1cccc3c1c-2cc1ccccc13,6,56,-2.666
benzo[b]fluoranthene,c1ccc2c(c1)-c1cccc3c1c-2cc1ccccc13,6,57,-2.644
benzo[b]fluoranthene,c1ccc2c(c1)-c1cccc3c1c-2cc1ccccc13,7,58,-5.463
benzo[b]fluoranthene,c1ccc2c(c1)-c1cccc3c1c-2cc1ccccc13,7,59,-5.071
benzo[b]fluoranthene,c1ccc2c(c1)-c1cccc3c1c-2cc1ccccc13,7,60,-4.788
benzo[b]fluoranthene,c1ccc2c(c1)-c1cccc3c1c-2cc1ccccc13,7,61,-4.672
benzo[b]fluoranthene,c1ccc2c(c1)-c1cccc3c1c-2cc1ccccc13,7,62,-4.627
benzo[b]fluoranthene,c1ccc2c(c1)-c1cccc3c1c-2cc1ccccc13,7,63,-4.61
benzo[b]fluoranthene,c1ccc2c(c1)-c1cccc3c1c-2cc1ccccc13,7,64,-4.594
benzo[b]fluoranthene,c1ccc2c(c1)-c1cccc3c1c-2cc1ccccc13,7,65,-4.559
benzo[b]fluoranthene,c1ccc2c(c1)-c1cccc3c1c-2cc1ccccc13,8,66,-6.437
benzo[b]fluoranthene,c1ccc2c(c1)-c1cccc3c1c-2cc1ccccc13,8,67,-6.348
benzo[b]fluoranthene,c1ccc2c(c1)-c1cccc3c1c-2cc1ccccc13,8,68,-5.833
benzo[b]fluoranthene,c1ccc2c(c1)-c1cccc3c1c-2cc1ccccc13,8,69,-5.71
benzo[b]fluoranthene,c1ccc2c(c1)-c1cccc3c1c-2cc1ccccc13,8,70,-5.417
benzo[b]fluoranthene,c1ccc2c(c1)-c1cccc3c1c-2cc1ccccc13,8,71,-5.323
benzo[b]fluoranthene,c1ccc2c(c1)-c1cccc3c1c-2cc1ccccc13,8,72,-5.244
benzo[ghi]perylene,c1cc2ccc3ccc4ccc5cccc6c(c1)c2c3c4c56,0,0,-3.033
benzo[ghi]perylene,c1cc2ccc3ccc4ccc5cccc6c(c1)c2c3c4c56,0,1,-3.025
benzo[ghi]perylene,c1cc2ccc3ccc4ccc5cccc6c(c1)c2c3c4c56,0,2,-2.968
benzo[ghi]perylene,c1cc2ccc3ccc4ccc5cccc6c(c1)c2c3c4c56,0,3,-2.902
benzo[ghi]perylene,c1cc2ccc3ccc4ccc5cccc6c(c1)c2c3c4c56,0,4,-2.879
benzo[ghi]perylene,c1cc2ccc3ccc4ccc5cccc6c(c1)c2c3c4c56,0,5,-2.869
benzo[ghi]perylene,c1cc2ccc3ccc4ccc5cccc6c(c1)c2c3c4c56,0,6,-2.853
benzo[ghi]perylene,c1cc2ccc3ccc4ccc5cccc6c(c1)c2c3c4c56,0,7,-2.759
benzo[ghi]perylene,c1cc2ccc3ccc4ccc5cccc6c(c1)c2c3c4c56,1,8,-7.081
benzo[ghi]perylene,c1cc2ccc3ccc4ccc5cccc6c(c1)c2c3c4c56,1,9,-7.079
benzo[ghi]perylene,c1cc2ccc3ccc4ccc5cccc6c(c1)c2c3c4c56,1,10,-7.042
benzo[ghi]perylene,c1cc2ccc3ccc4ccc5cccc6c(c1)c2c3c4c56,1,11,-7.04
benzo[ghi]perylene,c1cc2ccc3ccc4ccc5cccc6c(c1)c2c3c4c56,1,12,-7.012
benzo[ghi]perylene,c1cc2ccc3ccc4ccc5cccc6c(c1)c2c3c4c56,1,13,-6.927
benzo[ghi]perylene,c1cc2ccc3ccc4ccc5cccc6c(c1)c2c3c4c56,1,14,-6.914
benzo[ghi]perylene,c1cc2ccc3ccc4ccc5cccc6c(c1)c2c3c4c56,1,15,-6.843
benzo[ghi]perylene,c1cc2ccc3ccc4ccc5cccc6c(c1)c2c3c4c56,1,16,-6.835
benzo[ghi]perylene,c1cc2ccc3ccc4ccc5cccc6c(c1)c2c3c4c56,2,17,-6.871
benzo[ghi]perylene,c1cc2ccc3ccc4ccc5cccc6c(c1)c2c3c4c56,2,18,-6.774
benzo[ghi]perylene,c1cc2ccc3ccc4ccc5cccc6c(c1)c2c3c4c56,2,19,-6.721
benzo[ghi]perylene,c1cc2ccc3ccc4ccc5cccc6c(c1)c2c3c4c56,2,20,-6.704
benzo[ghi]perylene,c1cc2ccc3ccc4ccc5cccc6c(c1)c2c3c4c56,2,21,-6.672
benzo[ghi]perylene,c1cc2ccc3ccc4ccc5cccc6c(c1)c2c3c4c56,2,22,-6.554
benzo[ghi]perylene,c1cc2ccc3ccc4ccc5cccc6c(c1)c2c3c4c56,2,23,-6.429
benzo[ghi]perylene,c1cc2ccc3ccc4ccc5cccc6c(c1)c2c3c4c56,2,24,-6.404
benzo[ghi]perylene,c1cc2ccc3ccc4ccc5cccc6c(c1)c2c3c4c56,2,25,-6.301
benzo[ghi]perylene,c1cc2ccc3ccc4ccc5cccc6c(c1)c2c3c4c56,3,26,-7.772
benzo[ghi]perylene,c1cc2ccc3ccc4ccc5cccc6c(c1)c2c3c4c56,3,27,-7.752
benzo[ghi]perylene,c1cc2ccc3ccc4ccc5cccc6c(c1)c2c3c4c56,3,28,-7.725
benzo[ghi]perylene,c1cc2ccc3ccc4ccc5cccc6c(c1)c2c3c4c56,3,29,-7.636
benzo[ghi]perylene,c1cc2ccc3ccc4ccc5cccc6c(c1)c2c3c4c56,3,30,-7.618
benzo[ghi]perylene,c1cc2ccc3ccc4ccc5cccc6c(c1)c2c3c4c56,3,31,-7.459
benzo[ghi]perylene,c1cc2ccc3ccc4ccc5cccc6c(c1)c2c3c4c56,3,32,-7.354
benzo[ghi]perylene,c1cc2ccc3ccc4ccc5cccc6c(c1)c2c3c4c56,3,33,-7.163
benzo[ghi]perylene,c1cc2ccc3ccc4ccc5cccc6c(c1)c2c3c4c56,4,34,-9.143
benzo[ghi]perylene,c1cc2ccc3ccc4ccc5cccc6c(c1)c2c3c4c56,4,35,-8.919
benzo[ghi]perylene,c1cc2ccc3ccc4ccc5cccc6c(c1)c2c3c4c56,4,36,-8.369
benzo[ghi]perylene,c1cc2ccc3ccc4ccc5cccc6c(c1)c2c3c4c56,4,37,-8.18
benzo[ghi]perylene,c1cc2ccc3ccc4ccc5cccc6c(c1)c2c3c4c56,4,38,-8.146
benzo[ghi]perylene,c1cc2ccc3ccc4ccc5cccc6c(c1)c2c3c4c56,4,39,-8.14
benzo[ghi]perylene,c1cc2ccc3ccc4ccc5cccc6c(c1)c2c3c4c56,4,40,-8.099
benzo[ghi]perylene,c1cc2ccc3ccc4ccc5cccc6c(c1)c2c3c4c56,5,41,-6.857
benzo[ghi]perylene,c1cc2ccc3ccc4ccc5cccc6c(c1)c2c3c4c56,5,42,-6.761
benzo[ghi]perylene,c1cc2ccc3ccc4ccc5cccc6c(c1)c2c3c4c56,5,43,-6.739
benzo[ghi]perylene,c1cc2ccc3ccc4ccc5cccc6c(c1)c2c3c4c56,5,44,-6.655
benzo[ghi]perylene,c1cc2ccc3ccc4ccc5cccc6c(c1)c2c3c4c56,5,45,-6.639
benzo[ghi]perylene,c1cc2ccc3ccc4ccc5cccc6c(c1)c2c3c4c56,5,46,-6.586
benzo[ghi]perylene,c1cc2ccc3ccc4ccc5cccc6c(c1)c2c3c4c56,5,47,-6.531
benzo[ghi]perylene,c1cc2ccc3ccc4ccc5cccc6c(c1)c2c3c4c56,5,48,-6.506
benzo[ghi]perylene,c1cc2ccc3ccc4ccc5cccc6c(c1)c2c3c4c56,6,49,-3.48
benzo[ghi]perylene,c1cc2ccc3ccc4ccc5cccc6c(c1)c2c3c4c56,6,50,-3.391
benzo[ghi]perylene,c1cc2ccc3ccc4ccc5cccc6c(c1)c2c3c4c56,6,51,-3.297
benzo[ghi]perylene,c1cc2ccc3ccc4ccc5cccc6c(c1)c2c3c4c56,6,52,-3.292
benzo[ghi]perylene,c1cc2ccc3ccc4ccc5cccc6c(c1)c2c3c4c56,6,53,-3.181
benzo[ghi]perylene,c1cc2ccc3ccc4ccc5cccc6c(c1)c2c3c4c56,6,54,-3.141
benzo[ghi]perylene,c1cc2ccc3ccc4ccc5cccc6c(c1)c2c3c4c56,7,55,-4.872
benzo[ghi]perylene,c1cc2ccc3ccc4ccc5cccc6c(c1)c2c3c4c56,7,56,-4.871
benzo[ghi]perylene,c1cc2ccc3ccc4ccc5cccc6c(c1)c2c3c4c56,7,57,-4.861
benzo[ghi]perylene,c1cc2ccc3ccc4ccc5cccc6c(c1)c2c3c4c56,7,58,-4.847
benzo[ghi]perylene,c1cc2ccc3ccc4ccc5cccc6c(c1)c2c3c4c56,7,59,-4.837
benzo[ghi]perylene,c1cc2ccc3ccc4ccc5cccc6c(c1)c2c3c4c56,7,60,-4.806
benzo[ghi]perylene,c1cc2ccc3ccc4ccc5cccc6c(c1)c2c3c4c56,7,61,-4.768
benzo[ghi]perylene,c1cc2ccc3ccc4ccc5cccc6c(c1)c2c3c4c56,7,62,-4.735
benzo[ghi]perylene,c1cc2ccc3ccc4ccc5cccc6c(c1)c2c3c4c56,8,63,-6.549
benzo[ghi]perylene,c1cc2ccc3ccc4ccc5cccc6c(c1)c2c3c4c56,8,64,-6.527
benzo[ghi]perylene,c1cc2ccc3ccc4ccc5cccc6c(c1)c2c3c4c56,8,65,-6.072
benzo[ghi]perylene,c1cc2ccc3ccc4ccc5cccc6c(c1)c2c3c4c56,8,66,-5.963
benzo[ghi]perylene,c1cc2ccc3ccc4ccc5cccc6c(c1)c2c3c4c56,8,67,-5.91
benzo[ghi]perylene,c1cc2ccc3ccc4ccc5cccc6c(c1)c2c3c4c56,8,68,-5.885
benzo[ghi]perylene,c1cc2ccc3ccc4ccc5cccc6c(c1)c2c3c4c56,8,69,-5.88
benzo[ghi]perylene,c1cc2ccc3ccc4ccc5cccc6c(c1)c2c3c4c56,8,70,-5.718
anisole,COc1ccccc1,0,0,-1.842
anisole,COc1ccccc1,0,1,-1.648
anisole,COc1ccccc1,0,2,-1.631
anisole,COc1ccccc1,0,3,-1.594
anisole,COc1ccccc1,0,4,-1.527
anisole,COc1ccccc1,1,5,-4.414
anisole,COc1ccccc1,1,6,-4.152
anisole,COc1ccccc1,1,7,-3.511
anisole,COc1ccccc1,1,8,-3.29
anisole,COc1ccccc1,1,9,-3.232
anisole,COc1ccccc1,1,10,-3.21
anisole,COc1ccccc1,1,11,-3.204
anisole,COc1ccccc1,2,12,-3.447
anisole,COc1ccccc1,2,13,-3.357
anisole,COc1ccccc1,2,14,-3.335
anisole,COc1ccccc1,2,15,-3.181
anisole,COc1ccccc1,2,16,-3.14
anisole,COc1ccccc1,3,17,-5.172
anisole,COc1ccccc1,3,18,-4.795
anisole,COc1ccccc1,3,19,-4.404
anisole,COc1ccccc1,3,20,-4.347
anisole,COc1ccccc1,4,21,-4.721
anisole,COc1ccccc1,4,22,-4.642
anisole,COc1ccccc1,4,23,-4.359
anisole,COc1ccccc1,4,24,-4.338
anisole,COc1ccccc1,4,25,-4.301
anisole,COc1ccccc1,4,26,-4.285
anisole,COc1ccccc1,4,27,-4.128
anisole,COc1ccccc1,5,28,-4.871
anisole,COc1ccccc1,5,29,-4.808
anisole,COc1ccccc1,5,30,-4.524
anisole,COc1ccccc1,5,31,-4.466
anisole,COc1ccccc1,5,32,-4.371
anisole,COc1ccccc1,5,33,-3.736
anisole,COc1ccccc1,6,34,-1.794
anisole,COc1ccccc1,6,35,-1.524
anisole,COc1ccccc1,6,36,-1.521
anisole,COc1ccccc1,6,37,-1.439
anisole,COc1ccccc1,6,38,-1.425
anisole,COc1ccccc1,6,39,-1.378
anisole,COc1ccccc1,6,40,-1.378
anisole,COc1ccccc1,7,41,-2.964
anisole,COc1ccccc1,7,42,-2.814
anisole,COc1ccccc1,7,43,-2.706
anisole,COc1ccccc1,7,44,-2.649
anisole,COc1ccccc1,7,45,-2.589
anisole,COc1ccccc1,7,46,-2.577
anisole,COc1ccccc1,7,47,-2.529
anisole,COc1ccccc1,8,48,-3.784
anisole,COc1ccccc1,8,49,-3.703
anisole,COc1ccccc1,8,50,-3.456
anisole,COc1ccccc1,8,51,-3.384
anisole,COc1ccccc1,8,52,-2.889
valerophenone,CCCCC(=O)c1ccccc1,0,0,-1.999
valerophenone,CCCCC(=O)c1ccccc1,0,1,-1.858
valerophenone,CCCCC(=O)c1ccccc1,0,2,-1.749
valerophenone,CCCCC(=O)c1ccccc1,0,3,-1.746
valerophenone,CCCCC(=O)c1ccccc1,0,4,-1.701
valerophenone,CCCCC(=O)c1ccccc1,0,5,-1.623
valerophenone,CCCCC(=O)c1ccccc1,1,6,-5.142
valerophenone,CCCCC(=O)c1ccccc1,1,7,-4.225
valerophenone,CCCCC(=O)c1ccccc1,1,8,-4.199
valerophenone,CCCCC(=O)c1ccccc1,1,9,-4.116
valerophenone,CCCCC(=O)c1ccccc1,1,10,-4.027
valerophenone,CCCCC(=O)c1ccccc1,1,11,-4.014
valerophenone,CCCCC(=O)c1ccccc1,2,12,-4.586
valerophenone,CCCCC(=O)c1ccccc1,2,13,-4.454
valerophenone,CCCCC(=O)c1ccccc1,2,14,-4.25
valerophenone,CCCCC(=O)c1ccccc1,2,15,-4.165
valerophenone,CCCCC(=O)c1ccccc1,2,16,-4.084
valerophenone,CCCCC(=O)c1ccccc1,2,17,-3.907
valerophenone,CCCCC(=O)c1ccccc1,2,18,-3.882
valerophenone,CCCCC(=O)c1ccccc1,3,19,-5.6
valerophenone,CCCCC(=O)c1ccccc1,3,20,-5.555
valerophenone,CCCCC(=O)c1ccccc1,3,21,-5.406
valerophenone,CCCCC(=O)c1ccccc1,3,22,-5.381
valerophenone,CCCCC(=O)c1ccccc1,3,23,-5.326
valerophenone,CCCCC(=O)c1ccccc1,3,24,-5.289
valerophenone,CCCCC(=O)c1ccccc1,3,25,-5.24
valerophenone,CCCCC(=O)c1ccccc1,3,26,-5.134
valerophenone,CCCCC(=O)c1ccccc1,4,27,-5.854
valerophenone,CCCCC(=O)c1ccccc1,4,28,-5.714
valerophenone,CCCCC(=O)c1ccccc1,4,29,-5.674
valerophenone,CCCCC(=O)c1ccccc1,4,30,-5.635
valerophenone,CCCCC(=O)c1ccccc1,4,31,-5.617
valerophenone,CCCCC(=O)c1ccccc1,4,32,-5.484
valerophenone,CCCCC(=O)c1ccccc1,4,33,-5.283
valerophenone,CCCCC(=O)c1ccccc1,4,34,-5.251
valerophenone,CCCCC(=O)c1ccccc1,4,35,-5.229
valerophenone,CCCCC(=O)c1ccccc1,5,36,-6.295
valerophenone,CCCCC(=O)c1ccccc1,5,37,-6.141
valerophenone,CCCCC(=O)c1ccccc1,5,38,-5.964
valerophenone,CCCCC(=O)c1ccccc1,5,39,-5.649
valerophenone,CCCCC(=O)c1ccccc1,5,40,-5.587
valerophenone,CCCCC(=O)c1ccccc1,5,41,-5.406
valerophenone,CCCCC(=O)c1ccccc1,6,42,-2.118
valerophenone,CCCCC(=O)c1ccccc1,6,43,-1.756
valerophenone,CCCCC(=O)c1ccccc1,6,44,-1.723
valerophenone,CCCCC(=O)c1ccccc1,6,45,-1.575
valerophenone,CCCCC(=O)c1ccccc1,6,46,-1.478
valerophenone,CCCCC(=O)c1ccccc1,6,47,-1.418
valerophenone,CCCCC(=O)c1ccccc1,6,48,-1.409
valerophenone,CCCCC(=O)c1ccccc1,6,49,-1.363
valerophenone,CCCCC(=O)c1ccccc1,7,50,-3.054
valerophenone,CCCCC(=O)c1ccccc1,7,51,-3.032
valerophenone,CCCCC(=O)c1ccccc1,7,52,-2.996
valerophenone,CCCCC(=O)c1ccccc1,7,53,-2.972
valerophenone,CCCCC(=O)c1ccccc1,7,54,-2.927
valerophenone,CCCCC(=O)c1ccccc1,7,55,-2.921
valerophenone,CCCCC(=O)c1ccccc1,7,56,-2.917
valerophenone,CCCCC(=O)c1ccccc1,7,57,-2.869
valerophenone,CCCCC(=O)c1ccccc1,8,58,-4.06
valerophenone,CCCCC(=O)c1ccccc1,8,59,-3.811
valerophenone,CCCCC(=O)c1ccccc1,8,60,-3.785
valerophenone,CCCCC(=O)c1ccccc1,8,61,-3.782
valerophenone,CCCCC(=O)c1ccccc1,8,62,-3.738
valerophenone,CCCCC(=O)c1ccccc1,8,63,-3.695
valerophenone,CCCCC(=O)c1ccccc1,8,64,-3.641
valerophenone,CCCCC(=O)c1ccccc1,8,65,-3.601
valerophenone,CCCCC(=O)c1ccccc1,8,66,-3.56
benzophenone,O=C(c1ccccc1)c1ccccc1,0,0,-2.491
benzophenone,O=C(c1ccccc1)c1ccccc1,0,1,-2.388
benzophenone,O=C(c1ccccc1)c1ccccc1,0,2,-2.213
benzophenone,O=C(c1ccccc1)c1ccccc1,0,3,-2.195
benzophenone,O=C(c1ccccc1)c1ccccc1,0,4,-2.144
benzophenone,O=C(c1ccccc1)c1ccccc1,0,5,-2.065
benzophenone,O=C(c1ccccc1)c1ccccc1,0,6,-2.061
benzophenone,O=C(c1ccccc1)c1ccccc1,0,7,-2.06
benzophenone,O=C(c1ccccc1)c1ccccc1,1,8,-5.014
benzophenone,O=C(c1ccccc1)c1ccccc1,1,9,-4.898
benzophenone,O=C(c1ccccc1)c1ccccc1,1,10,-4.733
benzophenone,O=C(c1ccccc1)c1ccccc1,1,11,-4.695
benzophenone,O=C(c1ccccc1)c1ccccc1,1,12,-4.619
benzophenone,O=C(c1ccccc1)c1ccccc1,1,13,-4.615
benzophenone,O=C(c1ccccc1)c1ccccc1,1,14,-4.613
benzophenone,O=C(c1ccccc1)c1ccccc1,2,15,-5.247
benzophenone,O=C(c1ccccc1)c1ccccc1,2,16,-5.195
benzophenone,O=C(c1ccccc1)c1ccccc1,2,17,-5.16
benzophenone,O=C(c1ccccc1)c1ccccc1,2,18,-5.127
benzophenone,O=C(c1ccccc1)c1ccccc1,2,19,-5.032
benzophenone,O=C(c1ccccc1)c1ccccc1,2,20,-4.852
benzophenone,O=C(c1ccccc1)c1ccccc1,2,21,-4.84
benzophenone,O=C(c1ccccc1)c1ccccc1,2,22,-4.816
benzophenone,O=C(c1ccccc1)c1ccccc1,3,23,-6.435
benzophenone,O=C(c1ccccc1)c1ccccc1,3,24,-6.043
benzophenone,O=C(c1ccccc1)c1ccccc1,3,25,-6.038
benzophenone,O=C(c1ccccc1)c1ccccc1,3,26,-5.998
benzophenone,O=C(c1ccccc1)c1ccccc1,3,27,-5.822
benzophenone,O=C(c1ccccc1)c1ccccc1,3,28,-5.702
benzophenone,O=C(c1ccccc1)c1ccccc1,4,29,-7.563
benzophenone,O=C(c1ccccc1)c1ccccc1,4,30,-6.648
benzophenone,O=C(c1ccccc1)c1ccccc1,4,31,-6.492
benzophenone,O=C(c1ccccc1)c1ccccc1,4,32,-6.402
benzophenone,O=C(c1ccccc1)c1ccccc1,4,33,-6.361
benzophenone,O=C(c1ccccc1)c1ccccc1,4,34,-6.258
benzophenone,O=C(c1ccccc1)c1ccccc1,4,35,-6.248
benzophenone,O=C(c1ccccc1)c1ccccc1,5,36,-7.49
benzophenone,O=C(c1ccccc1)c1ccccc1,5,37,-7.485
benzophenone,O=C(c1ccccc1)c1ccccc1,5,38,-7.157
benzophenone,O=C(c1ccccc1)c1ccccc1,5,39,-7.055
benzophenone,O=C(c1ccccc1)c1ccccc1,5,40,-6.584
benzophenone,O=C(c1ccccc1)c1ccccc1,5,41,-6.578
benzophenone,O=C(c1ccccc1)c1ccccc1,5,42,-6.457
benzophenone,O=C(c1ccccc1)c1ccccc1,5,43,-6.38
benzophenone,O=C(c1ccccc1)c1ccccc1,5,44,-6.101
benzophenone,O=C(c1ccccc1)c1ccccc1,6,45,-2.101
benzophenone,O=C(c1ccccc1)c1ccccc1,6,46,-2.069
benzophenone,O=C(c1ccccc1)c1ccccc1,6,47,-1.966
benzophenone,O=C(c1ccccc1)c1ccccc1,6,48,-1.789
benzophenone,O=C(c1ccccc1)c1ccccc1,6,49,-1.75
benzophenone,O=C(c1ccccc1)c1ccccc1,6,50,-1.733
benzophenone,O=C(c1ccccc1)c1ccccc1,7,51,-4.002
benzophenone,O=C(c1ccccc1)c1ccccc1,7,52,-3.933
benzophenone,O=C(c1ccccc1)c1ccccc1,7,53,-3.802
benzophenone,O=C(c1ccccc1)c1ccccc1,7,54,-3.799
benzophenone,O=C(c1ccccc1)c1ccccc1,7,55,-3.728
benzophenone,O=C(c1ccccc1)c1ccccc1,7,56,-3.495
benzophenone,O=C(c1ccccc1)c1ccccc1,8,57,-5.016
benzophenone,O=C(c1ccccc1)c1ccccc1,8,58,-4.928
benzophenone,O=C(c1ccccc1)c1ccccc1,8,59,-4.921
benzophenone,O=C(c1ccccc1)c1ccccc1,8,60,-4.808
benzophenone,O=C(c1ccccc1)c1ccccc1,8,61,-4.742
di-n-propyl phthalate,CCCOC(=O)c1ccccc1C(=O)OCCC,0,0,-2.256
di-n-propyl phthalate,CCCOC(=O)c1ccccc1C(=O)OCCC,0,1,-2.195
di-n-propyl phthalate,CCCOC(=O)c1ccccc1C(=O)OCCC,0,2,-2.167
di-n-propyl phthalate,CCCOC(=O)c1ccccc1C(=O)OCCC,0,3,-2.165
di-n-propyl phthalate,CCCOC(=O)c1ccccc1C(=O)OCCC,0,4,-2.145
di-n-propyl phthalate,CCCOC(=O)c1ccccc1C(=O)OCCC,0,5,-2.096
di-n-propyl phthalate,CCCOC(=O)c1ccccc1C(=O)OCCC,0,6,-2.068
di-n-propyl phthalate,CCCOC(=O)c1ccccc1C(=O)OCCC,0,7,-1.981
di-n-propyl phthalate,CCCOC(=O)c1ccccc1C(=O)OCCC,1,8,-4.427
di-n-propyl phthalate,CCCOC(=O)c1ccccc1C(=O)OCCC,1,9,-4.427
di-n-propyl phthalate,CCCOC(=O)c1ccccc1C(=O)OCCC,1,10,-4.416
di-n-propyl phthalate,CCCOC(=O)c1ccccc1C(=O)OCCC,1,11,-4.351
di-n-propyl phthalate,CCCOC(=O)c1ccccc1C(=O)OCCC,1,12,-4.218
di-n-propyl phthalate,CCCOC(=O)c1ccccc1C(=O)OCCC,1,13,-4.16
di-n-propyl phthalate,CCCOC(=O)c1ccccc1C(=O)OCCC,1,14,-3.957
di-n-propyl phthalate,CCCOC(=O)c1ccccc1C(=O)OCCC,1,15,-3.951
di-n-propyl phthalate,CCCOC(=O)c1ccccc1C(=O)OCCC,2,16,-4.903
di-n-propyl phthalate,CCCOC(=O)c1ccccc1C(=O)OCCC,2,17,-4.886
di-n-propyl phthalate,CCCOC(=O)c1ccccc1C(=O)OCCC,2,18,-4.586
di-n-propyl phthalate,CCCOC(=O)c1ccccc1C(=O)OCCC,2,19,-4.333
di-n-propyl phthalate,CCCOC(=O)c1ccccc1C(=O)OCCC,2,20,-4.201
di-n-propyl phthalate,CCCOC(=O)c1ccccc1C(=O)OCCC,2,21,-4.133
di-n-propyl phthalate,CCCOC(=O)c1ccccc1C(=O)OCCC,3,22,-5.61
di-n-propyl phthalate,CCCOC(=O)c1ccccc1C(=O)OCCC,3,23,-5.48
di-n-propyl phthalate,CCCOC(=O)c1ccccc1C(=O)OCCC,3,24,-5.1
di-n-propyl phthalate,CCCOC(=O)c1ccccc1C(=O)OCCC,3,25,-5.063
di-n-propyl phthalate,CCCOC(=O)c1ccccc1C(=O)OCCC,3,26,-5.046
di-n-propyl phthalate,CCCOC(=O)c1ccccc1C(=O)OCCC,3,27,-5.021
di-n-propyl phthalate,CCCOC(=O)c1ccccc1C(=O)OCCC,3,28,-4.9
di-n-propyl phthalate,CCCOC(=O)c1ccccc1C(=O)OCCC,4,29,-5.933
di-n-propyl phthalate,CCCOC(=O)c1ccccc1C(=O)OCCC,4,30,-5.749
di-n-propyl phthalate,CCCOC(=O)c1ccccc1C(=O)OCCC,4,31,-5.687
di-n-propyl phthalate,CCCOC(=O)c1ccccc1C(=O)OCCC,4,32,-5.658
di-n-propyl phthalate,CCCOC(=O)c1ccccc1C(=O)OCCC,4,33,-5.645
di-n-propyl phthalate,CCCOC(=O)c1ccccc1C(=O)OCCC,4,34,-5.576
di-n-propyl phthalate,CCCOC(=O)c1ccccc1C(=O)OCCC,4,35,-5.548
di-n-propyl phthalate,CCCOC(=O)c1ccccc1C(=O)OCCC,4,36,-5.547
di-n-propyl phthalate,CCCOC(=O)c1ccccc1C(=O)OCCC,4,37,-5.545
di-n-propyl phthalate,CCCOC(=O)c1ccccc1C(=O)OCCC,5,38,-5.547
di-n-propyl phthalate,CCCOC(=O)c1ccccc1C(=O)OCCC,5,39,-5.488
di-n-propyl phthalate,CCCOC(=O)c1ccccc1C(=O)OCCC,5,40,-5.072
di-n-propyl phthalate,CCCOC(=O)c1ccccc1C(=O)OCCC,5,41,-4.385
di-n-propyl phthalate,CCCOC(=O)c1ccccc1C(=O)OCCC,5,42,-4.238
di-n-propyl phthalate,CCCOC(=O)c1ccccc1C(=O)OCCC,5,43,-4.238
di-n-propyl phthalate,CCCOC(=O)c1ccccc1C(=O)OCCC,5,44,-4.191
di-n-propyl phthalate,CCCOC(=O)c1ccccc1C(=O)OCCC,5,45,-4.139
di-n-propyl phthalate,CCCOC(=O)c1ccccc1C(=O)OCCC,5,46,-4.121
di-n-propyl phthalate,CCCOC(=O)c1ccccc1C(=O)OCCC,6,47,-1.944
di-n-propyl phthalate,CCCOC(=O)c1ccccc1C(=O)OCCC,6,48,-1.581
di-n-propyl phthalate,CCCOC(=O)c1ccccc1C(=O)OCCC,6,49,-1.46
di-n-propyl phthalate,CCCOC(=O)c1ccccc1C(=O)OCCC,6,50,-1.416
di-n-propyl phthalate,CCCOC(=O)c1ccccc1C(=O)OCCC,6,51,-1.409
di-n-propyl phthalate,CCCOC(=O)c1ccccc1C(=O)OCCC,6,52,-1.403
di-n-propyl phthalate,CCCOC(=O)c1ccccc1C(=O)OCCC,6,53,-1.321
di-n-propyl phthalate,CCCOC(=O)c1ccccc1C(=O)OCCC,6,54,-1.308
di-n-propyl phthalate,CCCOC(=O)c1ccccc1C(=O)OCCC,6,55,-1.293
di-n-propyl phthalate,CCCOC(=O)c1ccccc1C(=O)OCCC,7,56,-3.284
di-n-propyl phthalate,CCCOC(=O)c1ccccc1C(=O)OCCC,7,57,-3.214
di-n-propyl phthalate,CCCOC(=O)c1ccccc1C(=O)OCCC,7,58,-3.17
di-n-propyl phthalate,CCCOC(=O)c1ccccc1C(=O)OCCC,7,59,-3.121
di-n-propyl phthalate,CCCOC(=O)c1ccccc1C(=O)OCCC,7,60,-3.075
di-n-propyl phthalate,CCCOC(=O)c1ccccc1C(=O)OCCC,7,61,-3.059
di-n-propyl phthalate,CCCOC(=O)c1ccccc1C(=O)OCCC,7,62,-3.055
di-n-propyl phthalate,CCCOC(=O)c1ccccc1C(=O)OCCC,7,63,-3.036
di-n-propyl phthalate,CCCOC(=O)c1ccccc1C(=O)OCCC,7,64,-2.998
di-n-propyl phthalate,CCCOC(=O)c1ccccc1C(=O)OCCC,8,65,-4.069
di-n-propyl phthalate,CCCOC(=O)c1ccccc1C(=O)OCCC,8,66,-3.933
di-n-propyl phthalate,CCCOC(=O)c1ccccc1C(=O)OCCC,8,67,-3.767
di-n-propyl phthalate,CCCOC(=O)c1ccccc1C(=O)OCCC,8,68,-3.707
di-n-propyl phthalate,CCCOC(=O)c1ccccc1C(=O)OCCC,8,69,-3.647
di-n-propyl phthalate,CCCOC(=O)c1ccccc1C(=O)OCCC,8,70,-3.624
di-n-propyl phthalate,CCCOC(=O)c1ccccc1C(=O)OCCC,8,71,-3.62
di-n-propyl phthalate,CCCOC(=O)c1ccccc1C(=O)OCCC,8,72,-3.601
1-nitronaphthalene,O=[N+]([O-])c1cccc2ccccc12,0,0,-2.421
1-nitronaphthalene,O=[N+]([O-])c1cccc2ccccc12,0,1,-2.296
1-nitronaphthalene,O=[N+]([O-])c1cccc2ccccc12,0,2,-2.277
1-nitronaphthalene,O=[N+]([O-])c1cccc2ccccc12,0,3,-2.261
1-nitronaphthalene,O=[N+]([O-])c1cccc2ccccc12,0,4,-2.219
1-nitronaphthalene,O=[N+]([O-])c1cccc2ccccc12,0,5,-2.188
1-nitronaphthalene,O=[N+]([O-])c1cccc2ccccc12,0,6,-2.132
1-nitronaphthalene,O=[N+]([O-])c1cccc2ccccc12,0,7,-2.132
1-nitronaphthalene,O=[N+]([O-])c1cccc2ccccc12,1,8,-4.747
1-nitronaphthalene,O=[N+]([O-])c1cccc2ccccc12,1,9,-4.639
1-nitronaphthalene,O=[N+]([O-])c1cccc2ccccc12,1,10,-4.427
1-nitronaphthalene,O=[N+]([O-])c1cccc2ccccc12,1,11,-4.419
1-nitronaphthalene,O=[N+]([O-])c1cccc2ccccc12,1,12,-4.393
1-nitronaphthalene,O=[N+]([O-])c1cccc2ccccc12,1,13,-4.38
1-nitronaphthalene,O=[N+]([O-])c1cccc2ccccc12,1,14,-4.356
1-nitronaphthalene,O=[N+]([O-])c1cccc2ccccc12,1,15,-4.325
1-nitronaphthalene,O=[N+]([O-])c1cccc2ccccc12,2,16,-5.052
1-nitronaphthalene,O=[N+]([O-])c1cccc2ccccc12,2,17,-5.047
1-nitronaphthalene,O=[N+]([O-])c1cccc2ccccc12,2,18,-4.945
1-nitronaphthalene,O=[N+]([O-])c1cccc2ccccc12,2,19,-4.681
1-nitronaphthalene,O=[N+]([O-])c1cccc2ccccc12,2,20,-4.508
1-nitronaphthalene,O=[N+]([O-])c1cccc2ccccc12,2,21,-4.431
1-nitronaphthalene,O=[N+]([O-])c1cccc2ccccc12,2,22,-4.203
1-nitronaphthalene,O=[N+]([O-])c1cccc2ccccc12,2,23,-4.115
1-nitronaphthalene,O=[N+]([O-])c1cccc2ccccc12,3,24,-6.583
1-nitronaphthalene,O=[N+]([O-])c1cccc2ccccc12,3,25,-6.229
1-nitronaphthalene,O=[N+]([O-])c1cccc2ccccc12,3,26,-6.082
1-nitronaphthalene,O=[N+]([O-])c1cccc2ccccc12,3,27,-6.008
1-nitronaphthalene,O=[N+]([O-])c1cccc2ccccc12,3,28,-5.841
1-nitronaphthalene,O=[N+]([O-])c1cccc2ccccc12,3,29,-5.575
1-nitronaphthalene,O=[N+]([O-])c1cccc2ccccc12,4,30,-6.87
1-nitronaphthalene,O=[N+]([O-])c1cccc2ccccc12,4,31,-6.527
1-nitronaphthalene,O=[N+]([O-])c1cccc2ccccc12,4,32,-6.483
1-nitronaphthalene,O=[N+]([O-])c1cccc2ccccc12,4,33,-6.314
1-nitronaphthalene,O=[N+]([O-])c1cccc2ccccc12,4,34,-5.893
1-nitronaphthalene,O=[N+]([O-])c1cccc2ccccc12,4,35,-5.891
1-nitronaphthalene,O=[N+]([O-])c1cccc2ccccc12,4,36,-5.876
1-nitronaphthalene,O=[N+]([O-])c1cccc2ccccc12,4,37,-5.824
1-nitronaphthalene,O=[N+]([O-])c1cccc2ccccc12,5,38,-6.222
1-nitronaphthalene,O=[N+]([O-])c1cccc2ccccc12,5,39,-5.941
1-nitronaphthalene,O=[N+]([O-])c1cccc2ccccc12,5,40,-5.499
1-nitronaphthalene,O=[N+]([O-])c1cccc2ccccc12,5,41,-4.836
1-nitronaphthalene,O=[N+]([O-])c1cccc2ccccc12,5,42,-4.821
1-nitronaphthalene,O=[N+]([O-])c1cccc2ccccc12,5,43,-4.713
1-nitronaphthalene,O=[N+]([O-])c1cccc2ccccc12,5,44,-4.703
1-nitronaphthalene,O=[N+]([O-])c1cccc2ccccc12,5,45,-4.698
1-nitronaphthalene,O=[N+]([O-])c1cccc2ccccc12,6,46,-2.444
1-nitronaphthalene,O=[N+]([O-])c1cccc2ccccc12,6,47,-2.152
1-nitronaphthalene,O=[N+]([O-])c1cccc2ccccc12,6,48,-2.11
1-nitronaphthalene,O=[N+]([O-])c1cccc2ccccc12,6,49,-2.044
1-nitronaphthalene,O=[N+]([O-])c1cccc2ccccc12,6,50,-2.042
1-nitronaphthalene,O=[N+]([O-])c1cccc2ccccc12,6,51,-1.997
1-nitronaphthalene,O=[N+]([O-])c1cccc2ccccc12,6,52,-1.89
1-nitronaphthalene,O=[N+]([O-])c1cccc2ccccc12,6,53,-1.793
1-nitronaphthalene,O=[N+]([O-])c1cccc2ccccc12,7,54,-4.001
1-nitronaphthalene,O=[N+]([O-])c1cccc2ccccc12,7,55,-3.843
1-nitronaphthalene,O=[N+]([O-])c1cccc2ccccc12,7,56,-3.804
1-nitronaphthalene,O=[N+]([O-])c1cccc2ccccc12,7,57,-3.634
1-nitronaphthalene,O=[N+]([O-])c1cccc2ccccc12,7,58,-3.617
1-nitronaphthalene,O=[N+]([O-])c1cccc2ccccc12,7,59,-3.387
1-nitronaphthalene,O=[N+]([O-])c1cccc2ccccc12,7,60,-3.38
1-nitronaphthalene,O=[N+]([O-])c1cccc2ccccc12,7,61,-3.335
1-nitronaphthalene,O=[N+]([O-])c1cccc2ccccc12,7,62,-3.28
1-nitronaphthalene,O=[N+]([O-])c1cccc2ccccc12,8,63,-4.985
1-nitronaphthalene,O=[N+]([O-])c1cccc2ccccc12,8,64,-4.78
1-nitronaphthalene,O=[N+]([O-])c1cccc2ccccc12,8,65,-4.728
1-nitronaphthalene,O=[N+]([O-])c1cccc2ccccc12,8,66,-4.462
1-nitronaphthalene,O=[N+]([O-])c1cccc2ccccc12,8,67,-4.347
1-nitronaphthalene,O=[N+]([O-])c1cccc2ccccc12,8,68,-4.062
1-nitronaphthalene,O=[N+]([O-])c1cccc2ccccc12,8,69,-3.873
1-nitronaphthalene,O=[N+]([O-])c1cccc2ccccc12,8,70,-3.84
4-chlorobenzyl alcohol,OCc1ccc(Cl)cc1,0,0,-2.141
4-chlorobenzyl alcohol,OCc1ccc(Cl)cc1,0,1,-2.06
4-chlorobenzyl alcohol,OCc1ccc(Cl)cc1,0,2,-2.02
4-chlorobenzyl alcohol,OCc1ccc(Cl)cc1,0,3,-1.698
4-chlorobenzyl alcohol,OCc1ccc(Cl)cc1,0,4,-1.686
4-chlorobenzyl alcohol,OCc1ccc(Cl)cc1,0,5,-1.672
4-chlorobenzyl alcohol,OCc1ccc(Cl)cc1,0,6,-1.649
4-chlorobenzyl alcohol,OCc1ccc(Cl)cc1,1,7,-4.736
4-chlorobenzyl alcohol,OCc1ccc(Cl)cc1,1,8,-4.599
4-chlorobenzyl alcohol,OCc1ccc(Cl)cc1,1,9,-4.449
4-chlorobenzyl alcohol,OCc1ccc(Cl)cc1,1,10,-4.079
4-chlorobenzyl alcohol,OCc1ccc(Cl)cc1,1,11,-3.678
4-chlorobenzyl alcohol,OCc1ccc(Cl)cc1,1,12,-3.563
4-chlorobenzyl alcohol,OCc1ccc(Cl)cc1,2,13,-3.925
4-chlorobenzyl alcohol,OCc1ccc(Cl)cc1,2,14,-3.905
4-chlorobenzyl alcohol,OCc1ccc(Cl)cc1,2,15,-3.701
4-chlorobenzyl alcohol,OCc1ccc(Cl)cc1,2,16,-3.599
4-chlorobenzyl alcohol,OCc1ccc(Cl)cc1,2,17,-3.571
4-chlorobenzyl alcohol,OCc1ccc(Cl)cc1,3,18,-5.121
4-chlorobenzyl alcohol,OCc1ccc(Cl)cc1,3,19,-4.862
4-chlorobenzyl alcohol,OCc1ccc(Cl)cc1,3,20,-4.818
4-chlorobenzyl alcohol,OCc1ccc(Cl)cc1,3,21,-4.559
4-chlorobenzyl alcohol,OCc1ccc(Cl)cc1,3,22,-4.237
4-chlorobenzyl alcohol,OCc1ccc(Cl)cc1,3,23,-4.198
4-chlorobenzyl alcohol,OCc1ccc(Cl)cc1,4,24,-4.732
4-chlorobenzyl alcohol,OCc1ccc(Cl)cc1,4,25,-4.438
4-chlorobenzyl alcohol,OCc1ccc(Cl)cc1,4,26,-4.398
4-chlorobenzyl alcohol,OCc1ccc(Cl)cc1,4,27,-4.299
4-chlorobenzyl alcohol,OCc1ccc(Cl)cc1,4,28,-4.269
4-chlorobenzyl alcohol,OCc1ccc(Cl)cc1,4,29,-4.246
4-chlorobenzyl alcohol,OCc1ccc(Cl)cc1,5,30,-5.375
4-chlorobenzyl alcohol,OCc1ccc(Cl)cc1,5,31,-5.294
4-chlorobenzyl alcohol,OCc1ccc(Cl)cc1,5,32,-5.034
4-chlorobenzyl alcohol,OCc1ccc(Cl)cc1,5,33,-4.951
4-chlorobenzyl alcohol,OCc1ccc(Cl)cc1,5,34,-4.782
4-chlorobenzyl alcohol,OCc1ccc(Cl)cc1,5,35,-4.775
4-chlorobenzyl alcohol,OCc1ccc(Cl)cc1,5,36,-4.557
4-chlorobenzyl alcohol,OCc1ccc(Cl)cc1,5,37,-3.968
4-chlorobenzyl alcohol,OCc1ccc(Cl)cc1,6,38,-1.598
4-chlorobenzyl alcohol,OCc1ccc(Cl)cc1,6,39,-1.511
4-chlorobenzyl alcohol,OCc1ccc(Cl)cc1,6,40,-1.51
4-chlorobenzyl alcohol,OCc1ccc(Cl)cc1,6,41,-1.416
4-chlorobenzyl alcohol,OCc1ccc(Cl)cc1,6,42,-1.411
4-chlorobenzyl alcohol,OCc1ccc(Cl)cc1,6,43,-1.357
4-chlorobenzyl alcohol,OCc1ccc(Cl)cc1,6,44,-1.339
4-chlorobenzyl alcohol,OCc1ccc(Cl)cc1,6,45,-1.301
4-chlorobenzyl alcohol,OCc1ccc(Cl)cc1,7,46,-2.993
4-chlorobenzyl alcohol,OCc1ccc(Cl)cc1,7,47,-2.78
4-chlorobenzyl alcohol,OCc1ccc(Cl)cc1,7,48,-2.733
4-chlorobenzyl alcohol,OCc1ccc(Cl)cc1,7,49,-2.643
4-chlorobenzyl alcohol,OCc1ccc(Cl)cc1,7,50,-2.635
4-chlorobenzyl alcohol,OCc1ccc(Cl)cc1,7,51,-2.581
4-chlorobenzyl alcohol,OCc1ccc(Cl)cc1,7,52,-2.486
4-chlorobenzyl alcohol,OCc1ccc(Cl)cc1,8,53,-3.922
4-chlorobenzyl alcohol,OCc1ccc(Cl)cc1,8,54,-3.905
4-chlorobenzyl alcohol,OCc1ccc(Cl)cc1,8,55,-3.43
4-chlorobenzyl alcohol,OCc1ccc(Cl)cc1,8,56,-3.311
4-chlorobenzyl alcohol,OCc1ccc(Cl)cc1,8,57,-3.196
4-chlorobenzyl alcohol,OCc1ccc(Cl)cc1,8,58,-3.14
4-chlorobenzyl alcohol,OCc1ccc(Cl)cc1,8,59,-3.131
2-phenylphenol,Oc1ccccc1-c1ccccc1,0,0,-2.662
2-phenylphenol,Oc1ccccc1-c1ccccc1,0,1,-2.429
2-phenylphenol,Oc1ccccc1-c1ccccc1,0,2,-2.327
2-phenylphenol,Oc1ccccc1-c1ccccc1,0,3,-2.233
2-phenylphenol,Oc1ccccc1-c1ccccc1,0,4,-2.199
2-phenylphenol,Oc1ccccc1-c1ccccc1,0,5,-2.081
2-phenylphenol,Oc1ccccc1-c1ccccc1,0,6,-2.055
2-phenylphenol,Oc1ccccc1-c1ccccc1,1,7,-6.697
2-phenylphenol,Oc1ccccc1-c1ccccc1,1,8,-6.693
2-phenylphenol,Oc1ccccc1-c1ccccc1,1,9,-6.005
2-phenylphenol,Oc1ccccc1-c1ccccc1,1,10,-4.901
2-phenylphenol,Oc1ccccc1-c1ccccc1,1,11,-4.856
2-phenylphenol,Oc1ccccc1-c1ccccc1,1,12,-4.808
2-phenylphenol,Oc1ccccc1-c1ccccc1,1,13,-4.719
2-phenylphenol,Oc1ccccc1-c1ccccc1,1,14,-4.718
2-phenylphenol,Oc1ccccc1-c1ccccc1,2,15,-5.237
2-phenylphenol,Oc1ccccc1-c1ccccc1,2,16,-5.022
2-phenylphenol,Oc1ccccc1-c1ccccc1,2,17,-4.976
2-phenylphenol,Oc1ccccc1-c1ccccc1,2,18,-4.974
2-phenylphenol,Oc1ccccc1-c1ccccc1,2,19,-4.874
2-phenylphenol,Oc1ccccc1-c1ccccc1,2,20,-4.837
2-phenylphenol,Oc1ccccc1-c1ccccc1,2,21,-4.738
2-phenylphenol,Oc1ccccc1-c1ccccc1,2,22,-4.729
2-phenylphenol,Oc1ccccc1-c1ccccc1,2,23,-4.728
2-phenylphenol,Oc1ccccc1-c1ccccc1,3,24,-6.483
2-phenylphenol,Oc1ccccc1-c1ccccc1,3,25,-6.231
2-phenylphenol,Oc1ccccc1-c1ccccc1,3,26,-6.159
2-phenylphenol,Oc1ccccc1-c1ccccc1,3,27,-6.113
2-phenylphenol,Oc1ccccc1-c1ccccc1,3,28,-5.562
2-phenylphenol,Oc1ccccc1-c1ccccc1,3,29,-5.546
2-phenylphenol,Oc1ccccc1-c1ccccc1,3,30,-5.234
2-phenylphenol,Oc1ccccc1-c1ccccc1,3,31,-5.212
2-phenylphenol,Oc1ccccc1-c1ccccc1,4,32,-6.95
2-phenylphenol,Oc1ccccc1-c1ccccc1,4,33,-6.542
2-phenylphenol,Oc1ccccc1-c1ccccc1,4,34,-6.519
2-phenylphenol,Oc1ccccc1-c1ccccc1,4,35,-6.397
2-phenylphenol,Oc1ccccc1-c1ccccc1,4,36,-6.191
2-phenylphenol,Oc1ccccc1-c1ccccc1,4,37,-6.172
2-phenylphenol,Oc1ccccc1-c1ccccc1,4,38,-6.006
2-phenylphenol,Oc1ccccc1-c1ccccc1,4,39,-5.878
2-phenylphenol,Oc1ccccc1-c1ccccc1,4,40,-5.838
2-phenylphenol,Oc1ccccc1-c1ccccc1,5,41,-7.734
2-phenylphenol,Oc1ccccc1-c1ccccc1,5,42,-7.369
2-phenylphenol,Oc1ccccc1-c1ccccc1,5,43,-7.068
2-phenylphenol,Oc1ccccc1-c1ccccc1,5,44,-6.935
2-phenylphenol,Oc1ccccc1-c1ccccc1,5,45,-6.771
2-phenylphenol,Oc1ccccc1-c1ccccc1,5,46,-5.996
2-phenylphenol,Oc1ccccc1-c1ccccc1,5,47,-5.764
2-phenylphenol,Oc1ccccc1-c1ccccc1,5,48,-5.712
2-phenylphenol,Oc1ccccc1-c1ccccc1,5,49,-5.385
2-phenylphenol,Oc1ccccc1-c1ccccc1,6,50,-2.176
2-phenylphenol,Oc1ccccc1-c1ccccc1,6,51,-2.034
2-phenylphenol,Oc1ccccc1-c1ccccc1,6,52,-1.926
2-phenylphenol,Oc1ccccc1-c1ccccc1,6,53,-1.907
2-phenylphenol,Oc1ccccc1-c1ccccc1,6,54,-1.902
2-phenylphenol,Oc1ccccc1-c1ccccc1,6,55,-1.812
2-phenylphenol,Oc1ccccc1-c1ccccc1,6,56,-1.742
2-phenylphenol,Oc1ccccc1-c1ccccc1,6,57,-1.709
2-phenylphenol,Oc1ccccc1-c1ccccc1,6,58,-1.706
2-phenylphenol,Oc1ccccc1-c1ccccc1,7,59,-4.09
2-phenylphenol,Oc1ccccc1-c1ccccc1,7,60,-4.019
2-phenylphenol,Oc1ccccc1-c1ccccc1,7,61,-3.996
2-phenylphenol,Oc1ccccc1-c1ccccc1,7,62,-3.911
2-phenylphenol,Oc1ccccc1-c1ccccc1,7,63,-3.9
2-phenylphenol,Oc1ccccc1-c1ccccc1,7,64,-3.883
2-phenylphenol,Oc1ccccc1-c1ccccc1,7,65,-3.881
2-phenylphenol,Oc1ccccc1-c1ccccc1,7,66,-3.798
2-phenylphenol,Oc1ccccc1-c1ccccc1,7,67,-3.739
2-phenylphenol,Oc1ccccc1-c1ccccc1,8,68,-4.814
2-phenylphenol,Oc1ccccc1-c1ccccc1,8,69,-4.711
2-phenylphenol,Oc1ccccc1-c1ccccc1,8,70,-4.664
2-phenylphenol,Oc1ccccc1-c1ccccc1,8,71,-4.409
2-phenylphenol,Oc1ccccc1-c1ccccc1,8,72,-4.092
2-phenylphenol,Oc1ccccc1-c1ccccc1,8,73,-4.087
2-phenylphenol,Oc1ccccc1-c1ccccc1,8,74,-3.978
4-fluorophenol,Oc1ccc(F)cc1,0,0,-1.974
4-fluorophenol,Oc1ccc(F)cc1,0,1,-1.824
4-fluorophenol,Oc1ccc(F)cc1,0,2,-1.819
4-fluorophenol,Oc1ccc(F)cc1,0,3,-1.764
4-fluorophenol,Oc1ccc(F)cc1,0,4,-1.732
4-fluorophenol,Oc1ccc(F)cc1,1,5,-5.019
4-fluorophenol,Oc1ccc(F)cc1,1,6,-4.56
4-fluorophenol,Oc1ccc(F)cc1,1,7,-4.38
4-fluorophenol,Oc1ccc(F)cc1,1,8,-4.269
4-fluorophenol,Oc1ccc(F)cc1,1,9,-4.247
4-fluorophenol,Oc1ccc(F)cc1,1,10,-4.232
4-fluorophenol,Oc1ccc(F)cc1,1,11,-4.108
4-fluorophenol,Oc1ccc(F)cc1,2,12,-3.937
4-fluorophenol,Oc1ccc(F)cc1,2,13,-3.927
4-fluorophenol,Oc1ccc(F)cc1,2,14,-3.899
4-fluorophenol,Oc1ccc(F)cc1,2,15,-3.712
4-fluorophenol,Oc1ccc(F)cc1,2,16,-3.629
4-fluorophenol,Oc1ccc(F)cc1,2,17,-3.522
4-fluorophenol,Oc1ccc(F)cc1,3,18,-4.881
4-fluorophenol,Oc1ccc(F)cc1,3,19,-4.743
4-fluorophenol,Oc1ccc(F)cc1,3,20,-4.694
4-fluorophenol,Oc1ccc(F)cc1,3,21,-4.411
4-fluorophenol,Oc1ccc(F)cc1,3,22,-4.298
4-fluorophenol,Oc1ccc(F)cc1,3,23,-4.224
4-fluorophenol,Oc1ccc(F)cc1,4,24,-4.635
4-fluorophenol,Oc1ccc(F)cc1,4,25,-4.607
4-fluorophenol,Oc1ccc(F)cc1,4,26,-4.419
4-fluorophenol,Oc1ccc(F)cc1,4,27,-4.383
4-fluorophenol,Oc1ccc(F)cc1,4,28,-4.376
4-fluorophenol,Oc1ccc(F)cc1,4,29,-4.307
4-fluorophenol,Oc1ccc(F)cc1,5,30,-4.972
4-fluorophenol,Oc1ccc(F)cc1,5,31,-4.969
4-fluorophenol,Oc1ccc(F)cc1,5,32,-4.936
4-fluorophenol,Oc1ccc(F)cc1,5,33,-4.684
4-fluorophenol,Oc1ccc(F)cc1,5,34,-4.674
4-fluorophenol,Oc1ccc(F)cc1,5,35,-4.595
4-fluorophenol,Oc1ccc(F)cc1,6,36,-1.711
4-fluorophenol,Oc1ccc(F)cc1,6,37,-1.633
4-fluorophenol,Oc1ccc(F)cc1,6,38,-1.625
4-fluorophenol,Oc1ccc(F)cc1,6,39,-1.606
4-fluorophenol,Oc1ccc(F)cc1,6,40,-1.502
4-fluorophenol,Oc1ccc(F)cc1,6,41,-1.457
4-fluorophenol,Oc1ccc(F)cc1,6,42,-1.439
4-fluorophenol,Oc1ccc(F)cc1,6,43,-1.409
4-fluorophenol,Oc1ccc(F)cc1,7,44,-3.02
4-fluorophenol,Oc1ccc(F)cc1,7,45,-2.983
4-fluorophenol,Oc1ccc(F)cc1,7,46,-2.819
4-fluorophenol,Oc1ccc(F)cc1,7,47,-2.77
4-fluorophenol,Oc1ccc(F)cc1,7,48,-2.767
4-fluorophenol,Oc1ccc(F)cc1,7,49,-2.741
4-fluorophenol,Oc1ccc(F)cc1,7,50,-2.623
4-fluorophenol,Oc1ccc(F)cc1,7,51,-2.601
4-fluorophenol,Oc1ccc(F)cc1,8,52,-4.15
4-fluorophenol,Oc1ccc(F)cc1,8,53,-3.991
4-fluorophenol,Oc1ccc(F)cc1,8,54,-3.978
4-fluorophenol,Oc1ccc(F)cc1,8,55,-3.739
4-fluorophenol,Oc1ccc(F)cc1,8,56,-3.65
bisphenol A,CC(C)(c1ccc(O)cc1)c1ccc(O)cc1,0,0,-2.336
bisphenol A,CC(C)(c1ccc(O)cc1)c1ccc(O)cc1,0,1,-2.298
bisphenol A,CC(C)(c1ccc(O)cc1)c1ccc(O)cc1,0,2,-2.138
bisphenol A,CC(C)(c1ccc(O)cc1)c1ccc(O)cc1,0,3,-2.126
bisphenol A,CC(C)(c1ccc(O)cc1)c1ccc(O)cc1,0,4,-2.116
bisphenol A,CC(C)(c1ccc(O)cc1)c1ccc(O)cc1,1,5,-5.29
bisphenol A,CC(C)(c1ccc(O)cc1)c1ccc(O)cc1,1,6,-5.263
bisphenol A,CC(C)(c1ccc(O)cc1)c1ccc(O)cc1,1,7,-5.22
bisphenol A,CC(C)(c1ccc(O)cc1)c1ccc(O)cc1,1,8,-5.213
bisphenol A,CC(C)(c1ccc(O)cc1)c1ccc(O)cc1,1,9,-4.965
bisphenol A,CC(C)(c1ccc(O)cc1)c1ccc(O)cc1,1,10,-4.955
bisphenol A,CC(C)(c1ccc(O)cc1)c1ccc(O)cc1,1,11,-4.919
bisphenol A,CC(C)(c1ccc(O)cc1)c1ccc(O)cc1,2,12,-5.315
bisphenol A,CC(C)(c1ccc(O)cc1)c1ccc(O)cc1,2,13,-5.169
bisphenol A,CC(C)(c1ccc(O)cc1)c1ccc(O)cc1,2,14,-5.168
bisphenol A,CC(C)(c1ccc(O)cc1)c1ccc(O)cc1,2,15,-5.081
bisphenol A,CC(C)(c1ccc(O)cc1)c1ccc(O)cc1,2,16,-4.9
bisphenol A,CC(C)(c1ccc(O)cc1)c1ccc(O)cc1,2,17,-4.837
bisphenol A,CC(C)(c1ccc(O)cc1)c1ccc(O)cc1,3,18,-6.407
bisphenol A,CC(C)(c1ccc(O)cc1)c1ccc(O)cc1,3,19,-6.179
bisphenol A,CC(C)(c1ccc(O)cc1)c1ccc(O)cc1,3,20,-5.595
bisphenol A,CC(C)(c1ccc(O)cc1)c1ccc(O)cc1,3,21,-5.563
bisphenol A,CC(C)(c1ccc(O)cc1)c1ccc(O)cc1,3,22,-5.562
bisphenol A,CC(C)(c1ccc(O)cc1)c1ccc(O)cc1,3,23,-5.52
bisphenol A,CC(C)(c1ccc(O)cc1)c1ccc(O)cc1,3,24,-5.496
bisphenol A,CC(C)(c1ccc(O)cc1)c1ccc(O)cc1,3,25,-5.38
bisphenol A,CC(C)(c1ccc(O)cc1)c1ccc(O)cc1,4,26,-7.113
bisphenol A,CC(C)(c1ccc(O)cc1)c1ccc(O)cc1,4,27,-7.033
bisphenol A,CC(C)(c1ccc(O)cc1)c1ccc(O)cc1,4,28,-6.825
bisphenol A,CC(C)(c1ccc(O)cc1)c1ccc(O)cc1,4,29,-6.249
bisphenol A,CC(C)(c1ccc(O)cc1)c1ccc(O)cc1,4,30,-6.24
bisphenol A,CC(C)(c1ccc(O)cc1)c1ccc(O)cc1,4,31,-6.203
bisphenol A,CC(C)(c1ccc(O)cc1)c1ccc(O)cc1,4,32,-6.2
bisphenol A,CC(C)(c1ccc(O)cc1)c1ccc(O)cc1,5,33,-7.713
bisphenol A,CC(C)(c1ccc(O)cc1)c1ccc(O)cc1,5,34,-7.034
bisphenol A,CC(C)(c1ccc(O)cc1)c1ccc(O)cc1,5,35,-5.747
bisphenol A,CC(C)(c1ccc(O)cc1)c1ccc(O)cc1,5,36,-5.679
bisphenol A,CC(C)(c1ccc(O)cc1)c1ccc(O)cc1,5,37,-5.644
bisphenol A,CC(C)(c1ccc(O)cc1)c1ccc(O)cc1,5,38,-5.623
bisphenol A,CC(C)(c1ccc(O)cc1)c1ccc(O)cc1,5,39,-5.608
bisphenol A,CC(C)(c1ccc(O)cc1)c1ccc(O)cc1,5,40,-5.572
bisphenol A,CC(C)(c1ccc(O)cc1)c1ccc(O)cc1,6,41,-2.091
bisphenol A,CC(C)(c1ccc(O)cc1)c1ccc(O)cc1,6,42,-2.075
bisphenol A,CC(C)(c1ccc(O)cc1)c1ccc(O)cc1,6,43,-1.791
bisphenol A,CC(C)(c1ccc(O)cc1)c1ccc(O)cc1,6,44,-1.79
bisphenol A,CC(C)(c1ccc(O)cc1)c1ccc(O)cc1,6,45,-1.779
bisphenol A,CC(C)(c1ccc(O)cc1)c1ccc(O)cc1,6,46,-1.648
bisphenol A,CC(C)(c1ccc(O)cc1)c1ccc(O)cc1,6,47,-1.6
bisphenol A,CC(C)(c1ccc(O)cc1)c1ccc(O)cc1,6,48,-1.573
bisphenol A,CC(C)(c1ccc(O)cc1)c1ccc(O)cc1,6,49,-1.549
bisphenol A,CC(C)(c1ccc(O)cc1)c1ccc(O)cc1,7,50,-4.022
bisphenol A,CC(C)(c1ccc(O)cc1)c1ccc(O)cc1,7,51,-4.012
bisphenol A,CC(C)(c1ccc(O)cc1)c1ccc(O)cc1,7,52,-3.98
bisphenol A,CC(C)(c1ccc(O)cc1)c1ccc(O)cc1,7,53,-3.906
bisphenol A,CC(C)(c1ccc(O)cc1)c1ccc(O)cc1,7,54,-3.902
bisphenol A,CC(C)(c1ccc(O)cc1)c1ccc(O)cc1,7,55,-3.886
bisphenol A,CC(C)(c1ccc(O)cc1)c1ccc(O)cc1,7,56,-3.846
bisphenol A,CC(C)(c1ccc(O)cc1)c1ccc(O)cc1,7,57,-3.844
bisphenol A,CC(C)(c1ccc(O)cc1)c1ccc(O)cc1,8,58,-5.25
bisphenol A,CC(C)(c1ccc(O)cc1)c1ccc(O)cc1,8,59,-4.56
bisphenol A,CC(C)(c1ccc(O)cc1)c1ccc(O)cc1,8,60,-4.526
bisphenol A,CC(C)(c1ccc(O)cc1)c1ccc(O)cc1,8,61,-4.519
bisphenol A,CC(C)(c1ccc(O)cc1)c1ccc(O)cc1,8,62,-4.482
bisphenol A,CC(C)(c1ccc(O)cc1)c1ccc(O)cc1,8,63,-4.406
bisphenol A,CC(C)(c1ccc(O)cc1)c1ccc(O)cc1,8,64,-4.391
4-nitroaniline,Nc1ccc([N+](=O)[O-])cc1,0,0,-2.341
4-nitroaniline,Nc1ccc([N+](=O)[O-])cc1,0,1,-2.246
4-nitroaniline,Nc1ccc([N+](=O)[O-])cc1,0,2,-1.962
4-nitroaniline,Nc1ccc([N+](=O)[O-])cc1,0,3,-1.867
4-nitroaniline,Nc1ccc([N+](=O)[O-])cc1,0,4,-1.862
4-nitroaniline,Nc1ccc([N+](=O)[O-])cc1,1,5,-4.955
4-nitroaniline,Nc1ccc([N+](=O)[O-])cc1,1,6,-4.754
4-nitroaniline,Nc1ccc([N+](=O)[O-])cc1,1,7,-3.867
4-nitroaniline,Nc1ccc([N+](=O)[O-])cc1,1,8,-3.835
4-nitroaniline,Nc1ccc([N+](=O)[O-])cc1,1,9,-3.669
4-nitroaniline,Nc1ccc([N+](=O)[O-])cc1,1,10,-3.666
4-nitroaniline,Nc1ccc([N+](=O)[O-])cc1,1,11,-3.65
4-nitroaniline,Nc1ccc([N+](=O)[O-])cc1,1,12,-3.557
4-nitroaniline,Nc1ccc([N+](=O)[O-])cc1,2,13,-4.746
4-nitroaniline,Nc1ccc([N+](=O)[O-])cc1,2,14,-4.261
4-nitroaniline,Nc1ccc([N+](=O)[O-])cc1,2,15,-4.091
4-nitroaniline,Nc1ccc([N+](=O)[O-])cc1,2,16,-4.002
4-nitroaniline,Nc1ccc([N+](=O)[O-])cc1,2,17,-3.905
4-nitroaniline,Nc1ccc([N+](=O)[O-])cc1,2,18,-3.753
4-nitroaniline,Nc1ccc([N+](=O)[O-])cc1,2,19,-3.694
4-nitroaniline,Nc1ccc([N+](=O)[O-])cc1,2,20,-3.69
4-nitroaniline,Nc1ccc([N+](=O)[O-])cc1,3,21,-4.841
4-nitroaniline,Nc1ccc([N+](=O)[O-])cc1,3,22,-4.693
4-nitroaniline,Nc1ccc([N+](=O)[O-])cc1,3,23,-4.651
4-nitroaniline,Nc1ccc([N+](=O)[O-])cc1,3,24,-4.53
4-nitroaniline,Nc1ccc([N+](=O)[O-])cc1,3,25,-4.338
4-nitroaniline,Nc1ccc([N+](=O)[O-])cc1,3,26,-4.23
4-nitroaniline,Nc1ccc([N+](=O)[O-])cc1,3,27,-4.132
4-nitroaniline,Nc1ccc([N+](=O)[O-])cc1,4,28,-5.273
4-nitroaniline,Nc1ccc([N+](=O)[O-])cc1,4,29,-4.951
4-nitroaniline,Nc1ccc([N+](=O)[O-])cc1,4,30,-4.932
4-nitroaniline,Nc1ccc([N+](=O)[O-])cc1,4,31,-4.755
4-nitroaniline,Nc1ccc([N+](=O)[O-])cc1,4,32,-4.696
4-nitroaniline,Nc1ccc([N+](=O)[O-])cc1,4,33,-4.643
4-nitroaniline,Nc1ccc([N+](=O)[O-])cc1,5,34,-5.512
4-nitroaniline,Nc1ccc([N+](=O)[O-])cc1,5,35,-5.478
4-nitroaniline,Nc1ccc([N+](=O)[O-])cc1,5,36,-5.36
4-nitroaniline,Nc1ccc([N+](=O)[O-])cc1,5,37,-5.262
4-nitroaniline,Nc1ccc([N+](=O)[O-])cc1,5,38,-5.017
4-nitroaniline,Nc1ccc([N+](=O)[O-])cc1,5,39,-4.217
4-nitroaniline,Nc1ccc([N+](=O)[O-])cc1,5,40,-4.175
4-nitroaniline,Nc1ccc([N+](=O)[O-])cc1,6,41,-1.756
4-nitroaniline,Nc1ccc([N+](=O)[O-])cc1,6,42,-1.599
4-nitroaniline,Nc1ccc([N+](=O)[O-])cc1,6,43,-1.542
4-nitroaniline,Nc1ccc([N+](=O)[O-])cc1,6,44,-1.476
4-nitroaniline,Nc1ccc([N+](=O)[O-])cc1,6,45,-1.475
4-nitroaniline,Nc1ccc([N+](=O)[O-])cc1,6,46,-1.376
4-nitroaniline,Nc1ccc([N+](=O)[O-])cc1,6,47,-1.375
4-nitroaniline,Nc1ccc([N+](=O)[O-])cc1,6,48,-1.354
4-nitroaniline,Nc1ccc([N+](=O)[O-])cc1,6,49,-1.334
4-nitroaniline,Nc1ccc([N+](=O)[O-])cc1,7,50,-2.925
4-nitroaniline,Nc1ccc([N+](=O)[O-])cc1,7,51,-2.906
4-nitroaniline,Nc1ccc([N+](=O)[O-])cc1,7,52,-2.896
4-nitroaniline,Nc1ccc([N+](=O)[O-])cc1,7,53,-2.848
4-nitroaniline,Nc1ccc([N+](=O)[O-])cc1,7,54,-2.782
4-nitroaniline,Nc1ccc([N+](=O)[O-])cc1,7,55,-2.681
4-nitroaniline,Nc1ccc([N+](=O)[O-])cc1,8,56,-4.755
4-nitroaniline,Nc1ccc([N+](=O)[O-])cc1,8,57,-3.712
4-nitroaniline,Nc1ccc([N+](=O)[O-])cc1,8,58,-3.658
4-nitroaniline,Nc1ccc([N+](=O)[O-])cc1,8,59,-3.555
4-nitroaniline,Nc1ccc([N+](=O)[O-])cc1,8,60,-3.397
4-nitroaniline,Nc1ccc([N+](=O)[O-])cc1,8,61,-3.38
4-nitroaniline,Nc1ccc([N+](=O)[O-])cc1,8,62,-3.304
2-chloroaniline,Nc1ccccc1Cl,0,0,-1.795
2-chloroaniline,Nc1ccccc1Cl,0,1,-1.775
2-chloroaniline,Nc1ccccc1Cl,0,2,-1.767
2-chloroaniline,Nc1ccccc1Cl,0,3,-1.724
2-chloroaniline,Nc1ccccc1Cl,0,4,-1.719
2-chloroaniline,Nc1ccccc1Cl,0,5,-1.7
2-chloroaniline,Nc1ccccc1Cl,0,6,-1.665
2-chloroaniline,Nc1ccccc1Cl,0,7,-1.628
2-chloroaniline,Nc1ccccc1Cl,0,8,-1.624
2-chloroaniline,Nc1ccccc1Cl,1,9,-4.538
2-chloroaniline,Nc1ccccc1Cl,1,10,-4.093
2-chloroaniline,Nc1ccccc1Cl,1,11,-3.974
2-chloroaniline,Nc1ccccc1Cl,1,12,-3.5
2-chloroaniline,Nc1ccccc1Cl,1,13,-3.412
2-chloroaniline,Nc1ccccc1Cl,1,14,-3.363
2-chloroaniline,Nc1ccccc1Cl,1,15,-3.334
2-chloroaniline,Nc1ccccc1Cl,1,16,-3.318
2-chloroaniline,Nc1ccccc1Cl,1,17,-3.267
2-chloroaniline,Nc1ccccc1Cl,2,18,-3.715
2-chloroaniline,Nc1ccccc1Cl,2,19,-3.619
2-chloroaniline,Nc1ccccc1Cl,2,20,-3.596
2-chloroaniline,Nc1ccccc1Cl,2,21,-3.555
2-chloroaniline,Nc1ccccc1Cl,2,22,-3.551
2-chloroaniline,Nc1ccccc1Cl,2,23,-3.531
2-chloroaniline,Nc1ccccc1Cl,2,24,-3.442
2-chloroaniline,Nc1ccccc1Cl,2,25,-3.4
2-chloroaniline,Nc1ccccc1Cl,3,26,-5.45
2-chloroaniline,Nc1ccccc1Cl,3,27,-4.999
2-chloroaniline,Nc1ccccc1Cl,3,28,-4.854
2-chloroaniline,Nc1ccccc1Cl,3,29,-4.751
2-chloroaniline,Nc1ccccc1Cl,3,30,-4.603
2-chloroaniline,Nc1ccccc1Cl,3,31,-4.557
2-chloroaniline,Nc1ccccc1Cl,3,32,-4.544
2-chloroaniline,Nc1ccccc1Cl,3,33,-4.449
2-chloroaniline,Nc1ccccc1Cl,3,34,-4.408
2-chloroaniline,Nc1ccccc1Cl,4,35,-4.376
2-chloroaniline,Nc1ccccc1Cl,4,36,-4.355
2-chloroaniline,Nc1ccccc1Cl,4,37,-4.328
2-chloroaniline,Nc1ccccc1Cl,4,38,-4.325
2-chloroaniline,Nc1ccccc1Cl,4,39,-4.322
2-chloroaniline,Nc1ccccc1Cl,4,40,-4.304
2-chloroaniline,Nc1ccccc1Cl,4,41,-4.256
2-chloroaniline,Nc1ccccc1Cl,4,42,-4.221
2-chloroaniline,Nc1ccccc1Cl,4,43,-4.134
2-chloroaniline,Nc1ccccc1Cl,5,44,-4.983
2-chloroaniline,Nc1ccccc1Cl,5,45,-4.952
2-chloroaniline,Nc1ccccc1Cl,5,46,-4.925
2-chloroaniline,Nc1ccccc1Cl,5,47,-4.895
2-chloroaniline,Nc1ccccc1Cl,5,48,-4.879
2-chloroaniline,Nc1ccccc1Cl,5,49,-4.869
2-chloroaniline,Nc1ccccc1Cl,5,50,-4.808
2-chloroaniline,Nc1ccccc1Cl,5,51,-4.626
2-chloroaniline,Nc1ccccc1Cl,5,52,-4.599
2-chloroaniline,Nc1ccccc1Cl,6,53,-1.815
2-chloroaniline,Nc1ccccc1Cl,6,54,-1.657
2-chloroaniline,Nc1ccccc1Cl,6,55,-1.653
2-chloroaniline,Nc1ccccc1Cl,6,56,-1.598
2-chloroaniline,Nc1ccccc1Cl,6,57,-1.557
2-chloroaniline,Nc1ccccc1Cl,6,58,-1.556
2-chloroaniline,Nc1ccccc1Cl,6,59,-1.543
2-chloroaniline,Nc1ccccc1Cl,6,60,-1.498
2-chloroaniline,Nc1ccccc1Cl,6,61,-1.472
2-chloroaniline,Nc1ccccc1Cl,7,62,-3.219
2-chloroaniline,Nc1ccccc1Cl,7,63,-3.062
2-chloroaniline,Nc1ccccc1Cl,7,64,-3.023
2-chloroaniline,Nc1ccccc1Cl,7,65,-2.987
2-chloroaniline,Nc1ccccc1Cl,7,66,-2.814
2-chloroaniline,Nc1ccccc1Cl,7,67,-2.796
2-chloroaniline,Nc1ccccc1Cl,7,68,-2.649
2-chloroaniline,Nc1ccccc1Cl,7,69,-2.639
2-chloroaniline,Nc1ccccc1Cl,7,70,-2.595
2-chloroaniline,Nc1ccccc1Cl,8,71,-4.085
2-chloroaniline,Nc1ccccc1Cl,8,72,-3.834
2-chloroaniline,Nc1ccccc1Cl,8,73,-3.798
2-chloroaniline,Nc1ccccc1Cl,8,74,-3.681
2-chloroaniline,Nc1ccccc1Cl,8,75,-3.637
2-chloroaniline,Nc1ccccc1Cl,8,76,-3.613
2-chloroaniline,Nc1ccccc1Cl,8,77,-3.373
4-aminobiphenyl,Nc1ccc(-c2ccccc2)cc1,0,0,-2.309
4-aminobiphenyl,Nc1ccc(-c2ccccc2)cc1,0,1,-2.306
4-aminobiphenyl,Nc1ccc(-c2ccccc2)cc1,0,2,-2.279
4-aminobiphenyl,Nc1ccc(-c2ccccc2)cc1,0,3,-2.258
4-aminobiphenyl,Nc1ccc(-c2ccccc2)cc1,0,4,-2.143
4-aminobiphenyl,Nc1ccc(-c2ccccc2)cc1,1,5,-5.955
4-aminobiphenyl,Nc1ccc(-c2ccccc2)cc1,1,6,-5.867
4-aminobiphenyl,Nc1ccc(-c2ccccc2)cc1,1,7,-4.88
4-aminobiphenyl,Nc1ccc(-c2ccccc2)cc1,1,8,-4.778
4-aminobiphenyl,Nc1ccc(-c2ccccc2)cc1,1,9,-4.734
4-aminobiphenyl,Nc1ccc(-c2ccccc2)cc1,1,10,-4.724
4-aminobiphenyl,Nc1ccc(-c2ccccc2)cc1,1,11,-4.649
4-aminobiphenyl,Nc1ccc(-c2ccccc2)cc1,2,12,-5.144
4-aminobiphenyl,Nc1ccc(-c2ccccc2)cc1,2,13,-5.033
4-aminobiphenyl,Nc1ccc(-c2ccccc2)cc1,2,14,-4.985
4-aminobiphenyl,Nc1ccc(-c2ccccc2)cc1,2,15,-4.922
4-aminobiphenyl,Nc1ccc(-c2ccccc2)cc1,2,16,-4.812
4-aminobiphenyl,Nc1ccc(-c2ccccc2)cc1,2,17,-4.797
4-aminobiphenyl,Nc1ccc(-c2ccccc2)cc1,2,18,-4.753
4-aminobiphenyl,Nc1ccc(-c2ccccc2)cc1,3,19,-5.426
4-aminobiphenyl,Nc1ccc(-c2ccccc2)cc1,3,20,-5.311
4-aminobiphenyl,Nc1ccc(-c2ccccc2)cc1,3,21,-5.141
4-aminobiphenyl,Nc1ccc(-c2ccccc2)cc1,3,22,-5.057
4-aminobiphenyl,Nc1ccc(-c2ccccc2)cc1,3,23,-4.881
4-aminobiphenyl,Nc1ccc(-c2ccccc2)cc1,3,24,-4.859
4-aminobiphenyl,Nc1ccc(-c2ccccc2)cc1,3,25,-4.851
4-aminobiphenyl,Nc1ccc(-c2ccccc2)cc1,4,26,-6.791
4-aminobiphenyl,Nc1ccc(-c2ccccc2)cc1,4,27,-6.374
4-aminobiphenyl,Nc1ccc(-c2ccccc2)cc1,4,28,-5.772
4-aminobiphenyl,Nc1ccc(-c2ccccc2)cc1,4,29,-5.664
4-aminobiphenyl,Nc1ccc(-c2ccccc2)cc1,4,30,-5.631
4-aminobiphenyl,Nc1ccc(-c2ccccc2)cc1,4,31,-5.628
4-aminobiphenyl,Nc1ccc(-c2ccccc2)cc1,4,32,-5.54
4-aminobiphenyl,Nc1ccc(-c2ccccc2)cc1,5,33,-7.859
4-aminobiphenyl,Nc1ccc(-c2ccccc2)cc1,5,34,-7.474
4-aminobiphenyl,Nc1ccc(-c2ccccc2)cc1,5,35,-6.456
4-aminobiphenyl,Nc1ccc(-c2ccccc2)cc1,5,36,-6.315
4-aminobiphenyl,Nc1ccc(-c2ccccc2)cc1,5,37,-6.013
4-aminobiphenyl,Nc1ccc(-c2ccccc2)cc1,5,38,-5.792
4-aminobiphenyl,Nc1ccc(-c2ccccc2)cc1,5,39,-4.966
4-aminobiphenyl,Nc1ccc(-c2ccccc2)cc1,5,40,-4.893
4-aminobiphenyl,Nc1ccc(-c2ccccc2)cc1,6,41,-2.144
4-aminobiphenyl,Nc1ccc(-c2ccccc2)cc1,6,42,-2.143
4-aminobiphenyl,Nc1ccc(-c2ccccc2)cc1,6,43,-2.062
4-aminobiphenyl,Nc1ccc(-c2ccccc2)cc1,6,44,-2.037
4-aminobiphenyl,Nc1ccc(-c2ccccc2)cc1,6,45,-1.975
4-aminobiphenyl,Nc1ccc(-c2ccccc2)cc1,6,46,-1.974
4-aminobiphenyl,Nc1ccc(-c2ccccc2)cc1,6,47,-1.916
4-aminobiphenyl,Nc1ccc(-c2ccccc2)cc1,6,48,-1.865
4-aminobiphenyl,Nc1ccc(-c2ccccc2)cc1,7,49,-4.197
4-aminobiphenyl,Nc1ccc(-c2ccccc2)cc1,7,50,-3.802
4-aminobiphenyl,Nc1ccc(-c2ccccc2)cc1,7,51,-3.755
4-aminobiphenyl,Nc1ccc(-c2ccccc2)cc1,7,52,-3.666
4-aminobiphenyl,Nc1ccc(-c2ccccc2)cc1,7,53,-3.571
4-aminobiphenyl,Nc1ccc(-c2ccccc2)cc1,7,54,-3.537
4-aminobiphenyl,Nc1ccc(-c2ccccc2)cc1,7,55,-3.485
4-aminobiphenyl,Nc1ccc(-c2ccccc2)cc1,8,56,-4.805
4-aminobiphenyl,Nc1ccc(-c2ccccc2)cc1,8,57,-4.717
4-aminobiphenyl,Nc1ccc(-c2ccccc2)cc1,8,58,-4.572
4-aminobiphenyl,Nc1ccc(-c2ccccc2)cc1,8,59,-4.405
indole,c1ccc2[nH]ccc2c1,0,0,-2.003
indole,c1ccc2[nH]ccc2c1,0,1,-1.918
indole,c1ccc2[nH]ccc2c1,0,2,-1.871
indole,c1ccc2[nH]ccc2c1,0,3,-1.837
indole,c1ccc2[nH]ccc2c1,0,4,-1.746
indole,c1ccc2[nH]ccc2c1,0,5,-1.741
indole,c1ccc2[nH]ccc2c1,0,6,-1.741
indole,c1ccc2[nH]ccc2c1,0,7,-1.688
indole,c1ccc2[nH]ccc2c1,1,8,-4.929
indole,c1ccc2[nH]ccc2c1,1,9,-4.921
indole,c1ccc2[nH]ccc2c1,1,10,-4.513
indole,c1ccc2[nH]ccc2c1,1,11,-4.164
indole,c1ccc2[nH]ccc2c1,1,12,-3.886
indole,c1ccc2[nH]ccc2c1,1,13,-3.736
indole,c1ccc2[nH]ccc2c1,1,14,-3.729
indole,c1ccc2[nH]ccc2c1,1,15,-3.716
indole,c1ccc2[nH]ccc2c1,2,16,-4.078
indole,c1ccc2[nH]ccc2c1,2,17,-4.033
indole,c1ccc2[nH]ccc2c1,2,18,-4.016
indole,c1ccc2[nH]ccc2c1,2,19,-3.995
indole,c1ccc2[nH]ccc2c1,2,20,-3.944
indole,c1ccc2[nH]ccc2c1,2,21,-3.896
indole,c1ccc2[nH]ccc2c1,2,22,-3.889
indole,c1ccc2[nH]ccc2c1,2,23,-3.756
indole,c1ccc2[nH]ccc2c1,2,24,-3.745
indole,c1ccc2[nH]ccc2c1,3,25,-6.086
indole,c1ccc2[nH]ccc2c1,3,26,-5.598
indole,c1ccc2[nH]ccc2c1,3,27,-5.231
indole,c1ccc2[nH]ccc2c1,3,28,-4.992
indole,c1ccc2[nH]ccc2c1,3,29,-4.922
indole,c1ccc2[nH]ccc2c1,4,30,-5.253
indole,c1ccc2[nH]ccc2c1,4,31,-5.043
indole,c1ccc2[nH]ccc2c1,4,32,-5.001
indole,c1ccc2[nH]ccc2c1,4,33,-4.751
indole,c1ccc2[nH]ccc2c1,4,34,-4.74
indole,c1ccc2[nH]ccc2c1,4,35,-4.734
indole,c1ccc2[nH]ccc2c1,4,36,-4.73
indole,c1ccc2[nH]ccc2c1,4,37,-4.715
indole,c1ccc2[nH]ccc2c1,4,38,-4.658
indole,c1ccc2[nH]ccc2c1,5,39,-5.941
indole,c1ccc2[nH]ccc2c1,5,40,-5.909
indole,c1ccc2[nH]ccc2c1,5,41,-5.693
indole,c1ccc2[nH]ccc2c1,5,42,-5.662
indole,c1ccc2[nH]ccc2c1,5,43,-5.637
indole,c1ccc2[nH]ccc2c1,5,44,-5.419
indole,c1ccc2[nH]ccc2c1,5,45,-5.416
indole,c1ccc2[nH]ccc2c1,6,46,-2.05
indole,c1ccc2[nH]ccc2c1,6,47,-2.015
indole,c1ccc2[nH]ccc2c1,6,48,-1.913
indole,c1ccc2[nH]ccc2c1,6,49,-1.905
indole,c1ccc2[nH]ccc2c1,6,50,-1.89
indole,c1ccc2[nH]ccc2c1,6,51,-1.789
indole,c1ccc2[nH]ccc2c1,6,52,-1.761
indole,c1ccc2[nH]ccc2c1,6,53,-1.738
indole,c1ccc2[nH]ccc2c1,6,54,-1.732
indole,c1ccc2[nH]ccc2c1,7,55,-3.596
indole,c1ccc2[nH]ccc2c1,7,56,-3.375
indole,c1ccc2[nH]ccc2c1,7,57,-3.02
indole,c1ccc2[nH]ccc2c1,7,58,-3.017
indole,c1ccc2[nH]ccc2c1,7,59,-2.988
indole,c1ccc2[nH]ccc2c1,7,60,-2.957
indole,c1ccc2[nH]ccc2c1,7,61,-2.899
indole,c1ccc2[nH]ccc2c1,7,62,-2.804
indole,c1ccc2[nH]ccc2c1,7,63,-2.783
indole,c1ccc2[nH]ccc2c1,8,64,-4.365
indole,c1ccc2[nH]ccc2c1,8,65,-4.163
indole,c1ccc2[nH]ccc2c1,8,66,-4.084
indole,c1ccc2[nH]ccc2c1,8,67,-4.079
indole,c1ccc2[nH]ccc2c1,8,68,-4.047
indole,c1ccc2[nH]ccc2c1,8,69,-3.876
indole,c1ccc2[nH]ccc2c1,8,70,-3.732
indole,c1ccc2[nH]ccc2c1,8,71,-3.46
carbazole,c1ccc2c(c1)[nH]c1ccccc12,0,0,-2.378
carbazole,c1ccc2c(c1)[nH]c1ccccc12,0,1,-2.353
carbazole,c1ccc2c(c1)[nH]c1ccccc12,0,2,-2.277
carbazole,c1ccc2c(c1)[nH]c1ccccc12,0,3,-2.249
carbazole,c1ccc2c(c1)[nH]c1ccccc12,0,4,-2.123
carbazole,c1ccc2c(c1)[nH]c1ccccc12,0,5,-2.107
carbazole,c1ccc2c(c1)[nH]c1ccccc12,1,6,-6.554
carbazole,c1ccc2c(c1)[nH]c1ccccc12,1,7,-6.502
carbazole,c1ccc2c(c1)[nH]c1ccccc12,1,8,-5.118
carbazole,c1ccc2c(c1)[nH]c1ccccc12,1,9,-5.008
carbazole,c1ccc2c(c1)[nH]c1ccccc12,1,10,-5.0
carbazole,c1ccc2c(c1)[nH]c1ccccc12,1,11,-4.927
carbazole,c1ccc2c(c1)[nH]c1ccccc12,1,12,-4.562
carbazole,c1ccc2c(c1)[nH]c1ccccc12,2,13,-5.582
carbazole,c1ccc2c(c1)[nH]c1ccccc12,2,14,-5.511
carbazole,c1ccc2c(c1)[nH]c1ccccc12,2,15,-5.406
carbazole,c1ccc2c(c1)[nH]c1ccccc12,2,16,-5.304
carbazole,c1ccc2c(c1)[nH]c1ccccc12,2,17,-5.291
carbazole,c1ccc2c(c1)[nH]c1ccccc12,2,18,-5.251
carbazole,c1ccc2c(c1)[nH]c1ccccc12,2,19,-5.193
carbazole,c1ccc2c(c1)[nH]c1ccccc12,2,20,-5.126
carbazole,c1ccc2c(c1)[nH]c1ccccc12,3,21,-6.728
carbazole,c1ccc2c(c1)[nH]c1ccccc12,3,22,-6.615
carbazole,c1ccc2c(c1)[nH]c1ccccc12,3,23,-6.577
carbazole,c1ccc2c(c1)[nH]c1ccccc12,3,24,-6.55
carbazole,c1ccc2c(c1)[nH]c1ccccc12,3,25,-6.031
carbazole,c1ccc2c(c1)[nH]c1ccccc12,3,26,-5.962
carbazole,c1ccc2c(c1)[nH]c1ccccc12,3,27,-5.755
carbazole,c1ccc2c(c1)[nH]c1ccccc12,3,28,-5.742
carbazole,c1ccc2c(c1)[nH]c1ccccc12,3,29,-5.671
carbazole,c1ccc2c(c1)[nH]c1ccccc12,4,30,-7.21
carbazole,c1ccc2c(c1)[nH]c1ccccc12,4,31,-7.161
carbazole,c1ccc2c(c1)[nH]c1ccccc12,4,32,-6.981
carbazole,c1ccc2c(c1)[nH]c1ccccc12,4,33,-6.834
carbazole,c1ccc2c(c1)[nH]c1ccccc12,4,34,-6.748
carbazole,c1ccc2c(c1)[nH]c1ccccc12,4,35,-6.46
carbazole,c1ccc2c(c1)[nH]c1ccccc12,4,36,-6.451
carbazole,c1ccc2c(c1)[nH]c1ccccc12,4,37,-6.43
carbazole,c1ccc2c(c1)[nH]c1ccccc12,4,38,-6.129
carbazole,c1ccc2c(c1)[nH]c1ccccc12,5,39,-8.06
carbazole,c1ccc2c(c1)[nH]c1ccccc12,5,40,-7.928
carbazole,c1ccc2c(c1)[nH]c1ccccc12,5,41,-7.772
carbazole,c1ccc2c(c1)[nH]c1ccccc12,5,42,-7.767
carbazole,c1ccc2c(c1)[nH]c1ccccc12,5,43,-6.352
carbazole,c1ccc2c(c1)[nH]c1ccccc12,5,44,-5.105
carbazole,c1ccc2c(c1)[nH]c1ccccc12,6,45,-2.416
carbazole,c1ccc2c(c1)[nH]c1ccccc12,6,46,-2.167
carbazole,c1ccc2c(c1)[nH]c1ccccc12,6,47,-2.15
carbazole,c1ccc2c(c1)[nH]c1ccccc12,6,48,-2.088
carbazole,c1ccc2c(c1)[nH]c1ccccc12,6,49,-2.079
carbazole,c1ccc2c(c1)[nH]c1ccccc12,6,50,-2.057
carbazole,c1ccc2c(c1)[nH]c1ccccc12,6,51,-2.054
carbazole,c1ccc2c(c1)[nH]c1ccccc12,6,52,-2.05
carbazole,c1ccc2c(c1)[nH]c1ccccc12,7,53,-4.225
carbazole,c1ccc2c(c1)[nH]c1ccccc12,7,54,-4.165
carbazole,c1ccc2c(c1)[nH]c1ccccc12,7,55,-4.04
carbazole,c1ccc2c(c1)[nH]c1ccccc12,7,56,-3.972
carbazole,c1ccc2c(c1)[nH]c1ccccc12,7,57,-3.934
carbazole,c1ccc2c(c1)[nH]c1ccccc12,7,58,-3.828
carbazole,c1ccc2c(c1)[nH]c1ccccc12,7,59,-3.498
carbazole,c1ccc2c(c1)[nH]c1ccccc12,7,60,-3.483
carbazole,c1ccc2c(c1)[nH]c1ccccc12,7,61,-3.444
carbazole,c1ccc2c(c1)[nH]c1ccccc12,8,62,-5.3
carbazole,c1ccc2c(c1)[nH]c1ccccc12,8,63,-5.132
carbazole,c1ccc2c(c1)[nH]c1ccccc12,8,64,-5.091
carbazole,c1ccc2c(c1)[nH]c1ccccc12,8,65,-4.818
carbazole,c1ccc2c(c1)[nH]c1ccccc12,8,66,-4.58
carbazole,c1ccc2c(c1)[nH]c1ccccc12,8,67,-4.493
carbazole,c1ccc2c(c1)[nH]c1ccccc12,8,68,-4.414
carbazole,c1ccc2c(c1)[nH]c1ccccc12,8,69,-4.388
metolachlor,CCc1cccc(C)c1N(C(=O)CCl)C(C)COC,0,0,-2.202
metolachlor,CCc1cccc(C)c1N(C(=O)CCl)C(C)COC,0,1,-2.13
metolachlor,CCc1cccc(C)c1N(C(=O)CCl)C(C)COC,0,2,-2.011
metolachlor,CCc1cccc(C)c1N(C(=O)CCl)C(C)COC,0,3,-1.972
metolachlor,CCc1cccc(C)c1N(C(=O)CCl)C(C)COC,0,4,-1.968
metolachlor,CCc1cccc(C)c1N(C(=O)CCl)C(C)COC,0,5,-1.964
metolachlor,CCc1cccc(C)c1N(C(=O)CCl)C(C)COC,0,6,-1.959
metolachlor,CCc1cccc(C)c1N(C(=O)CCl)C(C)COC,0,7,-1.949
metolachlor,CCc1cccc(C)c1N(C(=O)CCl)C(C)COC,0,8,-1.928
metolachlor,CCc1cccc(C)c1N(C(=O)CCl)C(C)COC,1,9,-4.577
metolachlor,CCc1cccc(C)c1N(C(=O)CCl)C(C)COC,1,10,-4.408
metolachlor,CCc1cccc(C)c1N(C(=O)CCl)C(C)COC,1,11,-4.397
metolachlor,CCc1cccc(C)c1N(C(=O)CCl)C(C)COC,1,12,-4.231
metolachlor,CCc1cccc(C)c1N(C(=O)CCl)C(C)COC,1,13,-4.203
metolachlor,CCc1cccc(C)c1N(C(=O)CCl)C(C)COC,1,14,-4.081
metolachlor,CCc1cccc(C)c1N(C(=O)CCl)C(C)COC,1,15,-4.07
metolachlor,CCc1cccc(C)c1N(C(=O)CCl)C(C)COC,1,16,-4.059
metolachlor,CCc1cccc(C)c1N(C(=O)CCl)C(C)COC,1,17,-4.04
metolachlor,CCc1cccc(C)c1N(C(=O)CCl)C(C)COC,2,18,-4.187
metolachlor,CCc1cccc(C)c1N(C(=O)CCl)C(C)COC,2,19,-4.054
metolachlor,CCc1cccc(C)c1N(C(=O)CCl)C(C)COC,2,20,-3.964
metolachlor,CCc1cccc(C)c1N(C(=O)CCl)C(C)COC,2,21,-3.946
metolachlor,CCc1cccc(C)c1N(C(=O)CCl)C(C)COC,2,22,-3.945
metolachlor,CCc1cccc(C)c1N(C(=O)CCl)C(C)COC,2,23,-3.941
metolachlor,CCc1cccc(C)c1N(C(=O)CCl)C(C)COC,2,24,-3.935
metolachlor,CCc1cccc(C)c1N(C(=O)CCl)C(C)COC,2,25,-3.935
metolachlor,CCc1cccc(C)c1N(C(=O)CCl)C(C)COC,2,26,-3.897
metolachlor,CCc1cccc(C)c1N(C(=O)CCl)C(C)COC,3,27,-6.066
metolachlor,CCc1cccc(C)c1N(C(=O)CCl)C(C)COC,3,28,-5.954
metolachlor,CCc1cccc(C)c1N(C(=O)CCl)C(C)COC,3,29,-5.897
metolachlor,CCc1cccc(C)c1N(C(=O)CCl)C(C)COC,3,30,-5.505
metolachlor,CCc1cccc(C)c1N(C(=O)CCl)C(C)COC,3,31,-4.968
metolachlor,CCc1cccc(C)c1N(C(=O)CCl)C(C)COC,3,32,-4.796
metolachlor,CCc1cccc(C)c1N(C(=O)CCl)C(C)COC,3,33,-4.778
metolachlor,CCc1cccc(C)c1N(C(=O)CCl)C(C)COC,3,34,-4.774
metolachlor,CCc1cccc(C)c1N(C(=O)CCl)C(C)COC,4,35,-5.708
metolachlor,CCc1cccc(C)c1N(C(=O)CCl)C(C)COC,4,36,-5.525
metolachlor,CCc1cccc(C)c1N(C(=O)CCl)C(C)COC,4,37,-5.52
metolachlor,CCc1cccc(C)c1N(C(=O)CCl)C(C)COC,4,38,-5.47
metolachlor,CCc1cccc(C)c1N(C(=O)CCl)C(C)COC,4,39,-5.327
metolachlor,CCc1cccc(C)c1N(C(=O)CCl)C(C)COC,4,40,-5.285
metolachlor,CCc1cccc(C)c1N(C(=O)CCl)C(C)COC,4,41,-5.202
metolachlor,CCc1cccc(C)c1N(C(=O)CCl)C(C)COC,4,42,-5.162
metolachlor,CCc1cccc(C)c1N(C(=O)CCl)C(C)COC,4,43,-5.006
metolachlor,CCc1cccc(C)c1N(C(=O)CCl)C(C)COC,5,44,-4.462
metolachlor,CCc1cccc(C)c1N(C(=O)CCl)C(C)COC,5,45,-4.342
metolachlor,CCc1cccc(C)c1N(C(=O)CCl)C(C)COC,5,46,-4.327
metolachlor,CCc1cccc(C)c1N(C(=O)CCl)C(C)COC,5,47,-4.226
metolachlor,CCc1cccc(C)c1N(C(=O)CCl)C(C)COC,5,48,-4.004
metolachlor,CCc1cccc(C)c1N(C(=O)CCl)C(C)COC,5,49,-3.932
metolachlor,CCc1cccc(C)c1N(C(=O)CCl)C(C)COC,5,50,-3.884
metolachlor,CCc1cccc(C)c1N(C(=O)CCl)C(C)COC,5,51,-3.85
metolachlor,CCc1cccc(C)c1N(C(=O)CCl)C(C)COC,5,52,-3.82
metolachlor,CCc1cccc(C)c1N(C(=O)CCl)C(C)COC,6,53,-2.075
metolachlor,CCc1cccc(C)c1N(C(=O)CCl)C(C)COC,6,54,-1.818
metolachlor,CCc1cccc(C)c1N(C(=O)CCl)C(C)COC,6,55,-1.807
metolachlor,CCc1cccc(C)c1N(C(=O)CCl)C(C)COC,6,56,-1.755
metolachlor,CCc1cccc(C)c1N(C(=O)CCl)C(C)COC,6,57,-1.728
metolachlor,CCc1cccc(C)c1N(C(=O)CCl)C(C)COC,6,58,-1.684
metolachlor,CCc1cccc(C)c1N(C(=O)CCl)C(C)COC,6,59,-1.667
metolachlor,CCc1cccc(C)c1N(C(=O)CCl)C(C)COC,6,60,-1.649
metolachlor,CCc1cccc(C)c1N(C(=O)CCl)C(C)COC,6,61,-1.644
metolachlor,CCc1cccc(C)c1N(C(=O)CCl)C(C)COC,7,62,-3.457
metolachlor,CCc1cccc(C)c1N(C(=O)CCl)C(C)COC,7,63,-3.321
metolachlor,CCc1cccc(C)c1N(C(=O)CCl)C(C)COC,7,64,-3.177
metolachlor,CCc1cccc(C)c1N(C(=O)CCl)C(C)COC,7,65,-3.105
metolachlor,CCc1cccc(C)c1N(C(=O)CCl)C(C)COC,7,66,-3.018
metolachlor,CCc1cccc(C)c1N(C(=O)CCl)C(C)COC,7,67,-3.014
metolachlor,CCc1cccc(C)c1N(C(=O)CCl)C(C)COC,7,68,-2.982
metolachlor,CCc1cccc(C)c1N(C(=O)CCl)C(C)COC,7,69,-2.974
metolachlor,CCc1cccc(C)c1N(C(=O)CCl)C(C)COC,8,70,-3.812
metolachlor,CCc1cccc(C)c1N(C(=O)CCl)C(C)COC,8,71,-3.765
metolachlor,CCc1cccc(C)c1N(C(=O)CCl)C(C)COC,8,72,-3.739
metolachlor,CCc1cccc(C)c1N(C(=O)CCl)C(C)COC,8,73,-3.727
metolachlor,CCc1cccc(C)c1N(C(=O)CCl)C(C)COC,8,74,-3.727
metolachlor,CCc1cccc(C)c1N(C(=O)CCl)C(C)COC,8,75,-3.707
metolachlor,CCc1cccc(C)c1N(C(=O)CCl)C(C)COC,8,76,-3.669
atrazine,CCNc1nc(Cl)nc(NC(C)C)n1,0,0,-2.362
atrazine,CCNc1nc(Cl)nc(NC(C)C)n1,0,1,-2.361
atrazine,CCNc1nc(Cl)nc(NC(C)C)n1,0,2,-2.35
atrazine,CCNc1nc(Cl)nc(NC(C)C)n1,0,3,-2.3
atrazine,CCNc1nc(Cl)nc(NC(C)C)n1,0,4,-2.2
atrazine,CCNc1nc(Cl)nc(NC(C)C)n1,0,5,-2.187
atrazine,CCNc1nc(Cl)nc(NC(C)C)n1,0,6,-2.162
atrazine,CCNc1nc(Cl)nc(NC(C)C)n1,0,7,-2.12
atrazine,CCNc1nc(Cl)nc(NC(C)C)n1,0,8,-2.085
atrazine,CCNc1nc(Cl)nc(NC(C)C)n1,1,9,-5.26
atrazine,CCNc1nc(Cl)nc(NC(C)C)n1,1,10,-4.598
atrazine,CCNc1nc(Cl)nc(NC(C)C)n1,1,11,-4.596
atrazine,CCNc1nc(Cl)nc(NC(C)C)n1,1,12,-4.137
atrazine,CCNc1nc(Cl)nc(NC(C)C)n1,1,13,-4.07
atrazine,CCNc1nc(Cl)nc(NC(C)C)n1,1,14,-4.036
atrazine,CCNc1nc(Cl)nc(NC(C)C)n1,1,15,-4.01
atrazine,CCNc1nc(Cl)nc(NC(C)C)n1,1,16,-3.989
atrazine,CCNc1nc(Cl)nc(NC(C)C)n1,1,17,-3.91
atrazine,CCNc1nc(Cl)nc(NC(C)C)n1,2,18,-3.99
atrazine,CCNc1nc(Cl)nc(NC(C)C)n1,2,19,-3.889
atrazine,CCNc1nc(Cl)nc(NC(C)C)n1,2,20,-3.888
atrazine,CCNc1nc(Cl)nc(NC(C)C)n1,2,21,-3.86
atrazine,CCNc1nc(Cl)nc(NC(C)C)n1,2,22,-3.837
atrazine,CCNc1nc(Cl)nc(NC(C)C)n1,2,23,-3.823
atrazine,CCNc1nc(Cl)nc(NC(C)C)n1,2,24,-3.72
atrazine,CCNc1nc(Cl)nc(NC(C)C)n1,2,25,-3.677
atrazine,CCNc1nc(Cl)nc(NC(C)C)n1,3,26,-5.015
atrazine,CCNc1nc(Cl)nc(NC(C)C)n1,3,27,-4.735
atrazine,CCNc1nc(Cl)nc(NC(C)C)n1,3,28,-4.484
atrazine,CCNc1nc(Cl)nc(NC(C)C)n1,3,29,-4.422
atrazine,CCNc1nc(Cl)nc(NC(C)C)n1,3,30,-4.217
atrazine,CCNc1nc(Cl)nc(NC(C)C)n1,3,31,-4.187
atrazine,CCNc1nc(Cl)nc(NC(C)C)n1,3,32,-4.181
atrazine,CCNc1nc(Cl)nc(NC(C)C)n1,3,33,-4.006
atrazine,CCNc1nc(Cl)nc(NC(C)C)n1,3,34,-3.975
atrazine,CCNc1nc(Cl)nc(NC(C)C)n1,4,35,-6.087
atrazine,CCNc1nc(Cl)nc(NC(C)C)n1,4,36,-5.972
atrazine,CCNc1nc(Cl)nc(NC(C)C)n1,4,37,-5.926
atrazine,CCNc1nc(Cl)nc(NC(C)C)n1,4,38,-5.84
atrazine,CCNc1nc(Cl)nc(NC(C)C)n1,4,39,-5.762
atrazine,CCNc1nc(Cl)nc(NC(C)C)n1,4,40,-5.561
atrazine,CCNc1nc(Cl)nc(NC(C)C)n1,4,41,-5.276
atrazine,CCNc1nc(Cl)nc(NC(C)C)n1,4,42,-5.125
atrazine,CCNc1nc(Cl)nc(NC(C)C)n1,4,43,-5.1
atrazine,CCNc1nc(Cl)nc(NC(C)C)n1,5,44,-5.648
atrazine,CCNc1nc(Cl)nc(NC(C)C)n1,5,45,-5.62
atrazine,CCNc1nc(Cl)nc(NC(C)C)n1,5,46,-5.516
atrazine,CCNc1nc(Cl)nc(NC(C)C)n1,5,47,-5.185
atrazine,CCNc1nc(Cl)nc(NC(C)C)n1,5,48,-4.662
atrazine,CCNc1nc(Cl)nc(NC(C)C)n1,5,49,-4.638
atrazine,CCNc1nc(Cl)nc(NC(C)C)n1,5,50,-4.496
atrazine,CCNc1nc(Cl)nc(NC(C)C)n1,5,51,-4.487
atrazine,CCNc1nc(Cl)nc(NC(C)C)n1,5,52,-4.336
atrazine,CCNc1nc(Cl)nc(NC(C)C)n1,6,53,-1.88
atrazine,CCNc1nc(Cl)nc(NC(C)C)n1,6,54,-1.774
atrazine,CCNc1nc(Cl)nc(NC(C)C)n1,6,55,-1.773
atrazine,CCNc1nc(Cl)nc(NC(C)C)n1,6,56,-1.73
atrazine,CCNc1nc(Cl)nc(NC(C)C)n1,6,57,-1.703
atrazine,CCNc1nc(Cl)nc(NC(C)C)n1,6,58,-1.683
atrazine,CCNc1nc(Cl)nc(NC(C)C)n1,6,59,-1.58
atrazine,CCNc1nc(Cl)nc(NC(C)C)n1,6,60,-1.569
atrazine,CCNc1nc(Cl)nc(NC(C)C)n1,6,61,-1.537
atrazine,CCNc1nc(Cl)nc(NC(C)C)n1,7,62,-3.495
atrazine,CCNc1nc(Cl)nc(NC(C)C)n1,7,63,-3.456
atrazine,CCNc1nc(Cl)nc(NC(C)C)n1,7,64,-3.385
atrazine,CCNc1nc(Cl)nc(NC(C)C)n1,7,65,-3.356
atrazine,CCNc1nc(Cl)nc(NC(C)C)n1,7,66,-3.254
atrazine,CCNc1nc(Cl)nc(NC(C)C)n1,7,67,-3.172
atrazine,CCNc1nc(Cl)nc(NC(C)C)n1,7,68,-3.123
atrazine,CCNc1nc(Cl)nc(NC(C)C)n1,7,69,-3.097
atrazine,CCNc1nc(Cl)nc(NC(C)C)n1,8,70,-4.108
atrazine,CCNc1nc(Cl)nc(NC(C)C)n1,8,71,-4.1
atrazine,CCNc1nc(Cl)nc(NC(C)C)n1,8,72,-4.012
atrazine,CCNc1nc(Cl)nc(NC(C)C)n1,8,73,-3.972
atrazine,CCNc1nc(Cl)nc(NC(C)C)n1,8,74,-3.944
atrazine,CCNc1nc(Cl)nc(NC(C)C)n1,8,75,-3.834
atrazine,CCNc1nc(Cl)nc(NC(C)C)n1,8,76,-3.763
diazepam,CN1C(=O)CN=C(c2ccccc2)c2cc(Cl)ccc21,0,0,-1.794
diazepam,CN1C(=O)CN=C(c2ccccc2)c2cc(Cl)ccc21,0,1,-1.697
diazepam,CN1C(=O)CN=C(c2ccccc2)c2cc(Cl)ccc21,0,2,-1.685
diazepam,CN1C(=O)CN=C(c2ccccc2)c2cc(Cl)ccc21,0,3,-1.545
diazepam,CN1C(=O)CN=C(c2ccccc2)c2cc(Cl)ccc21,0,4,-1.521
diazepam,CN1C(=O)CN=C(c2ccccc2)c2cc(Cl)ccc21,0,5,-1.499
diazepam,CN1C(=O)CN=C(c2ccccc2)c2cc(Cl)ccc21,0,6,-1.498
diazepam,CN1C(=O)CN=C(c2ccccc2)c2cc(Cl)ccc21,1,7,-4.232
diazepam,CN1C(=O)CN=C(c2ccccc2)c2cc(Cl)ccc21,1,8,-4.117
diazepam,CN1C(=O)CN=C(c2ccccc2)c2cc(Cl)ccc21,1,9,-4.041
diazepam,CN1C(=O)CN=C(c2ccccc2)c2cc(Cl)ccc21,1,10,-3.963
diazepam,CN1C(=O)CN=C(c2ccccc2)c2cc(Cl)ccc21,1,11,-3.845
diazepam,CN1C(=O)CN=C(c2ccccc2)c2cc(Cl)ccc21,1,12,-3.823
diazepam,CN1C(=O)CN=C(c2ccccc2)c2cc(Cl)ccc21,1,13,-3.765
diazepam,CN1C(=O)CN=C(c2ccccc2)c2cc(Cl)ccc21,1,14,-3.764
diazepam,CN1C(=O)CN=C(c2ccccc2)c2cc(Cl)ccc21,1,15,-3.747
diazepam,CN1C(=O)CN=C(c2ccccc2)c2cc(Cl)ccc21,2,16,-4.009
diazepam,CN1C(=O)CN=C(c2ccccc2)c2cc(Cl)ccc21,2,17,-3.972
diazepam,CN1C(=O)CN=C(c2ccccc2)c2cc(Cl)ccc21,2,18,-3.898
diazepam,CN1C(=O)CN=C(c2ccccc2)c2cc(Cl)ccc21,2,19,-3.884
diazepam,CN1C(=O)CN=C(c2ccccc2)c2cc(Cl)ccc21,2,20,-3.878
diazepam,CN1C(=O)CN=C(c2ccccc2)c2cc(Cl)ccc21,2,21,-3.826
diazepam,CN1C(=O)CN=C(c2ccccc2)c2cc(Cl)ccc21,2,22,-3.809
diazepam,CN1C(=O)CN=C(c2ccccc2)c2cc(Cl)ccc21,2,23,-3.753
diazepam,CN1C(=O)CN=C(c2ccccc2)c2cc(Cl)ccc21,3,24,-4.339
diazepam,CN1C(=O)CN=C(c2ccccc2)c2cc(Cl)ccc21,3,25,-4.103
diazepam,CN1C(=O)CN=C(c2ccccc2)c2cc(Cl)ccc21,3,26,-3.937
diazepam,CN1C(=O)CN=C(c2ccccc2)c2cc(Cl)ccc21,3,27,-3.919
diazepam,CN1C(=O)CN=C(c2ccccc2)c2cc(Cl)ccc21,3,28,-3.873
diazepam,CN1C(=O)CN=C(c2ccccc2)c2cc(Cl)ccc21,3,29,-3.862
diazepam,CN1C(=O)CN=C(c2ccccc2)c2cc(Cl)ccc21,3,30,-3.856
diazepam,CN1C(=O)CN=C(c2ccccc2)c2cc(Cl)ccc21,3,31,-3.823
diazepam,CN1C(=O)CN=C(c2ccccc2)c2cc(Cl)ccc21,3,32,-3.807
diazepam,CN1C(=O)CN=C(c2ccccc2)c2cc(Cl)ccc21,4,33,-5.44
diazepam,CN1C(=O)CN=C(c2ccccc2)c2cc(Cl)ccc21,4,34,-5.124
diazepam,CN1C(=O)CN=C(c2ccccc2)c2cc(Cl)ccc21,4,35,-5.01
diazepam,CN1C(=O)CN=C(c2ccccc2)c2cc(Cl)ccc21,4,36,-4.902
diazepam,CN1C(=O)CN=C(c2ccccc2)c2cc(Cl)ccc21,4,37,-4.871
diazepam,CN1C(=O)CN=C(c2ccccc2)c2cc(Cl)ccc21,4,38,-4.774
diazepam,CN1C(=O)CN=C(c2ccccc2)c2cc(Cl)ccc21,4,39,-4.667
diazepam,CN1C(=O)CN=C(c2ccccc2)c2cc(Cl)ccc21,4,40,-4.569
diazepam,CN1C(=O)CN=C(c2ccccc2)c2cc(Cl)ccc21,4,41,-4.55
diazepam,CN1C(=O)CN=C(c2ccccc2)c2cc(Cl)ccc21,5,42,-4.191
diazepam,CN1C(=O)CN=C(c2ccccc2)c2cc(Cl)ccc21,5,43,-4.032
diazepam,CN1C(=O)CN=C(c2ccccc2)c2cc(Cl)ccc21,5,44,-3.859
diazepam,CN1C(=O)CN=C(c2ccccc2)c2cc(Cl)ccc21,5,45,-3.847
diazepam,CN1C(=O)CN=C(c2ccccc2)c2cc(Cl)ccc21,5,46,-3.845
diazepam,CN1C(=O)CN=C(c2ccccc2)c2cc(Cl)ccc21,5,47,-3.823
diazepam,CN1C(=O)CN=C(c2ccccc2)c2cc(Cl)ccc21,5,48,-3.797
diazepam,CN1C(=O)CN=C(c2ccccc2)c2cc(Cl)ccc21,6,49,-1.509
diazepam,CN1C(=O)CN=C(c2ccccc2)c2cc(Cl)ccc21,6,50,-1.489
diazepam,CN1C(=O)CN=C(c2ccccc2)c2cc(Cl)ccc21,6,51,-1.482
diazepam,CN1C(=O)CN=C(c2ccccc2)c2cc(Cl)ccc21,6,52,-1.423
diazepam,CN1C(=O)CN=C(c2ccccc2)c2cc(Cl)ccc21,6,53,-1.359
diazepam,CN1C(=O)CN=C(c2ccccc2)c2cc(Cl)ccc21,6,54,-1.35
diazepam,CN1C(=O)CN=C(c2ccccc2)c2cc(Cl)ccc21,6,55,-1.305
diazepam,CN1C(=O)CN=C(c2ccccc2)c2cc(Cl)ccc21,6,56,-1.276
diazepam,CN1C(=O)CN=C(c2ccccc2)c2cc(Cl)ccc21,6,57,-1.258
diazepam,CN1C(=O)CN=C(c2ccccc2)c2cc(Cl)ccc21,7,58,-3.231
diazepam,CN1C(=O)CN=C(c2ccccc2)c2cc(Cl)ccc21,7,59,-3.045
diazepam,CN1C(=O)CN=C(c2ccccc2)c2cc(Cl)ccc21,7,60,-2.858
diazepam,CN1C(=O)CN=C(c2ccccc2)c2cc(Cl)ccc21,7,61,-2.803
diazepam,CN1C(=O)CN=C(c2ccccc2)c2cc(Cl)ccc21,7,62,-2.794
diazepam,CN1C(=O)CN=C(c2ccccc2)c2cc(Cl)ccc21,7,63,-2.769
diazepam,CN1C(=O)CN=C(c2ccccc2)c2cc(Cl)ccc21,7,64,-2.769
diazepam,CN1C(=O)CN=C(c2ccccc2)c2cc(Cl)ccc21,7,65,-2.755
diazepam,CN1C(=O)CN=C(c2ccccc2)c2cc(Cl)ccc21,7,66,-2.754
diazepam,CN1C(=O)CN=C(c2ccccc2)c2cc(Cl)ccc21,8,67,-3.717
diazepam,CN1C(=O)CN=C(c2ccccc2)c2cc(Cl)ccc21,8,68,-3.603
diazepam,CN1C(=O)CN=C(c2ccccc2)c2cc(Cl)ccc21,8,69,-3.593
diazepam,CN1C(=O)CN=C(c2ccccc2)c2cc(Cl)ccc21,8,70,-3.569
diazepam,CN1C(=O)CN=C(c2ccccc2)c2cc(Cl)ccc21,8,71,-3.349
diazepam,CN1C(=O)CN=C(c2ccccc2)c2cc(Cl)ccc21,8,72,-3.331
diazepam,CN1C(=O)CN=C(c2ccccc2)c2cc(Cl)ccc21,8,73,-3.331
diazepam,CN1C(=O)CN=C(c2ccccc2)c2cc(Cl)ccc21,8,74,-3.295
diazepam,CN1C(=O)CN=C(c2ccccc2)c2cc(Cl)ccc21,8,75,-3.194
estrone,CC12CCC3c4ccc(O)cc4CCC3C1CCC2=O,0,0,-2.742
estrone,CC12CCC3c4ccc(O)cc4CCC3C1CCC2=O,0,1,-2.716
estrone,CC12CCC3c4ccc(O)cc4CCC3C1CCC2=O,0,2,-2.584
estrone,CC12CCC3c4ccc(O)cc4CCC3C1CCC2=O,0,3,-2.578
estrone,CC12CCC3c4ccc(O)cc4CCC3C1CCC2=O,0,4,-2.508
estrone,CC12CCC3c4ccc(O)cc4CCC3C1CCC2=O,0,5,-2.506
estrone,CC12CCC3c4ccc(O)cc4CCC3C1CCC2=O,0,6,-2.459
estrone,CC12CCC3c4ccc(O)cc4CCC3C1CCC2=O,0,7,-2.456
estrone,CC12CCC3c4ccc(O)cc4CCC3C1CCC2=O,1,8,-6.773
estrone,CC12CCC3c4ccc(O)cc4CCC3C1CCC2=O,1,9,-6.333
estrone,CC12CCC3c4ccc(O)cc4CCC3C1CCC2=O,1,10,-6.194
estrone,CC12CCC3c4ccc(O)cc4CCC3C1CCC2=O,1,11,-6.153
estrone,CC12CCC3c4ccc(O)cc4CCC3C1CCC2=O,1,12,-5.942
estrone,CC12CCC3c4ccc(O)cc4CCC3C1CCC2=O,1,13,-5.887
estrone,CC12CCC3c4ccc(O)cc4CCC3C1CCC2=O,1,14,-5.773
estrone,CC12CCC3c4ccc(O)cc4CCC3C1CCC2=O,2,15,-6.708
estrone,CC12CCC3c4ccc(O)cc4CCC3C1CCC2=O,2,16,-6.646
estrone,CC12CCC3c4ccc(O)cc4CCC3C1CCC2=O,2,17,-6.614
estrone,CC12CCC3c4ccc(O)cc4CCC3C1CCC2=O,2,18,-6.369
estrone,CC12CCC3c4ccc(O)cc4CCC3C1CCC2=O,2,19,-5.805
estrone,CC12CCC3c4ccc(O)cc4CCC3C1CCC2=O,2,20,-5.718
estrone,CC12CCC3c4ccc(O)cc4CCC3C1CCC2=O,2,21,-5.705
estrone,CC12CCC3c4ccc(O)cc4CCC3C1CCC2=O,3,22,-6.504
estrone,CC12CCC3c4ccc(O)cc4CCC3C1CCC2=O,3,23,-6.439
estrone,CC12CCC3c4ccc(O)cc4CCC3C1CCC2=O,3,24,-6.08
estrone,CC12CCC3c4ccc(O)cc4CCC3C1CCC2=O,3,25,-6.034
estrone,CC12CCC3c4ccc(O)cc4CCC3C1CCC2=O,3,26,-6.029
estrone,CC12CCC3c4ccc(O)cc4CCC3C1CCC2=O,3,27,-5.928
estrone,CC12CCC3c4ccc(O)cc4CCC3C1CCC2=O,3,28,-5.92
estrone,CC12CCC3c4ccc(O)cc4CCC3C1CCC2=O,3,29,-5.873
estrone,CC12CCC3c4ccc(O)cc4CCC3C1CCC2=O,4,30,-8.499
estrone,CC12CCC3c4ccc(O)cc4CCC3C1CCC2=O,4,31,-8.232
estrone,CC12CCC3c4ccc(O)cc4CCC3C1CCC2=O,4,32,-7.789
estrone,CC12CCC3c4ccc(O)cc4CCC3C1CCC2=O,4,33,-7.65
estrone,CC12CCC3c4ccc(O)cc4CCC3C1CCC2=O,4,34,-7.529
estrone,CC12CCC3c4ccc(O)cc4CCC3C1CCC2=O,4,35,-7.5
estrone,CC12CCC3c4ccc(O)cc4CCC3C1CCC2=O,4,36,-7.152
estrone,CC12CCC3c4ccc(O)cc4CCC3C1CCC2=O,4,37,-7.148
estrone,CC12CCC3c4ccc(O)cc4CCC3C1CCC2=O,5,38,-6.144
estrone,CC12CCC3c4ccc(O)cc4CCC3C1CCC2=O,5,39,-6.083
estrone,CC12CCC3c4ccc(O)cc4CCC3C1CCC2=O,5,40,-5.767
estrone,CC12CCC3c4ccc(O)cc4CCC3C1CCC2=O,5,41,-5.706
estrone,CC12CCC3c4ccc(O)cc4CCC3C1CCC2=O,5,42,-5.632
estrone,CC12CCC3c4ccc(O)cc4CCC3C1CCC2=O,5,43,-5.583
estrone,CC12CCC3c4ccc(O)cc4CCC3C1CCC2=O,5,44,-5.525
estrone,CC12CCC3c4ccc(O)cc4CCC3C1CCC2=O,5,45,-5.415
estrone,CC12CCC3c4ccc(O)cc4CCC3C1CCC2=O,5,46,-5.382
estrone,CC12CCC3c4ccc(O)cc4CCC3C1CCC2=O,6,47,-2.811
estrone,CC12CCC3c4ccc(O)cc4CCC3C1CCC2=O,6,48,-2.631
estrone,CC12CCC3c4ccc(O)cc4CCC3C1CCC2=O,6,49,-2.589
estrone,CC12CCC3c4ccc(O)cc4CCC3C1CCC2=O,6,50,-2.584
estrone,CC12CCC3c4ccc(O)cc4CCC3C1CCC2=O,6,51,-2.556
estrone,CC12CCC3c4ccc(O)cc4CCC3C1CCC2=O,6,52,-2.413
estrone,CC12CCC3c4ccc(O)cc4CCC3C1CCC2=O,7,53,-4.695
estrone,CC12CCC3c4ccc(O)cc4CCC3C1CCC2=O,7,54,-4.546
estrone,CC12CCC3c4ccc(O)cc4CCC3C1CCC2=O,7,55,-4.382
estrone,CC12CCC3c4ccc(O)cc4CCC3C1CCC2=O,7,56,-4.333
estrone,CC12CCC3c4ccc(O)cc4CCC3C1CCC2=O,7,57,-4.302
estrone,CC12CCC3c4ccc(O)cc4CCC3C1CCC2=O,7,58,-4.222
estrone,CC12CCC3c4ccc(O)cc4CCC3C1CCC2=O,7,59,-4.198
estrone,CC12CCC3c4ccc(O)cc4CCC3C1CCC2=O,7,60,-4.169
estrone,CC12CCC3c4ccc(O)cc4CCC3C1CCC2=O,7,61,-4.093
estrone,CC12CCC3c4ccc(O)cc4CCC3C1CCC2=O,8,62,-5.495
estrone,CC12CCC3c4ccc(O)cc4CCC3C1CCC2=O,8,63,-5.292
estrone,CC12CCC3c4ccc(O)cc4CCC3C1CCC2=O,8,64,-5.07
estrone,CC12CCC3c4ccc(O)cc4CCC3C1CCC2=O,8,65,-5.049
estrone,CC12CCC3c4ccc(O)cc4CCC3C1CCC2=O,8,66,-4.873
estrone,CC12CCC3c4ccc(O)cc4CCC3C1CCC2=O,8,67,-4.872
estrone,CC12CCC3c4ccc(O)cc4CCC3C1CCC2=O,8,68,-4.87
estrone,CC12CCC3c4ccc(O)cc4CCC3C1CCC2=O,8,69,-4.836
estrone,CC12CCC3c4ccc(O)cc4CCC3C1CCC2=O,8,70,-4.785
endosulfan α,O=S1OCC2C(CO1)C1(Cl)C(Cl)=C(Cl)C2(Cl)C1(Cl)Cl,0,0,-1.446
endosulfan α,O=S1OCC2C(CO1)C1(Cl)C(Cl)=C(Cl)C2(Cl)C1(Cl)Cl,0,1,-1.422
endosulfan α,O=S1OCC2C(CO1)C1(Cl)C(Cl)=C(Cl)C2(Cl)C1(Cl)Cl,0,2,-1.376
endosulfan α,O=S1OCC2C(CO1)C1(Cl)C(Cl)=C(Cl)C2(Cl)C1(Cl)Cl,0,3,-1.354
endosulfan α,O=S1OCC2C(CO1)C1(Cl)C(Cl)=C(Cl)C2(Cl)C1(Cl)Cl,0,4,-1.301
endosulfan α,O=S1OCC2C(CO1)C1(Cl)C(Cl)=C(Cl)C2(Cl)C1(Cl)Cl,0,5,-1.236
endosulfan α,O=S1OCC2C(CO1)C1(Cl)C(Cl)=C(Cl)C2(Cl)C1(Cl)Cl,0,6,-1.216
endosulfan α,O=S1OCC2C(CO1)C1(Cl)C(Cl)=C(Cl)C2(Cl)C1(Cl)Cl,0,7,-1.209
endosulfan α,O=S1OCC2C(CO1)C1(Cl)C(Cl)=C(Cl)C2(Cl)C1(Cl)Cl,0,8,-1.192
endosulfan α,O=S1OCC2C(CO1)C1(Cl)C(Cl)=C(Cl)C2(Cl)C1(Cl)Cl,1,9,-3.379
endosulfan α,O=S1OCC2C(CO1)C1(Cl)C(Cl)=C(Cl)C2(Cl)C1(Cl)Cl,1,10,-3.22
endosulfan α,O=S1OCC2C(CO1)C1(Cl)C(Cl)=C(Cl)C2(Cl)C1(Cl)Cl,1,11,-3.155
endosulfan α,O=S1OCC2C(CO1)C1(Cl)C(Cl)=C(Cl)C2(Cl)C1(Cl)Cl,1,12,-3.083
endosulfan α,O=S1OCC2C(CO1)C1(Cl)C(Cl)=C(Cl)C2(Cl)C1(Cl)Cl,1,13,-3.059
endosulfan α,O=S1OCC2C(CO1)C1(Cl)C(Cl)=C(Cl)C2(Cl)C1(Cl)Cl,1,14,-3.046
endosulfan α,O=S1OCC2C(CO1)C1(Cl)C(Cl)=C(Cl)C2(Cl)C1(Cl)Cl,1,15,-3.031
endosulfan α,O=S1OCC2C(CO1)C1(Cl)C(Cl)=C(Cl)C2(Cl)C1(Cl)Cl,1,16,-2.993
endosulfan α,O=S1OCC2C(CO1)C1(Cl)C(Cl)=C(Cl)C2(Cl)C1(Cl)Cl,1,17,-2.972
endosulfan α,O=S1OCC2C(CO1)C1(Cl)C(Cl)=C(Cl)C2(Cl)C1(Cl)Cl,2,18,-3.726
endosulfan α,O=S1OCC2C(CO1)C1(Cl)C(Cl)=C(Cl)C2(Cl)C1(Cl)Cl,2,19,-3.492
endosulfan α,O=S1OCC2C(CO1)C1(Cl)C(Cl)=C(Cl)C2(Cl)C1(Cl)Cl,2,20,-3.478
endosulfan α,O=S1OCC2C(CO1)C1(Cl)C(Cl)=C(Cl)C2(Cl)C1(Cl)Cl,2,21,-3.346
endosulfan α,O=S1OCC2C(CO1)C1(Cl)C(Cl)=C(Cl)C2(Cl)C1(Cl)Cl,2,22,-3.278
endosulfan α,O=S1OCC2C(CO1)C1(Cl)C(Cl)=C(Cl)C2(Cl)C1(Cl)Cl,2,23,-3.267
endosulfan α,O=S1OCC2C(CO1)C1(Cl)C(Cl)=C(Cl)C2(Cl)C1(Cl)Cl,2,24,-3.093
endosulfan α,O=S1OCC2C(CO1)C1(Cl)C(Cl)=C(Cl)C2(Cl)C1(Cl)Cl,2,25,-3.025
endosulfan α,O=S1OCC2C(CO1)C1(Cl)C(Cl)=C(Cl)C2(Cl)C1(Cl)Cl,3,26,-3.161
endosulfan α,O=S1OCC2C(CO1)C1(Cl)C(Cl)=C(Cl)C2(Cl)C1(Cl)Cl,3,27,-3.072
endosulfan α,O=S1OCC2C(CO1)C1(Cl)C(Cl)=C(Cl)C2(Cl)C1(Cl)Cl,3,28,-3.028
endosulfan α,O=S1OCC2C(CO1)C1(Cl)C(Cl)=C(Cl)C2(Cl)C1(Cl)Cl,3,29,-2.945
endosulfan α,O=S1OCC2C(CO1)C1(Cl)C(Cl)=C(Cl)C2(Cl)C1(Cl)Cl,3,30,-2.931
endosulfan α,O=S1OCC2C(CO1)C1(Cl)C(Cl)=C(Cl)C2(Cl)C1(Cl)Cl,3,31,-2.911
endosulfan α,O=S1OCC2C(CO1)C1(Cl)C(Cl)=C(Cl)C2(Cl)C1(Cl)Cl,3,32,-2.904
endosulfan α,O=S1OCC2C(CO1)C1(Cl)C(Cl)=C(Cl)C2(Cl)C1(Cl)Cl,3,33,-2.84
endosulfan α,O=S1OCC2C(CO1)C1(Cl)C(Cl)=C(Cl)C2(Cl)C1(Cl)Cl,4,34,-5.071
endosulfan α,O=S1OCC2C(CO1)C1(Cl)C(Cl)=C(Cl)C2(Cl)C1(Cl)Cl,4,35,-4.953
endosulfan α,O=S1OCC2C(CO1)C1(Cl)C(Cl)=C(Cl)C2(Cl)C1(Cl)Cl,4,36,-4.502
endosulfan α,O=S1OCC2C(CO1)C1(Cl)C(Cl)=C(Cl)C2(Cl)C1(Cl)Cl,4,37,-4.082
endosulfan α,O=S1OCC2C(CO1)C1(Cl)C(Cl)=C(Cl)C2(Cl)C1(Cl)Cl,4,38,-4.047
endosulfan α,O=S1OCC2C(CO1)C1(Cl)C(Cl)=C(Cl)C2(Cl)C1(Cl)Cl,4,39,-3.923
endosulfan α,O=S1OCC2C(CO1)C1(Cl)C(Cl)=C(Cl)C2(Cl)C1(Cl)Cl,4,40,-3.768
endosulfan α,O=S1OCC2C(CO1)C1(Cl)C(Cl)=C(Cl)C2(Cl)C1(Cl)Cl,4,41,-3.671
endosulfan α,O=S1OCC2C(CO1)C1(Cl)C(Cl)=C(Cl)C2(Cl)C1(Cl)Cl,4,42,-3.603
endosulfan α,O=S1OCC2C(CO1)C1(Cl)C(Cl)=C(Cl)C2(Cl)C1(Cl)Cl,5,43,-3.892
endosulfan α,O=S1OCC2C(CO1)C1(Cl)C(Cl)=C(Cl)C2(Cl)C1(Cl)Cl,5,44,-3.821
endosulfan α,O=S1OCC2C(CO1)C1(Cl)C(Cl)=C(Cl)C2(Cl)C1(Cl)Cl,5,45,-3.773
endosulfan α,O=S1OCC2C(CO1)C1(Cl)C(Cl)=C(Cl)C2(Cl)C1(Cl)Cl,5,46,-3.767
endosulfan α,O=S1OCC2C(CO1)C1(Cl)C(Cl)=C(Cl)C2(Cl)C1(Cl)Cl,5,47,-3.644
endosulfan α,O=S1OCC2C(CO1)C1(Cl)C(Cl)=C(Cl)C2(Cl)C1(Cl)Cl,5,48,-3.535
endosulfan α,O=S1OCC2C(CO1)C1(Cl)C(Cl)=C(Cl)C2(Cl)C1(Cl)Cl,5,49,-3.422
endosulfan α,O=S1OCC2C(CO1)C1(Cl)C(Cl)=C(Cl)C2(Cl)C1(Cl)Cl,5,50,-3.42
endosulfan α,O=S1OCC2C(CO1)C1(Cl)C(Cl)=C(Cl)C2(Cl)C1(Cl)Cl,5,51,-3.403
endosulfan α,O=S1OCC2C(CO1)C1(Cl)C(Cl)=C(Cl)C2(Cl)C1(Cl)Cl,6,52,-1.259
endosulfan α,O=S1OCC2C(CO1)C1(Cl)C(Cl)=C(Cl)C2(Cl)C1(Cl)Cl,6,53,-1.199
endosulfan α,O=S1OCC2C(CO1)C1(Cl)C(Cl)=C(Cl)C2(Cl)C1(Cl)Cl,6,54,-1.122
endosulfan α,O=S1OCC2C(CO1)C1(Cl)C(Cl)=C(Cl)C2(Cl)C1(Cl)Cl,6,55,-1.119
endosulfan α,O=S1OCC2C(CO1)C1(Cl)C(Cl)=C(Cl)C2(Cl)C1(Cl)Cl,6,56,-1.114
endosulfan α,O=S1OCC2C(CO1)C1(Cl)C(Cl)=C(Cl)C2(Cl)C1(Cl)Cl,6,57,-0.973
endosulfan α,O=S1OCC2C(CO1)C1(Cl)C(Cl)=C(Cl)C2(Cl)C1(Cl)Cl,6,58,-0.838
endosulfan α,O=S1OCC2C(CO1)C1(Cl)C(Cl)=C(Cl)C2(Cl)C1(Cl)Cl,6,59,-0.829
endosulfan α,O=S1OCC2C(CO1)C1(Cl)C(Cl)=C(Cl)C2(Cl)C1(Cl)Cl,6,60,-0.749
endosulfan α,O=S1OCC2C(CO1)C1(Cl)C(Cl)=C(Cl)C2(Cl)C1(Cl)Cl,7,61,-2.693
endosulfan α,O=S1OCC2C(CO1)C1(Cl)C(Cl)=C(Cl)C2(Cl)C1(Cl)Cl,7,62,-2.626
endosulfan α,O=S1OCC2C(CO1)C1(Cl)C(Cl)=C(Cl)C2(Cl)C1(Cl)Cl,7,63,-2.45
endosulfan α,O=S1OCC2C(CO1)C1(Cl)C(Cl)=C(Cl)C2(Cl)C1(Cl)Cl,7,64,-2.264
endosulfan α,O=S1OCC2C(CO1)C1(Cl)C(Cl)=C(Cl)C2(Cl)C1(Cl)Cl,7,65,-2.255
endosulfan α,O=S1OCC2C(CO1)C1(Cl)C(Cl)=C(Cl)C2(Cl)C1(Cl)Cl,7,66,-2.236
endosulfan α,O=S1OCC2C(CO1)C1(Cl)C(Cl)=C(Cl)C2(Cl)C1(Cl)Cl,7,67,-2.22
endosulfan α,O=S1OCC2C(CO1)C1(Cl)C(Cl)=C(Cl)C2(Cl)C1(Cl)Cl,7,68,-2.193
endosulfan α,O=S1OCC2C(CO1)C1(Cl)C(Cl)=C(Cl)C2(Cl)C1(Cl)Cl,7,69,-2.14
endosulfan α,O=S1OCC2C(CO1)C1(Cl)C(Cl)=C(Cl)C2(Cl)C1(Cl)Cl,8,70,-3.126
endosulfan α,O=S1OCC2C(CO1)C1(Cl)C(Cl)=C(Cl)C2(Cl)C1(Cl)Cl,8,71,-2.83
endosulfan α,O=S1OCC2C(CO1)C1(Cl)C(Cl)=C(Cl)C2(Cl)C1(Cl)Cl,8,72,-2.802
endosulfan α,O=S1OCC2C(CO1)C1(Cl)C(Cl)=C(Cl)C2(Cl)C1(Cl)Cl,8,73,-2.733
endosulfan α,O=S1OCC2C(CO1)C1(Cl)C(Cl)=C(Cl)C2(Cl)C1(Cl)Cl,8,74,-2.689
endosulfan α,O=S1OCC2C(CO1)C1(Cl)C(Cl)=C(Cl)C2(Cl)C1(Cl)Cl,8,75,-2.685
endosulfan α,O=S1OCC2C(CO1)C1(Cl)C(Cl)=C(Cl)C2(Cl)C1(Cl)Cl,8,76,-2.668
endosulfan α,O=S1OCC2C(CO1)C1(Cl)C(Cl)=C(Cl)C2(Cl)C1(Cl)Cl,8,77,-2.649
endosulfan α,O=S1OCC2C(CO1)C1(Cl)C(Cl)=C(Cl)C2(Cl)C1(Cl)Cl,8,78,-2.645
